' looking for alignment labels ''.
idealForDigi' IGNORING alignment labels 'fakeForIdeal'.
Finds tag HCAL : 1
Finds tag ZDC : 1
Finds tag CASTOR : 1
Finds tag EcalBarrel : 1
Finds tag EcalEndcap : 1
Finds tag EcalPreshower : 1
Finds tag TOWER : 1
%MSG-i HCAL:  (NoModuleName) 09-Feb-2026 14:36:44 CET pre-events
CaloTowerTopologyEP::CaloTowerTopologyEP
%MSG
' looking for alignment labels ''.
idealForDigi' IGNORING alignment labels 'fakeForIdeal'.
%MSG-i Alignments:  (NoModuleName) FakeAlignmentProducer()  09-Feb-2026 14:36:44 CET pre-events
Providing data with label 'fakeForIdeal'.
%MSG
%MSG-i SiPixelQualityESProducer:  (NoModuleName) 09-Feb-2026 14:36:44 CET  pre-events
Module = "" (appendToDataLabel = "", siPixelQualityFromDbLabel = "")
%MSG
%MSG-i SiStripBackPlaneCorrectionDepESProducer:  (NoModuleName)  09-Feb-2026 14:36:44 CET pre-events
ctor
%MSG
%MSG-i SiStripLorentzAngleDepESProducer:  (NoModuleName)  09-Feb-2026 14:36:44 CET pre-events
ctor
%MSG
%MSG-i SiStripQualityESProducer:  (NoModuleName) 09-Feb-2026 14:36:44 CET  pre-events
ctor
%MSG
%MSG-i SiStripQualityESProducer:  (NoModuleName) 09-Feb-2026 14:36:44 CET  pre-events
[SiStripQualityESProducer::ctor] Going to get data from record SiStripDetVOffRcd with tag 
%MSG
%MSG-i SiStripQualityESProducer:  (NoModuleName) 09-Feb-2026 14:36:44 CET  pre-events
[SiStripQualityESProducer::ctor] Going to get data from record SiStripDetCablingRcd with tag 
%MSG
%MSG-i SiStripQualityESProducer:  (NoModuleName) 09-Feb-2026 14:36:44 CET  pre-events
[SiStripQualityESProducer::ctor] Going to get data from record RunInfoRcd with tag 
%MSG
%MSG-i SiStripQualityESProducer:  (NoModuleName) 09-Feb-2026 14:36:44 CET  pre-events
[SiStripQualityESProducer::ctor] Going to get data from record SiStripBadChannelRcd with tag 
%MSG
%MSG-i SiStripQualityESProducer:  (NoModuleName) 09-Feb-2026 14:36:44 CET  pre-events
[SiStripQualityESProducer::ctor] Going to get data from record SiStripBadFiberRcd with tag 
%MSG
%MSG-i SiStripQualityESProducer:  (NoModuleName) 09-Feb-2026 14:36:44 CET  pre-events
[SiStripQualityESProducer::ctor] Going to get data from record SiStripBadModuleRcd with tag 
%MSG
%MSG-i SiStripQualityESProducer:  (NoModuleName) 09-Feb-2026 14:36:44 CET  pre-events
[SiStripQualityESProducer::ctor] Going to get data from record SiStripBadStripRcd with tag 
%MSG
%MSG-i Geometry:  (NoModuleName) TrackerDigiGeometryESModule()  09-Feb-2026 14:36:44 CET pre-events
Label 'idealForDigi' IGNORING alignment labels 'fakeForIdeal'.
%MSG
%MSG-i Geometry:  (NoModuleName) TrackerDigiGeometryESModule()  09-Feb-2026 14:36:44 CET pre-events
Label '' looking for alignment labels ''.
%MSG
TrackerGeometricDetESModule::fromDDD 0  fromDD4hep 0
%MSG-i TRACKER:  (NoModuleName) 09-Feb-2026 14:36:44 CET pre-events
TrackerTopologyEP::TrackerTopologyEP
%MSG
%MSG-i StatisticsSenderService:  file_open 09-Feb-2026 14:36:45 CET pre-events
openingFile: opening file:/scratch/nandan/step5_RAW2DIGI_L1Reco_RECO.root

%MSG
09-Feb-2026 14:36:45 CET  Initiating request to open file file:/scratch/nandan/step5_RAW2DIGI_L1Reco_RECO.root
09-Feb-2026 14:36:45 CET  Successfully opened file file:/scratch/nandan/step5_RAW2DIGI_L1Reco_RECO.root
%MSG-i EventSetupDependency:  AfterModConstruction 09-Feb-2026 14:36:45 CET  pre-events
The EventSetup record CastorDbRecord depends on at least one Record 
 (CastorGainsRcd, CastorQIEDataRcd, CastorPedestalsRcd, CastorGainWidthsRcd, CastorChannelQualityRcd, CastorElectronicsMapRcd, CastorPedestalWidthsRcd) which is not present in the job.
 This may lead to an exception begin thrown during event processing.
 If no exception occurs during the job than it is usually safe to ignore this message.
%MSG
%MSG-i EventSetupDependency:  AfterModConstruction 09-Feb-2026 14:36:45 CET  pre-events
The EventSetup record SiStripGainRcd depends on at least one Record 
 (SiStripApvGain3Rcd) which is not present in the job.
 This may lead to an exception begin thrown during event processing.
 If no exception occurs during the job than it is usually safe to ignore this message.
%MSG
%MSG-i EventSetupDependency:  AfterModConstruction 09-Feb-2026 14:36:45 CET  pre-events
The EventSetup record HcalRespCorrsRcd depends on at least one Record 
 (HBHEDarkeningRecord) which is not present in the job.
 This may lead to an exception begin thrown during event processing.
 If no exception occurs during the job than it is usually safe to ignore this message.
%MSG
%MSG-i EventSetupDependency:  AfterModConstruction 09-Feb-2026 14:36:45 CET  pre-events
The EventSetup record TkPixelCPERecord depends on at least one Record 
 (SiPixelTemplateDBObjectESProducerRcd, SiPixel2DTemplateDBObjectESProducerRcd) which is not present in the job.
 This may lead to an exception begin thrown during event processing.
 If no exception occurs during the job than it is usually safe to ignore this message.
%MSG
%MSG-i EventSetupDependency:  AfterModConstruction 09-Feb-2026 14:36:45 CET  pre-events
The EventSetup record SiStripQualityRcd depends on at least one Record 
 (SiStripDCSStatusRcd) which is not present in the job.
 This may lead to an exception begin thrown during event processing.
 If no exception occurs during the job than it is usually safe to ignore this message.
%MSG
%MSG-i EventSetupDependency:  AfterModConstruction 09-Feb-2026 14:36:45 CET  pre-events
The EventSetup record ZDCGeometryRecord depends on at least one Record 
 (ZDCAlignmentRcd, ZDCAlignmentErrorRcd, ZDCAlignmentErrorExtendedRcd) which is not present in the job.
 This may lead to an exception begin thrown during event processing.
 If no exception occurs during the job than it is usually safe to ignore this message.
%MSG
%MSG-i EventSetupDependency:  AfterModConstruction 09-Feb-2026 14:36:45 CET  pre-events
The EventSetup record CaloGeometryRecord depends on at least one Record 
 (HGCalGeometryRecord) which is not present in the job.
 This may lead to an exception begin thrown during event processing.
 If no exception occurs during the job than it is usually safe to ignore this message.
%MSG
%MSG-i EventSetupDependency:  AfterModConstruction 09-Feb-2026 14:36:45 CET  pre-events
The EventSetup record HcalGeometryRecord depends on at least one Record 
 (HcalAlignmentErrorRcd, HcalAlignmentErrorExtendedRcd) which is not present in the job.
 This may lead to an exception begin thrown during event processing.
 If no exception occurs during the job than it is usually safe to ignore this message.
%MSG
%MSG-i EventSetupDependency:  AfterModConstruction 09-Feb-2026 14:36:45 CET  pre-events
The EventSetup record MuonGeometryRecord depends on at least one Record 
 (GeometryFileRcd, ME0RecoGeometryRcd, DTAlignmentErrorRcd, MuonNumberingRecord, CSCAlignmentErrorRcd, DDSpecParRegistryRcd, GEMAlignmentErrorRcd) which is not present in the job.
 This may lead to an exception begin thrown during event processing.
 If no exception occurs during the job than it is usually safe to ignore this message.
%MSG
%MSG-i EventSetupDependency:  AfterModConstruction 09-Feb-2026 14:36:45 CET  pre-events
The EventSetup record EcalLaserDbRecordMC depends on at least one Record 
 (EcalLaserAPDPNRatiosMCRcd) which is not present in the job.
 This may lead to an exception begin thrown during event processing.
 If no exception occurs during the job than it is usually safe to ignore this message.
%MSG
%MSG-i EventSetupDependency:  AfterModConstruction 09-Feb-2026 14:36:45 CET  pre-events
The EventSetup record IdealGeometryRecord depends on at least one Record 
 (GeometryFileRcd) which is not present in the job.
 This may lead to an exception begin thrown during event processing.
 If no exception occurs during the job than it is usually safe to ignore this message.
%MSG
%MSG-i EventSetupDependency:  AfterModConstruction 09-Feb-2026 14:36:45 CET  pre-events
The EventSetup record L1TCaloParamsO2ORcd depends on at least one Record 
 (L1TriggerKeyExtRcd, L1TriggerKeyListExtRcd) which is not present in the job.
 This may lead to an exception begin thrown during event processing.
 If no exception occurs during the job than it is usually safe to ignore this message.
%MSG
%MSG-i EventSetupDependency:  AfterModConstruction 09-Feb-2026 14:36:45 CET  pre-events
The EventSetup record CastorGeometryRecord depends on at least one Record 
 (PCastorRcd, CastorAlignmentRcd, CastorAlignmentErrorRcd, CastorAlignmentErrorExtendedRcd) which is not present in the job.
 This may lead to an exception begin thrown during event processing.
 If no exception occurs during the job than it is usually safe to ignore this message.
%MSG
%MSG-i EventSetupDependency:  AfterModConstruction 09-Feb-2026 14:36:45 CET  pre-events
The EventSetup record TransientRecHitRecord depends on at least one Record 
 (TkPhase2OTCPERecord) which is not present in the job.
 This may lead to an exception begin thrown during event processing.
 If no exception occurs during the job than it is usually safe to ignore this message.
%MSG
%MSG-i EventSetupDependency:  AfterModConstruction 09-Feb-2026 14:36:45 CET  pre-events
The EventSetup record CaloTowerGeometryRecord depends on at least one Record 
 (CaloTowerAlignmentRcd, CaloTowerAlignmentErrorRcd, CaloTowerAlignmentErrorExtendedRcd) which is not present in the job.
 This may lead to an exception begin thrown during event processing.
 If no exception occurs during the job than it is usually safe to ignore this message.
%MSG
%MSG-i EventSetupDependency:  AfterModConstruction 09-Feb-2026 14:36:45 CET  pre-events
The EventSetup record L1GctJetFinderParamsRcd depends on at least one Record 
 (L1CaloGeometryRecord) which is not present in the job.
 This may lead to an exception begin thrown during event processing.
 If no exception occurs during the job than it is usually safe to ignore this message.
%MSG
%MSG-i EventSetupDependency:  AfterModConstruction 09-Feb-2026 14:36:45 CET  pre-events
The EventSetup record EcalBarrelGeometryRecord depends on at least one Record 
 (EBAlignmentErrorRcd, EBAlignmentErrorExtendedRcd) which is not present in the job.
 This may lead to an exception begin thrown during event processing.
 If no exception occurs during the job than it is usually safe to ignore this message.
%MSG
%MSG-i EventSetupDependency:  AfterModConstruction 09-Feb-2026 14:36:45 CET  pre-events
The EventSetup record EcalEndcapGeometryRecord depends on at least one Record 
 (EEAlignmentErrorRcd, EEAlignmentErrorExtendedRcd) which is not present in the job.
 This may lead to an exception begin thrown during event processing.
 If no exception occurs during the job than it is usually safe to ignore this message.
%MSG
%MSG-i EventSetupDependency:  AfterModConstruction 09-Feb-2026 14:36:45 CET  pre-events
The EventSetup record EcalPreshowerGeometryRecord depends on at least one Record 
 (ESAlignmentErrorRcd, ESAlignmentErrorExtendedRcd) which is not present in the job.
 This may lead to an exception begin thrown during event processing.
 If no exception occurs during the job than it is usually safe to ignore this message.
%MSG
%MSG-i EventSetupDependency:  AfterModConstruction 09-Feb-2026 14:36:45 CET  pre-events
The EventSetup record GlobalTrackingGeometryRecord depends on at least one Record 
 (MTDDigiGeometryRecord) which is not present in the job.
 This may lead to an exception begin thrown during event processing.
 If no exception occurs during the job than it is usually safe to ignore this message.
%MSG
%MSG-i EventSetupDependency:  AfterModConstruction 09-Feb-2026 14:36:45 CET  pre-events
The EventSetup record DTT0Rcd depends on at least one Record 
 (MuonNumberingRecord) which is not present in the job.
 This may lead to an exception begin thrown during event processing.
 If no exception occurs during the job than it is usually safe to ignore this message.
%MSG
%MSG-i CondDBESSource:  PostBeginProcessBlock 09-Feb-2026 14:36:45 CET  PostBeginProcessBlock
Getting data for record "DTMtimeRcd" to be consumed on Run: 382216 - Lumiblock:0 - Timestamp: 7382394804334179328; from CondDBESSource::setIntervalFor
%MSG
%MSG-i CondDBESSource:  PostBeginProcessBlock 09-Feb-2026 14:36:45 CET  PostBeginProcessBlock
Processing record "DTMtimeRcd" and label "" for run: 382216 lumi: 0 event: 0, timestamp: 7382394804334179328; from CondDBESSource::setIntervalFor
%MSG
%MSG-i CondDBESSource:  PostBeginProcessBlock 09-Feb-2026 14:36:45 CET  PostBeginProcessBlock
Validity coming from IOV sequence for record "DTMtimeRcd" and label "": (321476, 18446744073709551615) for time (type: runnumber) 382216; from CondDBESSource::setIntervalFor
%MSG
%MSG-i CondDBESSource:  PostBeginProcessBlock 09-Feb-2026 14:36:45 CET  PostBeginProcessBlock
Setting validity for record "DTMtimeRcd" and corresponding label(s): starting at run: 321476 lumi: 0 event: 0, timestamp: 0, ending at run: 4294967295 lumi: 4294967295 event: 18446744073709551615, timestamp: 0, for run: 382216 lumi: 0 event: 0, timestamp: 7382394804334179328; from CondDBESSource::setIntervalFor
%MSG
%MSG-i CondDBESSource:  PostBeginProcessBlock 09-Feb-2026 14:36:45 CET  PostBeginProcessBlock
Getting data for record "DTTtrigRcd" to be consumed on Run: 382216 - Lumiblock:0 - Timestamp: 7382394804334179328; from CondDBESSource::setIntervalFor
%MSG
%MSG-i CondDBESSource:  PostBeginProcessBlock 09-Feb-2026 14:36:45 CET  PostBeginProcessBlock
Processing record "DTTtrigRcd" and label "" for run: 382216 lumi: 0 event: 0, timestamp: 7382394804334179328; from CondDBESSource::setIntervalFor
%MSG
%MSG-i CondDBESSource:  PostBeginProcessBlock 09-Feb-2026 14:36:45 CET  PostBeginProcessBlock
Validity coming from IOV sequence for record "DTTtrigRcd" and label "": (381340, 18446744073709551615) for time (type: runnumber) 382216; from CondDBESSource::setIntervalFor
%MSG
%MSG-i CondDBESSource:  PostBeginProcessBlock 09-Feb-2026 14:36:45 CET  PostBeginProcessBlock
Processing record "DTTtrigRcd" and label "cosmics" for run: 382216 lumi: 0 event: 0, timestamp: 7382394804334179328; from CondDBESSource::setIntervalFor
%MSG
%MSG-i CondDBESSource:  PostBeginProcessBlock 09-Feb-2026 14:36:45 CET  PostBeginProcessBlock
Validity coming from IOV sequence for record "DTTtrigRcd" and label "cosmics": (314782, 18446744073709551615) for time (type: runnumber) 382216; from CondDBESSource::setIntervalFor
%MSG
%MSG-i CondDBESSource:  PostBeginProcessBlock 09-Feb-2026 14:36:45 CET  PostBeginProcessBlock
Setting validity for record "DTTtrigRcd" and corresponding label(s): starting at run: 381340 lumi: 0 event: 0, timestamp: 0, ending at run: 4294967295 lumi: 4294967295 event: 18446744073709551615, timestamp: 0, for run: 382216 lumi: 0 event: 0, timestamp: 7382394804334179328; from CondDBESSource::setIntervalFor
%MSG
%MSG-i CondDBESSource:  PostBeginProcessBlock 09-Feb-2026 14:36:45 CET  PostBeginProcessBlock
Getting data for record "GEMeMapRcd" to be consumed on Run: 382216 - Lumiblock:0 - Timestamp: 7382394804334179328; from CondDBESSource::setIntervalFor
%MSG
%MSG-i CondDBESSource:  PostBeginProcessBlock 09-Feb-2026 14:36:45 CET  PostBeginProcessBlock
Processing record "GEMeMapRcd" and label "" for run: 382216 lumi: 0 event: 0, timestamp: 7382394804334179328; from CondDBESSource::setIntervalFor
%MSG
%MSG-i CondDBESSource:  PostBeginProcessBlock 09-Feb-2026 14:36:45 CET  PostBeginProcessBlock
Validity coming from IOV sequence for record "GEMeMapRcd" and label "": (334924, 18446744073709551615) for time (type: runnumber) 382216; from CondDBESSource::setIntervalFor
%MSG
%MSG-i CondDBESSource:  PostBeginProcessBlock 09-Feb-2026 14:36:45 CET  PostBeginProcessBlock
Setting validity for record "GEMeMapRcd" and corresponding label(s): starting at run: 334924 lumi: 0 event: 0, timestamp: 0, ending at run: 4294967295 lumi: 4294967295 event: 18446744073709551615, timestamp: 0, for run: 382216 lumi: 0 event: 0, timestamp: 7382394804334179328; from CondDBESSource::setIntervalFor
%MSG
%MSG-i CondDBESSource:  PostBeginProcessBlock 09-Feb-2026 14:36:45 CET  PostBeginProcessBlock
Getting data for record "LHCInfoRcd" to be consumed on Run: 382216 - Lumiblock:0 - Timestamp: 7382394804334179328; from CondDBESSource::setIntervalFor
%MSG
%MSG-i CondDBESSource:  PostBeginProcessBlock 09-Feb-2026 14:36:45 CET  PostBeginProcessBlock
Processing record "LHCInfoRcd" and label "" for run: 382216 lumi: 0 event: 0, timestamp: 7382394804334179328; from CondDBESSource::setIntervalFor
%MSG
%MSG-i CondDBESSource:  PostBeginProcessBlock 09-Feb-2026 14:36:45 CET  PostBeginProcessBlock
Validity coming from IOV sequence for record "LHCInfoRcd" and label "": (7368882566637551616, 18446744073709551615) for time (type: timestamp) 7382394804334179328; from CondDBESSource::setIntervalFor
%MSG
%MSG-i CondDBESSource:  PostBeginProcessBlock 09-Feb-2026 14:36:45 CET  PostBeginProcessBlock
Setting validity for record "LHCInfoRcd" and corresponding label(s): starting at run: 0 lumi: 0 event: 0, timestamp: 7368882566637551616, ending at run: 0 lumi: 0 event: 0, timestamp: 18446744073709551615, for run: 382216 lumi: 0 event: 0, timestamp: 7382394804334179328; from CondDBESSource::setIntervalFor
%MSG
%MSG-i CondDBESSource:  PostBeginProcessBlock 09-Feb-2026 14:36:45 CET  PostBeginProcessBlock
Getting data for record "RPCEMapRcd" to be consumed on Run: 382216 - Lumiblock:0 - Timestamp: 7382394804334179328; from CondDBESSource::setIntervalFor
%MSG
%MSG-i CondDBESSource:  PostBeginProcessBlock 09-Feb-2026 14:36:45 CET  PostBeginProcessBlock
Processing record "RPCEMapRcd" and label "" for run: 382216 lumi: 0 event: 0, timestamp: 7382394804334179328; from CondDBESSource::setIntervalFor
%MSG
%MSG-i CondDBESSource:  PostBeginProcessBlock 09-Feb-2026 14:36:45 CET  PostBeginProcessBlock
Validity coming from IOV sequence for record "RPCEMapRcd" and label "": (1, 18446744073709551615) for time (type: runnumber) 382216; from CondDBESSource::setIntervalFor
%MSG
%MSG-i CondDBESSource:  PostBeginProcessBlock 09-Feb-2026 14:36:45 CET  PostBeginProcessBlock
Setting validity for record "RPCEMapRcd" and corresponding label(s): starting at run: 1 lumi: 0 event: 0, timestamp: 0, ending at run: 4294967295 lumi: 4294967295 event: 18446744073709551615, timestamp: 0, for run: 382216 lumi: 0 event: 0, timestamp: 7382394804334179328; from CondDBESSource::setIntervalFor
%MSG
%MSG-i CondDBESSource:  PostBeginProcessBlock 09-Feb-2026 14:36:45 CET  PostBeginProcessBlock
Getting data for record "RunInfoRcd" to be consumed on Run: 382216 - Lumiblock:0 - Timestamp: 7382394804334179328; from CondDBESSource::setIntervalFor
%MSG
%MSG-i CondDBESSource:  PostBeginProcessBlock 09-Feb-2026 14:36:45 CET  PostBeginProcessBlock
Processing record "RunInfoRcd" and label "" for run: 382216 lumi: 0 event: 0, timestamp: 7382394804334179328; from CondDBESSource::setIntervalFor
%MSG
%MSG-i CondDBESSource:  PostBeginProcessBlock 09-Feb-2026 14:36:45 CET  PostBeginProcessBlock
Validity coming from IOV sequence for record "RunInfoRcd" and label "": (382216, 382216) for time (type: runnumber) 382216; from CondDBESSource::setIntervalFor
%MSG
%MSG-i CondDBESSource:  PostBeginProcessBlock 09-Feb-2026 14:36:45 CET  PostBeginProcessBlock
Setting validity for record "RunInfoRcd" and corresponding label(s): starting at run: 382216 lumi: 0 event: 0, timestamp: 0, ending at run: 382216 lumi: 4294967295 event: 18446744073709551615, timestamp: 0, for run: 382216 lumi: 0 event: 0, timestamp: 7382394804334179328; from CondDBESSource::setIntervalFor
%MSG
%MSG-i CondDBESSource:  PostBeginProcessBlock 09-Feb-2026 14:36:45 CET  PostBeginProcessBlock
Getting data for record "GEMChMapRcd" to be consumed on Run: 382216 - Lumiblock:0 - Timestamp: 7382394804334179328; from CondDBESSource::setIntervalFor
%MSG
%MSG-i CondDBESSource:  PostBeginProcessBlock 09-Feb-2026 14:36:45 CET  PostBeginProcessBlock
Processing record "GEMChMapRcd" and label "" for run: 382216 lumi: 0 event: 0, timestamp: 7382394804334179328; from CondDBESSource::setIntervalFor
%MSG
%MSG-i CondDBESSource:  PostBeginProcessBlock 09-Feb-2026 14:36:45 CET  PostBeginProcessBlock
Validity coming from IOV sequence for record "GEMChMapRcd" and label "": (380249, 391847) for time (type: runnumber) 382216; from CondDBESSource::setIntervalFor
%MSG
%MSG-i CondDBESSource:  PostBeginProcessBlock 09-Feb-2026 14:36:45 CET  PostBeginProcessBlock
Setting validity for record "GEMChMapRcd" and corresponding label(s): starting at run: 380249 lumi: 0 event: 0, timestamp: 0, ending at run: 391847 lumi: 4294967295 event: 18446744073709551615, timestamp: 0, for run: 382216 lumi: 0 event: 0, timestamp: 7382394804334179328; from CondDBESSource::setIntervalFor
%MSG
%MSG-i CondDBESSource:  PostBeginProcessBlock 09-Feb-2026 14:36:45 CET  PostBeginProcessBlock
Getting data for record "HeavyIonRcd" to be consumed on Run: 382216 - Lumiblock:0 - Timestamp: 7382394804334179328; from CondDBESSource::setIntervalFor
%MSG
%MSG-i CondDBESSource:  PostBeginProcessBlock 09-Feb-2026 14:36:45 CET  PostBeginProcessBlock
Processing record "HeavyIonRcd" and label "HFhits" for run: 382216 lumi: 0 event: 0, timestamp: 7382394804334179328; from CondDBESSource::setIntervalFor
%MSG
%MSG-i CondDBESSource:  PostBeginProcessBlock 09-Feb-2026 14:36:45 CET  PostBeginProcessBlock
Validity coming from IOV sequence for record "HeavyIonRcd" and label "HFhits": (181502, 18446744073709551615) for time (type: runnumber) 382216; from CondDBESSource::setIntervalFor
%MSG
%MSG-i CondDBESSource:  PostBeginProcessBlock 09-Feb-2026 14:36:45 CET  PostBeginProcessBlock
Processing record "HeavyIonRcd" and label "HFtowers" for run: 382216 lumi: 0 event: 0, timestamp: 7382394804334179328; from CondDBESSource::setIntervalFor
%MSG
%MSG-i CondDBESSource:  PostBeginProcessBlock 09-Feb-2026 14:36:45 CET  PostBeginProcessBlock
Validity coming from IOV sequence for record "HeavyIonRcd" and label "HFtowers": (262736, 18446744073709551615) for time (type: runnumber) 382216; from CondDBESSource::setIntervalFor
%MSG
%MSG-i CondDBESSource:  PostBeginProcessBlock 09-Feb-2026 14:36:45 CET  PostBeginProcessBlock
Processing record "HeavyIonRcd" and label "PixelHits" for run: 382216 lumi: 0 event: 0, timestamp: 7382394804334179328; from CondDBESSource::setIntervalFor
%MSG
%MSG-i CondDBESSource:  PostBeginProcessBlock 09-Feb-2026 14:36:45 CET  PostBeginProcessBlock
Validity coming from IOV sequence for record "HeavyIonRcd" and label "PixelHits": (181501, 18446744073709551615) for time (type: runnumber) 382216; from CondDBESSource::setIntervalFor
%MSG
%MSG-i CondDBESSource:  PostBeginProcessBlock 09-Feb-2026 14:36:45 CET  PostBeginProcessBlock
Processing record "HeavyIonRcd" and label "PixelTracks" for run: 382216 lumi: 0 event: 0, timestamp: 7382394804334179328; from CondDBESSource::setIntervalFor
%MSG
%MSG-i CondDBESSource:  PostBeginProcessBlock 09-Feb-2026 14:36:45 CET  PostBeginProcessBlock
Validity coming from IOV sequence for record "HeavyIonRcd" and label "PixelTracks": (1, 18446744073709551615) for time (type: runnumber) 382216; from CondDBESSource::setIntervalFor
%MSG
%MSG-i CondDBESSource:  PostBeginProcessBlock 09-Feb-2026 14:36:45 CET  PostBeginProcessBlock
Processing record "HeavyIonRcd" and label "Tracks" for run: 382216 lumi: 0 event: 0, timestamp: 7382394804334179328; from CondDBESSource::setIntervalFor
%MSG
%MSG-i CondDBESSource:  PostBeginProcessBlock 09-Feb-2026 14:36:45 CET  PostBeginProcessBlock
Validity coming from IOV sequence for record "HeavyIonRcd" and label "Tracks": (1, 18446744073709551615) for time (type: runnumber) 382216; from CondDBESSource::setIntervalFor
%MSG
%MSG-i CondDBESSource:  PostBeginProcessBlock 09-Feb-2026 14:36:45 CET  PostBeginProcessBlock
Setting validity for record "HeavyIonRcd" and corresponding label(s): starting at run: 262736 lumi: 0 event: 0, timestamp: 0, ending at run: 4294967295 lumi: 4294967295 event: 18446744073709551615, timestamp: 0, for run: 382216 lumi: 0 event: 0, timestamp: 7382394804334179328; from CondDBESSource::setIntervalFor
%MSG
%MSG-i CondDBESSource:  PostBeginProcessBlock 09-Feb-2026 14:36:45 CET  PostBeginProcessBlock
Getting data for record "CSCDDUMapRcd" to be consumed on Run: 382216 - Lumiblock:0 - Timestamp: 7382394804334179328; from CondDBESSource::setIntervalFor
%MSG
%MSG-i CondDBESSource:  PostBeginProcessBlock 09-Feb-2026 14:36:45 CET  PostBeginProcessBlock
Processing record "CSCDDUMapRcd" and label "" for run: 382216 lumi: 0 event: 0, timestamp: 7382394804334179328; from CondDBESSource::setIntervalFor
%MSG
%MSG-i CondDBESSource:  PostBeginProcessBlock 09-Feb-2026 14:36:45 CET  PostBeginProcessBlock
Validity coming from IOV sequence for record "CSCDDUMapRcd" and label "": (1, 18446744073709551615) for time (type: runnumber) 382216; from CondDBESSource::setIntervalFor
%MSG
%MSG-i CondDBESSource:  PostBeginProcessBlock 09-Feb-2026 14:36:45 CET  PostBeginProcessBlock
Setting validity for record "CSCDDUMapRcd" and corresponding label(s): starting at run: 1 lumi: 0 event: 0, timestamp: 0, ending at run: 4294967295 lumi: 4294967295 event: 18446744073709551615, timestamp: 0, for run: 382216 lumi: 0 event: 0, timestamp: 7382394804334179328; from CondDBESSource::setIntervalFor
%MSG
%MSG-i CondDBESSource:  PostBeginProcessBlock 09-Feb-2026 14:36:45 CET  PostBeginProcessBlock
Getting data for record "HcalGainsRcd" to be consumed on Run: 382216 - Lumiblock:0 - Timestamp: 7382394804334179328; from CondDBESSource::setIntervalFor
%MSG
%MSG-i CondDBESSource:  PostBeginProcessBlock 09-Feb-2026 14:36:45 CET  PostBeginProcessBlock
Processing record "HcalGainsRcd" and label "" for run: 382216 lumi: 0 event: 0, timestamp: 7382394804334179328; from CondDBESSource::setIntervalFor
%MSG
%MSG-i CondDBESSource:  PostBeginProcessBlock 09-Feb-2026 14:36:45 CET  PostBeginProcessBlock
Validity coming from IOV sequence for record "HcalGainsRcd" and label "": (380852, 387472) for time (type: runnumber) 382216; from CondDBESSource::setIntervalFor
%MSG
%MSG-i CondDBESSource:  PostBeginProcessBlock 09-Feb-2026 14:36:45 CET  PostBeginProcessBlock
Setting validity for record "HcalGainsRcd" and corresponding label(s): starting at run: 380852 lumi: 0 event: 0, timestamp: 0, ending at run: 387472 lumi: 4294967295 event: 18446744073709551615, timestamp: 0, for run: 382216 lumi: 0 event: 0, timestamp: 7382394804334179328; from CondDBESSource::setIntervalFor
%MSG
%MSG-i CondDBESSource:  PostBeginProcessBlock 09-Feb-2026 14:36:45 CET  PostBeginProcessBlock
Getting data for record "IdealGeometryRecord" to be consumed on Run: 382216 - Lumiblock:0 - Timestamp: 7382394804334179328; from CondDBESSource::setIntervalFor
%MSG
%MSG-i CondDBESSource:  PostBeginProcessBlock 09-Feb-2026 14:36:45 CET  PostBeginProcessBlock
Processing record "IdealGeometryRecord" and label "" for run: 382216 lumi: 0 event: 0, timestamp: 7382394804334179328; from CondDBESSource::setIntervalFor
%MSG
%MSG-i CondDBESSource:  PostBeginProcessBlock 09-Feb-2026 14:36:45 CET  PostBeginProcessBlock
Validity coming from IOV sequence for record "IdealGeometryRecord" and label "": (347532, 18446744073709551615) for time (type: runnumber) 382216; from CondDBESSource::setIntervalFor
%MSG
%MSG-i CondDBESSource:  PostBeginProcessBlock 09-Feb-2026 14:36:45 CET  PostBeginProcessBlock
Setting validity for record "IdealGeometryRecord" and corresponding label(s): starting at run: 347532 lumi: 0 event: 0, timestamp: 0, ending at run: 4294967295 lumi: 4294967295 event: 18446744073709551615, timestamp: 0, for run: 382216 lumi: 0 event: 0, timestamp: 7382394804334179328; from CondDBESSource::setIntervalFor
%MSG
%MSG-i CondDBESSource:  PostBeginProcessBlock 09-Feb-2026 14:36:45 CET  PostBeginProcessBlock
Getting data for record "HcalParametersRcd" to be consumed on Run: 382216 - Lumiblock:0 - Timestamp: 7382394804334179328; from CondDBESSource::setIntervalFor
%MSG
%MSG-i CondDBESSource:  PostBeginProcessBlock 09-Feb-2026 14:36:45 CET  PostBeginProcessBlock
Processing record "HcalParametersRcd" and label "" for run: 382216 lumi: 0 event: 0, timestamp: 7382394804334179328; from CondDBESSource::setIntervalFor
%MSG
%MSG-i CondDBESSource:  PostBeginProcessBlock 09-Feb-2026 14:36:45 CET  PostBeginProcessBlock
Validity coming from IOV sequence for record "HcalParametersRcd" and label "": (347532, 18446744073709551615) for time (type: runnumber) 382216; from CondDBESSource::setIntervalFor
%MSG
%MSG-i CondDBESSource:  PostBeginProcessBlock 09-Feb-2026 14:36:45 CET  PostBeginProcessBlock
Setting validity for record "HcalParametersRcd" and corresponding label(s): starting at run: 347532 lumi: 0 event: 0, timestamp: 0, ending at run: 4294967295 lumi: 4294967295 event: 18446744073709551615, timestamp: 0, for run: 382216 lumi: 0 event: 0, timestamp: 7382394804334179328; from CondDBESSource::setIntervalFor
%MSG
%MSG-i CondDBESSource:  PostBeginProcessBlock 09-Feb-2026 14:36:45 CET  PostBeginProcessBlock
Getting data for record "HcalPFCorrsRcd" to be consumed on Run: 382216 - Lumiblock:0 - Timestamp: 7382394804334179328; from CondDBESSource::setIntervalFor
%MSG
%MSG-i CondDBESSource:  PostBeginProcessBlock 09-Feb-2026 14:36:45 CET  PostBeginProcessBlock
Processing record "HcalPFCorrsRcd" and label "" for run: 382216 lumi: 0 event: 0, timestamp: 7382394804334179328; from CondDBESSource::setIntervalFor
%MSG
%MSG-i CondDBESSource:  PostBeginProcessBlock 09-Feb-2026 14:36:45 CET  PostBeginProcessBlock
Validity coming from IOV sequence for record "HcalPFCorrsRcd" and label "": (329795, 18446744073709551615) for time (type: runnumber) 382216; from CondDBESSource::setIntervalFor
%MSG
%MSG-i CondDBESSource:  PostBeginProcessBlock 09-Feb-2026 14:36:45 CET  PostBeginProcessBlock
Setting validity for record "HcalPFCorrsRcd" and corresponding label(s): starting at run: 329795 lumi: 0 event: 0, timestamp: 0, ending at run: 4294967295 lumi: 4294967295 event: 18446744073709551615, timestamp: 0, for run: 382216 lumi: 0 event: 0, timestamp: 7382394804334179328; from CondDBESSource::setIntervalFor
%MSG
%MSG-i CondDBESSource:  PostBeginProcessBlock 09-Feb-2026 14:36:45 CET  PostBeginProcessBlock
Getting data for record "HcalQIEDataRcd" to be consumed on Run: 382216 - Lumiblock:0 - Timestamp: 7382394804334179328; from CondDBESSource::setIntervalFor
%MSG
%MSG-i CondDBESSource:  PostBeginProcessBlock 09-Feb-2026 14:36:45 CET  PostBeginProcessBlock
Processing record "HcalQIEDataRcd" and label "" for run: 382216 lumi: 0 event: 0, timestamp: 7382394804334179328; from CondDBESSource::setIntervalFor
%MSG
%MSG-i CondDBESSource:  PostBeginProcessBlock 09-Feb-2026 14:36:45 CET  PostBeginProcessBlock
Validity coming from IOV sequence for record "HcalQIEDataRcd" and label "": (334926, 387472) for time (type: runnumber) 382216; from CondDBESSource::setIntervalFor
%MSG
%MSG-i CondDBESSource:  PostBeginProcessBlock 09-Feb-2026 14:36:45 CET  PostBeginProcessBlock
Setting validity for record "HcalQIEDataRcd" and corresponding label(s): starting at run: 334926 lumi: 0 event: 0, timestamp: 0, ending at run: 387472 lumi: 4294967295 event: 18446744073709551615, timestamp: 0, for run: 382216 lumi: 0 event: 0, timestamp: 7382394804334179328; from CondDBESSource::setIntervalFor
%MSG
%MSG-i CondDBESSource:  PostBeginProcessBlock 09-Feb-2026 14:36:45 CET  PostBeginProcessBlock
Getting data for record "HcalLUTCorrsRcd" to be consumed on Run: 382216 - Lumiblock:0 - Timestamp: 7382394804334179328; from CondDBESSource::setIntervalFor
%MSG
%MSG-i CondDBESSource:  PostBeginProcessBlock 09-Feb-2026 14:36:45 CET  PostBeginProcessBlock
Processing record "HcalLUTCorrsRcd" and label "" for run: 382216 lumi: 0 event: 0, timestamp: 7382394804334179328; from CondDBESSource::setIntervalFor
%MSG
%MSG-i CondDBESSource:  PostBeginProcessBlock 09-Feb-2026 14:36:45 CET  PostBeginProcessBlock
Validity coming from IOV sequence for record "HcalLUTCorrsRcd" and label "": (329795, 387472) for time (type: runnumber) 382216; from CondDBESSource::setIntervalFor
%MSG
%MSG-i CondDBESSource:  PostBeginProcessBlock 09-Feb-2026 14:36:45 CET  PostBeginProcessBlock
Setting validity for record "HcalLUTCorrsRcd" and corresponding label(s): starting at run: 329795 lumi: 0 event: 0, timestamp: 0, ending at run: 387472 lumi: 4294967295 event: 18446744073709551615, timestamp: 0, for run: 382216 lumi: 0 event: 0, timestamp: 7382394804334179328; from CondDBESSource::setIntervalFor
%MSG
%MSG-i CondDBESSource:  PostBeginProcessBlock 09-Feb-2026 14:36:45 CET  PostBeginProcessBlock
Getting data for record "HcalMCParamsRcd" to be consumed on Run: 382216 - Lumiblock:0 - Timestamp: 7382394804334179328; from CondDBESSource::setIntervalFor
%MSG
%MSG-i CondDBESSource:  PostBeginProcessBlock 09-Feb-2026 14:36:45 CET  PostBeginProcessBlock
Processing record "HcalMCParamsRcd" and label "" for run: 382216 lumi: 0 event: 0, timestamp: 7382394804334179328; from CondDBESSource::setIntervalFor
%MSG
%MSG-i CondDBESSource:  PostBeginProcessBlock 09-Feb-2026 14:36:45 CET  PostBeginProcessBlock
Validity coming from IOV sequence for record "HcalMCParamsRcd" and label "": (329795, 18446744073709551615) for time (type: runnumber) 382216; from CondDBESSource::setIntervalFor
%MSG
%MSG-i CondDBESSource:  PostBeginProcessBlock 09-Feb-2026 14:36:45 CET  PostBeginProcessBlock
Setting validity for record "HcalMCParamsRcd" and corresponding label(s): starting at run: 329795 lumi: 0 event: 0, timestamp: 0, ending at run: 4294967295 lumi: 4294967295 event: 18446744073709551615, timestamp: 0, for run: 382216 lumi: 0 event: 0, timestamp: 7382394804334179328; from CondDBESSource::setIntervalFor
%MSG
%MSG-i CondDBESSource:  PostBeginProcessBlock 09-Feb-2026 14:36:45 CET  PostBeginProcessBlock
Getting data for record "HcalQIETypesRcd" to be consumed on Run: 382216 - Lumiblock:0 - Timestamp: 7382394804334179328; from CondDBESSource::setIntervalFor
%MSG
%MSG-i CondDBESSource:  PostBeginProcessBlock 09-Feb-2026 14:36:45 CET  PostBeginProcessBlock
Processing record "HcalQIETypesRcd" and label "" for run: 382216 lumi: 0 event: 0, timestamp: 7382394804334179328; from CondDBESSource::setIntervalFor
%MSG
%MSG-i CondDBESSource:  PostBeginProcessBlock 09-Feb-2026 14:36:45 CET  PostBeginProcessBlock
Validity coming from IOV sequence for record "HcalQIETypesRcd" and label "": (334926, 387472) for time (type: runnumber) 382216; from CondDBESSource::setIntervalFor
%MSG
%MSG-i CondDBESSource:  PostBeginProcessBlock 09-Feb-2026 14:36:45 CET  PostBeginProcessBlock
Setting validity for record "HcalQIETypesRcd" and corresponding label(s): starting at run: 334926 lumi: 0 event: 0, timestamp: 0, ending at run: 387472 lumi: 4294967295 event: 18446744073709551615, timestamp: 0, for run: 382216 lumi: 0 event: 0, timestamp: 7382394804334179328; from CondDBESSource::setIntervalFor
%MSG
%MSG-i CondDBESSource:  PostBeginProcessBlock 09-Feb-2026 14:36:45 CET  PostBeginProcessBlock
Getting data for record "HcalPedestalsRcd" to be consumed on Run: 382216 - Lumiblock:0 - Timestamp: 7382394804334179328; from CondDBESSource::setIntervalFor
%MSG
%MSG-i CondDBESSource:  PostBeginProcessBlock 09-Feb-2026 14:36:45 CET  PostBeginProcessBlock
Processing record "HcalPedestalsRcd" and label "" for run: 382216 lumi: 0 event: 0, timestamp: 7382394804334179328; from CondDBESSource::setIntervalFor
%MSG
%MSG-i CondDBESSource:  PostBeginProcessBlock 09-Feb-2026 14:36:45 CET  PostBeginProcessBlock
Validity coming from IOV sequence for record "HcalPedestalsRcd" and label "": (356686, 18446744073709551615) for time (type: runnumber) 382216; from CondDBESSource::setIntervalFor
%MSG
%MSG-i CondDBESSource:  PostBeginProcessBlock 09-Feb-2026 14:36:45 CET  PostBeginProcessBlock
Processing record "HcalPedestalsRcd" and label "effective" for run: 382216 lumi: 0 event: 0, timestamp: 7382394804334179328; from CondDBESSource::setIntervalFor
%MSG
%MSG-i CondDBESSource:  PostBeginProcessBlock 09-Feb-2026 14:36:45 CET  PostBeginProcessBlock
Validity coming from IOV sequence for record "HcalPedestalsRcd" and label "effective": (379919, 383194) for time (type: runnumber) 382216; from CondDBESSource::setIntervalFor
%MSG
%MSG-i CondDBESSource:  PostBeginProcessBlock 09-Feb-2026 14:36:45 CET  PostBeginProcessBlock
Setting validity for record "HcalPedestalsRcd" and corresponding label(s): starting at run: 379919 lumi: 0 event: 0, timestamp: 0, ending at run: 383194 lumi: 4294967295 event: 18446744073709551615, timestamp: 0, for run: 382216 lumi: 0 event: 0, timestamp: 7382394804334179328; from CondDBESSource::setIntervalFor
%MSG
%MSG-i CondDBESSource:  PostBeginProcessBlock 09-Feb-2026 14:36:45 CET  PostBeginProcessBlock
Getting data for record "HcalRespCorrsRcd" to be consumed on Run: 382216 - Lumiblock:0 - Timestamp: 7382394804334179328; from CondDBESSource::setIntervalFor
%MSG
%MSG-i CondDBESSource:  PostBeginProcessBlock 09-Feb-2026 14:36:45 CET  PostBeginProcessBlock
Processing record "HcalRespCorrsRcd" and label "" for run: 382216 lumi: 0 event: 0, timestamp: 7382394804334179328; from CondDBESSource::setIntervalFor
%MSG
%MSG-i CondDBESSource:  PostBeginProcessBlock 09-Feb-2026 14:36:45 CET  PostBeginProcessBlock
Validity coming from IOV sequence for record "HcalRespCorrsRcd" and label "": (380852, 382286) for time (type: runnumber) 382216; from CondDBESSource::setIntervalFor
%MSG
%MSG-i CondDBESSource:  PostBeginProcessBlock 09-Feb-2026 14:36:45 CET  PostBeginProcessBlock
Setting validity for record "HcalRespCorrsRcd" and corresponding label(s): starting at run: 380852 lumi: 0 event: 0, timestamp: 0, ending at run: 382286 lumi: 4294967295 event: 18446744073709551615, timestamp: 0, for run: 382216 lumi: 0 event: 0, timestamp: 7382394804334179328; from CondDBESSource::setIntervalFor
%MSG
%MSG-i CondDBESSource:  PostBeginProcessBlock 09-Feb-2026 14:36:45 CET  PostBeginProcessBlock
Getting data for record "HcalTimeCorrsRcd" to be consumed on Run: 382216 - Lumiblock:0 - Timestamp: 7382394804334179328; from CondDBESSource::setIntervalFor
%MSG
%MSG-i CondDBESSource:  PostBeginProcessBlock 09-Feb-2026 14:36:45 CET  PostBeginProcessBlock
Processing record "HcalTimeCorrsRcd" and label "" for run: 382216 lumi: 0 event: 0, timestamp: 7382394804334179328; from CondDBESSource::setIntervalFor
%MSG
%MSG-i CondDBESSource:  PostBeginProcessBlock 09-Feb-2026 14:36:45 CET  PostBeginProcessBlock
Validity coming from IOV sequence for record "HcalTimeCorrsRcd" and label "": (329795, 387515) for time (type: runnumber) 382216; from CondDBESSource::setIntervalFor
%MSG
%MSG-i CondDBESSource:  PostBeginProcessBlock 09-Feb-2026 14:36:45 CET  PostBeginProcessBlock
Setting validity for record "HcalTimeCorrsRcd" and corresponding label(s): starting at run: 329795 lumi: 0 event: 0, timestamp: 0, ending at run: 387515 lumi: 4294967295 event: 18446744073709551615, timestamp: 0, for run: 382216 lumi: 0 event: 0, timestamp: 7382394804334179328; from CondDBESSource::setIntervalFor
%MSG
%MSG-i CondDBESSource:  PostBeginProcessBlock 09-Feb-2026 14:36:45 CET  PostBeginProcessBlock
Getting data for record "HcalRecoParamsRcd" to be consumed on Run: 382216 - Lumiblock:0 - Timestamp: 7382394804334179328; from CondDBESSource::setIntervalFor
%MSG
%MSG-i CondDBESSource:  PostBeginProcessBlock 09-Feb-2026 14:36:45 CET  PostBeginProcessBlock
Processing record "HcalRecoParamsRcd" and label "" for run: 382216 lumi: 0 event: 0, timestamp: 7382394804334179328; from CondDBESSource::setIntervalFor
%MSG
%MSG-i CondDBESSource:  PostBeginProcessBlock 09-Feb-2026 14:36:45 CET  PostBeginProcessBlock
Validity coming from IOV sequence for record "HcalRecoParamsRcd" and label "": (333647, 18446744073709551615) for time (type: runnumber) 382216; from CondDBESSource::setIntervalFor
%MSG
%MSG-i CondDBESSource:  PostBeginProcessBlock 09-Feb-2026 14:36:45 CET  PostBeginProcessBlock
Setting validity for record "HcalRecoParamsRcd" and corresponding label(s): starting at run: 333647 lumi: 0 event: 0, timestamp: 0, ending at run: 4294967295 lumi: 4294967295 event: 18446744073709551615, timestamp: 0, for run: 382216 lumi: 0 event: 0, timestamp: 7382394804334179328; from CondDBESSource::setIntervalFor
%MSG
%MSG-i CondDBESSource:  PostBeginProcessBlock 09-Feb-2026 14:36:45 CET  PostBeginProcessBlock
Getting data for record "HcalFrontEndMapRcd" to be consumed on Run: 382216 - Lumiblock:0 - Timestamp: 7382394804334179328; from CondDBESSource::setIntervalFor
%MSG
%MSG-i CondDBESSource:  PostBeginProcessBlock 09-Feb-2026 14:36:45 CET  PostBeginProcessBlock
Processing record "HcalFrontEndMapRcd" and label "" for run: 382216 lumi: 0 event: 0, timestamp: 7382394804334179328; from CondDBESSource::setIntervalFor
%MSG
%MSG-i CondDBESSource:  PostBeginProcessBlock 09-Feb-2026 14:36:45 CET  PostBeginProcessBlock
Validity coming from IOV sequence for record "HcalFrontEndMapRcd" and label "": (329795, 18446744073709551615) for time (type: runnumber) 382216; from CondDBESSource::setIntervalFor
%MSG
%MSG-i CondDBESSource:  PostBeginProcessBlock 09-Feb-2026 14:36:45 CET  PostBeginProcessBlock
Setting validity for record "HcalFrontEndMapRcd" and corresponding label(s): starting at run: 329795 lumi: 0 event: 0, timestamp: 0, ending at run: 4294967295 lumi: 4294967295 event: 18446744073709551615, timestamp: 0, for run: 382216 lumi: 0 event: 0, timestamp: 7382394804334179328; from CondDBESSource::setIntervalFor
%MSG
%MSG-i CondDBESSource:  PostBeginProcessBlock 09-Feb-2026 14:36:45 CET  PostBeginProcessBlock
Getting data for record "HcalLutMetadataRcd" to be consumed on Run: 382216 - Lumiblock:0 - Timestamp: 7382394804334179328; from CondDBESSource::setIntervalFor
%MSG
%MSG-i CondDBESSource:  PostBeginProcessBlock 09-Feb-2026 14:36:45 CET  PostBeginProcessBlock
Processing record "HcalLutMetadataRcd" and label "" for run: 382216 lumi: 0 event: 0, timestamp: 7382394804334179328; from CondDBESSource::setIntervalFor
%MSG
%MSG-i CondDBESSource:  PostBeginProcessBlock 09-Feb-2026 14:36:45 CET  PostBeginProcessBlock
Validity coming from IOV sequence for record "HcalLutMetadataRcd" and label "": (334926, 387472) for time (type: runnumber) 382216; from CondDBESSource::setIntervalFor
%MSG
%MSG-i CondDBESSource:  PostBeginProcessBlock 09-Feb-2026 14:36:45 CET  PostBeginProcessBlock
Setting validity for record "HcalLutMetadataRcd" and corresponding label(s): starting at run: 334926 lumi: 0 event: 0, timestamp: 0, ending at run: 387472 lumi: 4294967295 event: 18446744073709551615, timestamp: 0, for run: 382216 lumi: 0 event: 0, timestamp: 7382394804334179328; from CondDBESSource::setIntervalFor
%MSG
%MSG-i CondDBESSource:  PostBeginProcessBlock 09-Feb-2026 14:36:45 CET  PostBeginProcessBlock
Getting data for record "HcalTPParametersRcd" to be consumed on Run: 382216 - Lumiblock:0 - Timestamp: 7382394804334179328; from CondDBESSource::setIntervalFor
%MSG
%MSG-i CondDBESSource:  PostBeginProcessBlock 09-Feb-2026 14:36:45 CET  PostBeginProcessBlock
Processing record "HcalTPParametersRcd" and label "" for run: 382216 lumi: 0 event: 0, timestamp: 7382394804334179328; from CondDBESSource::setIntervalFor
%MSG
%MSG-i CondDBESSource:  PostBeginProcessBlock 09-Feb-2026 14:36:45 CET  PostBeginProcessBlock
Validity coming from IOV sequence for record "HcalTPParametersRcd" and label "": (333647, 18446744073709551615) for time (type: runnumber) 382216; from CondDBESSource::setIntervalFor
%MSG
%MSG-i CondDBESSource:  PostBeginProcessBlock 09-Feb-2026 14:36:45 CET  PostBeginProcessBlock
Setting validity for record "HcalTPParametersRcd" and corresponding label(s): starting at run: 333647 lumi: 0 event: 0, timestamp: 0, ending at run: 4294967295 lumi: 4294967295 event: 18446744073709551615, timestamp: 0, for run: 382216 lumi: 0 event: 0, timestamp: 7382394804334179328; from CondDBESSource::setIntervalFor
%MSG
%MSG-i CondDBESSource:  PostBeginProcessBlock 09-Feb-2026 14:36:45 CET  PostBeginProcessBlock
Getting data for record "HcalZSThresholdsRcd" to be consumed on Run: 382216 - Lumiblock:0 - Timestamp: 7382394804334179328; from CondDBESSource::setIntervalFor
%MSG
%MSG-i CondDBESSource:  PostBeginProcessBlock 09-Feb-2026 14:36:45 CET  PostBeginProcessBlock
Processing record "HcalZSThresholdsRcd" and label "" for run: 382216 lumi: 0 event: 0, timestamp: 7382394804334179328; from CondDBESSource::setIntervalFor
%MSG
%MSG-i CondDBESSource:  PostBeginProcessBlock 09-Feb-2026 14:36:45 CET  PostBeginProcessBlock
Validity coming from IOV sequence for record "HcalZSThresholdsRcd" and label "": (329795, 18446744073709551615) for time (type: runnumber) 382216; from CondDBESSource::setIntervalFor
%MSG
%MSG-i CondDBESSource:  PostBeginProcessBlock 09-Feb-2026 14:36:45 CET  PostBeginProcessBlock
Setting validity for record "HcalZSThresholdsRcd" and corresponding label(s): starting at run: 329795 lumi: 0 event: 0, timestamp: 0, ending at run: 4294967295 lumi: 4294967295 event: 18446744073709551615, timestamp: 0, for run: 382216 lumi: 0 event: 0, timestamp: 7382394804334179328; from CondDBESSource::setIntervalFor
%MSG
%MSG-i CondDBESSource:  PostBeginProcessBlock 09-Feb-2026 14:36:45 CET  PostBeginProcessBlock
Getting data for record "HcalChannelQualityRcd" to be consumed on Run: 382216 - Lumiblock:0 - Timestamp: 7382394804334179328; from CondDBESSource::setIntervalFor
%MSG
%MSG-i CondDBESSource:  PostBeginProcessBlock 09-Feb-2026 14:36:45 CET  PostBeginProcessBlock
Processing record "HcalChannelQualityRcd" and label "" for run: 382216 lumi: 0 event: 0, timestamp: 7382394804334179328; from CondDBESSource::setIntervalFor
%MSG
%MSG-i CondDBESSource:  PostBeginProcessBlock 09-Feb-2026 14:36:45 CET  PostBeginProcessBlock
Validity coming from IOV sequence for record "HcalChannelQualityRcd" and label "": (378960, 387472) for time (type: runnumber) 382216; from CondDBESSource::setIntervalFor
%MSG
%MSG-i CondDBESSource:  PostBeginProcessBlock 09-Feb-2026 14:36:45 CET  PostBeginProcessBlock
Setting validity for record "HcalChannelQualityRcd" and corresponding label(s): starting at run: 378960 lumi: 0 event: 0, timestamp: 0, ending at run: 387472 lumi: 4294967295 event: 18446744073709551615, timestamp: 0, for run: 382216 lumi: 0 event: 0, timestamp: 7382394804334179328; from CondDBESSource::setIntervalFor
%MSG
%MSG-i CondDBESSource:  PostBeginProcessBlock 09-Feb-2026 14:36:45 CET  PostBeginProcessBlock
Getting data for record "HcalElectronicsMapRcd" to be consumed on Run: 382216 - Lumiblock:0 - Timestamp: 7382394804334179328; from CondDBESSource::setIntervalFor
%MSG
%MSG-i CondDBESSource:  PostBeginProcessBlock 09-Feb-2026 14:36:45 CET  PostBeginProcessBlock
Processing record "HcalElectronicsMapRcd" and label "" for run: 382216 lumi: 0 event: 0, timestamp: 7382394804334179328; from CondDBESSource::setIntervalFor
%MSG
%MSG-i CondDBESSource:  PostBeginProcessBlock 09-Feb-2026 14:36:45 CET  PostBeginProcessBlock
Validity coming from IOV sequence for record "HcalElectronicsMapRcd" and label "": (374784, 387472) for time (type: runnumber) 382216; from CondDBESSource::setIntervalFor
%MSG
%MSG-i CondDBESSource:  PostBeginProcessBlock 09-Feb-2026 14:36:45 CET  PostBeginProcessBlock
Setting validity for record "HcalElectronicsMapRcd" and corresponding label(s): starting at run: 374784 lumi: 0 event: 0, timestamp: 0, ending at run: 387472 lumi: 4294967295 event: 18446744073709551615, timestamp: 0, for run: 382216 lumi: 0 event: 0, timestamp: 7382394804334179328; from CondDBESSource::setIntervalFor
%MSG
%MSG-i CondDBESSource:  PostBeginProcessBlock 09-Feb-2026 14:36:45 CET  PostBeginProcessBlock
Getting data for record "HcalPedestalWidthsRcd" to be consumed on Run: 382216 - Lumiblock:0 - Timestamp: 7382394804334179328; from CondDBESSource::setIntervalFor
%MSG
%MSG-i CondDBESSource:  PostBeginProcessBlock 09-Feb-2026 14:36:45 CET  PostBeginProcessBlock
Processing record "HcalPedestalWidthsRcd" and label "" for run: 382216 lumi: 0 event: 0, timestamp: 7382394804334179328; from CondDBESSource::setIntervalFor
%MSG
%MSG-i CondDBESSource:  PostBeginProcessBlock 09-Feb-2026 14:36:45 CET  PostBeginProcessBlock
Validity coming from IOV sequence for record "HcalPedestalWidthsRcd" and label "": (356686, 18446744073709551615) for time (type: runnumber) 382216; from CondDBESSource::setIntervalFor
%MSG
%MSG-i CondDBESSource:  PostBeginProcessBlock 09-Feb-2026 14:36:45 CET  PostBeginProcessBlock
Processing record "HcalPedestalWidthsRcd" and label "effective" for run: 382216 lumi: 0 event: 0, timestamp: 7382394804334179328; from CondDBESSource::setIntervalFor
%MSG
%MSG-i CondDBESSource:  PostBeginProcessBlock 09-Feb-2026 14:36:45 CET  PostBeginProcessBlock
Validity coming from IOV sequence for record "HcalPedestalWidthsRcd" and label "effective": (379919, 383194) for time (type: runnumber) 382216; from CondDBESSource::setIntervalFor
%MSG
%MSG-i CondDBESSource:  PostBeginProcessBlock 09-Feb-2026 14:36:45 CET  PostBeginProcessBlock
Setting validity for record "HcalPedestalWidthsRcd" and corresponding label(s): starting at run: 379919 lumi: 0 event: 0, timestamp: 0, ending at run: 383194 lumi: 4294967295 event: 18446744073709551615, timestamp: 0, for run: 382216 lumi: 0 event: 0, timestamp: 7382394804334179328; from CondDBESSource::setIntervalFor
%MSG
%MSG-i CondDBESSource:  PostBeginProcessBlock 09-Feb-2026 14:36:45 CET  PostBeginProcessBlock
Getting data for record "HcalSiPMParametersRcd" to be consumed on Run: 382216 - Lumiblock:0 - Timestamp: 7382394804334179328; from CondDBESSource::setIntervalFor
%MSG
%MSG-i CondDBESSource:  PostBeginProcessBlock 09-Feb-2026 14:36:45 CET  PostBeginProcessBlock
Processing record "HcalSiPMParametersRcd" and label "" for run: 382216 lumi: 0 event: 0, timestamp: 7382394804334179328; from CondDBESSource::setIntervalFor
%MSG
%MSG-i CondDBESSource:  PostBeginProcessBlock 09-Feb-2026 14:36:45 CET  PostBeginProcessBlock
Validity coming from IOV sequence for record "HcalSiPMParametersRcd" and label "": (329795, 18446744073709551615) for time (type: runnumber) 382216; from CondDBESSource::setIntervalFor
%MSG
%MSG-i CondDBESSource:  PostBeginProcessBlock 09-Feb-2026 14:36:45 CET  PostBeginProcessBlock
Setting validity for record "HcalSiPMParametersRcd" and corresponding label(s): starting at run: 329795 lumi: 0 event: 0, timestamp: 0, ending at run: 4294967295 lumi: 4294967295 event: 18446744073709551615, timestamp: 0, for run: 382216 lumi: 0 event: 0, timestamp: 7382394804334179328; from CondDBESSource::setIntervalFor
%MSG
%MSG-i CondDBESSource:  PostBeginProcessBlock 09-Feb-2026 14:36:45 CET  PostBeginProcessBlock
Getting data for record "HcalL1TriggerObjectsRcd" to be consumed on Run: 382216 - Lumiblock:0 - Timestamp: 7382394804334179328; from CondDBESSource::setIntervalFor
%MSG
%MSG-i CondDBESSource:  PostBeginProcessBlock 09-Feb-2026 14:36:45 CET  PostBeginProcessBlock
Processing record "HcalL1TriggerObjectsRcd" and label "" for run: 382216 lumi: 0 event: 0, timestamp: 7382394804334179328; from CondDBESSource::setIntervalFor
%MSG
%MSG-i CondDBESSource:  PostBeginProcessBlock 09-Feb-2026 14:36:45 CET  PostBeginProcessBlock
Validity coming from IOV sequence for record "HcalL1TriggerObjectsRcd" and label "": (380736, 383194) for time (type: runnumber) 382216; from CondDBESSource::setIntervalFor
%MSG
%MSG-i CondDBESSource:  PostBeginProcessBlock 09-Feb-2026 14:36:45 CET  PostBeginProcessBlock
Setting validity for record "HcalL1TriggerObjectsRcd" and corresponding label(s): starting at run: 380736 lumi: 0 event: 0, timestamp: 0, ending at run: 383194 lumi: 4294967295 event: 18446744073709551615, timestamp: 0, for run: 382216 lumi: 0 event: 0, timestamp: 7382394804334179328; from CondDBESSource::setIntervalFor
%MSG
%MSG-i CondDBESSource:  PostBeginProcessBlock 09-Feb-2026 14:36:45 CET  PostBeginProcessBlock
Getting data for record "HcalSiPMCharacteristicsRcd" to be consumed on Run: 382216 - Lumiblock:0 - Timestamp: 7382394804334179328; from CondDBESSource::setIntervalFor
%MSG
%MSG-i CondDBESSource:  PostBeginProcessBlock 09-Feb-2026 14:36:45 CET  PostBeginProcessBlock
Processing record "HcalSiPMCharacteristicsRcd" and label "" for run: 382216 lumi: 0 event: 0, timestamp: 7382394804334179328; from CondDBESSource::setIntervalFor
%MSG
%MSG-i CondDBESSource:  PostBeginProcessBlock 09-Feb-2026 14:36:45 CET  PostBeginProcessBlock
Validity coming from IOV sequence for record "HcalSiPMCharacteristicsRcd" and label "": (378001, 18446744073709551615) for time (type: runnumber) 382216; from CondDBESSource::setIntervalFor
%MSG
%MSG-i CondDBESSource:  PostBeginProcessBlock 09-Feb-2026 14:36:45 CET  PostBeginProcessBlock
Setting validity for record "HcalSiPMCharacteristicsRcd" and corresponding label(s): starting at run: 378001 lumi: 0 event: 0, timestamp: 0, ending at run: 4294967295 lumi: 4294967295 event: 18446744073709551615, timestamp: 0, for run: 382216 lumi: 0 event: 0, timestamp: 7382394804334179328; from CondDBESSource::setIntervalFor
%MSG
%MSG-i CondDBESSource:  PostBeginProcessBlock 09-Feb-2026 14:36:45 CET  PostBeginProcessBlock
Getting data for record "HcalTPChannelParametersRcd" to be consumed on Run: 382216 - Lumiblock:0 - Timestamp: 7382394804334179328; from CondDBESSource::setIntervalFor
%MSG
%MSG-i CondDBESSource:  PostBeginProcessBlock 09-Feb-2026 14:36:45 CET  PostBeginProcessBlock
Processing record "HcalTPChannelParametersRcd" and label "" for run: 382216 lumi: 0 event: 0, timestamp: 7382394804334179328; from CondDBESSource::setIntervalFor
%MSG
%MSG-i CondDBESSource:  PostBeginProcessBlock 09-Feb-2026 14:36:45 CET  PostBeginProcessBlock
Validity coming from IOV sequence for record "HcalTPChannelParametersRcd" and label "": (379500, 387472) for time (type: runnumber) 382216; from CondDBESSource::setIntervalFor
%MSG
%MSG-i CondDBESSource:  PostBeginProcessBlock 09-Feb-2026 14:36:45 CET  PostBeginProcessBlock
Setting validity for record "HcalTPChannelParametersRcd" and corresponding label(s): starting at run: 379500 lumi: 0 event: 0, timestamp: 0, ending at run: 387472 lumi: 4294967295 event: 18446744073709551615, timestamp: 0, for run: 382216 lumi: 0 event: 0, timestamp: 7382394804334179328; from CondDBESSource::setIntervalFor
%MSG
%MSG-i CondDBESSource:  PostBeginProcessBlock 09-Feb-2026 14:36:45 CET  PostBeginProcessBlock
Getting data for record "CSCDBGainsRcd" to be consumed on Run: 382216 - Lumiblock:0 - Timestamp: 7382394804334179328; from CondDBESSource::setIntervalFor
%MSG
%MSG-i CondDBESSource:  PostBeginProcessBlock 09-Feb-2026 14:36:45 CET  PostBeginProcessBlock
Processing record "CSCDBGainsRcd" and label "" for run: 382216 lumi: 0 event: 0, timestamp: 7382394804334179328; from CondDBESSource::setIntervalFor
%MSG
%MSG-i CondDBESSource:  PostBeginProcessBlock 09-Feb-2026 14:36:45 CET  PostBeginProcessBlock
Validity coming from IOV sequence for record "CSCDBGainsRcd" and label "": (376785, 18446744073709551615) for time (type: runnumber) 382216; from CondDBESSource::setIntervalFor
%MSG
%MSG-i CondDBESSource:  PostBeginProcessBlock 09-Feb-2026 14:36:45 CET  PostBeginProcessBlock
Setting validity for record "CSCDBGainsRcd" and corresponding label(s): starting at run: 376785 lumi: 0 event: 0, timestamp: 0, ending at run: 4294967295 lumi: 4294967295 event: 18446744073709551615, timestamp: 0, for run: 382216 lumi: 0 event: 0, timestamp: 7382394804334179328; from CondDBESSource::setIntervalFor
%MSG
%MSG-i CondDBESSource:  PostBeginProcessBlock 09-Feb-2026 14:36:45 CET  PostBeginProcessBlock
Getting data for record "DQMXMLFileRcd" to be consumed on Run: 382216 - Lumiblock:0 - Timestamp: 7382394804334179328; from CondDBESSource::setIntervalFor
%MSG
%MSG-i CondDBESSource:  PostBeginProcessBlock 09-Feb-2026 14:36:45 CET  PostBeginProcessBlock
Processing record "DQMXMLFileRcd" and label "SiPixelDQMQTests" for run: 382216 lumi: 0 event: 0, timestamp: 7382394804334179328; from CondDBESSource::setIntervalFor
%MSG
%MSG-i CondDBESSource:  PostBeginProcessBlock 09-Feb-2026 14:36:45 CET  PostBeginProcessBlock
Validity coming from IOV sequence for record "DQMXMLFileRcd" and label "SiPixelDQMQTests": (1, 18446744073709551615) for time (type: runnumber) 382216; from CondDBESSource::setIntervalFor
%MSG
%MSG-i CondDBESSource:  PostBeginProcessBlock 09-Feb-2026 14:36:45 CET  PostBeginProcessBlock
Processing record "DQMXMLFileRcd" and label "SiStripDQMQTests" for run: 382216 lumi: 0 event: 0, timestamp: 7382394804334179328; from CondDBESSource::setIntervalFor
%MSG
%MSG-i CondDBESSource:  PostBeginProcessBlock 09-Feb-2026 14:36:45 CET  PostBeginProcessBlock
Validity coming from IOV sequence for record "DQMXMLFileRcd" and label "SiStripDQMQTests": (1, 18446744073709551615) for time (type: runnumber) 382216; from CondDBESSource::setIntervalFor
%MSG
%MSG-i CondDBESSource:  PostBeginProcessBlock 09-Feb-2026 14:36:45 CET  PostBeginProcessBlock
Setting validity for record "DQMXMLFileRcd" and corresponding label(s): starting at run: 1 lumi: 0 event: 0, timestamp: 0, ending at run: 4294967295 lumi: 4294967295 event: 18446744073709551615, timestamp: 0, for run: 382216 lumi: 0 event: 0, timestamp: 7382394804334179328; from CondDBESSource::setIntervalFor
%MSG
%MSG-i CondDBESSource:  PostBeginProcessBlock 09-Feb-2026 14:36:45 CET  PostBeginProcessBlock
Getting data for record "DTDeadFlagRcd" to be consumed on Run: 382216 - Lumiblock:0 - Timestamp: 7382394804334179328; from CondDBESSource::setIntervalFor
%MSG
%MSG-i CondDBESSource:  PostBeginProcessBlock 09-Feb-2026 14:36:45 CET  PostBeginProcessBlock
Processing record "DTDeadFlagRcd" and label "" for run: 382216 lumi: 0 event: 0, timestamp: 7382394804334179328; from CondDBESSource::setIntervalFor
%MSG
%MSG-i CondDBESSource:  PostBeginProcessBlock 09-Feb-2026 14:36:45 CET  PostBeginProcessBlock
Validity coming from IOV sequence for record "DTDeadFlagRcd" and label "": (43396, 18446744073709551615) for time (type: runnumber) 382216; from CondDBESSource::setIntervalFor
%MSG
%MSG-i CondDBESSource:  PostBeginProcessBlock 09-Feb-2026 14:36:45 CET  PostBeginProcessBlock
Setting validity for record "DTDeadFlagRcd" and corresponding label(s): starting at run: 43396 lumi: 0 event: 0, timestamp: 0, ending at run: 4294967295 lumi: 4294967295 event: 18446744073709551615, timestamp: 0, for run: 382216 lumi: 0 event: 0, timestamp: 7382394804334179328; from CondDBESSource::setIntervalFor
%MSG
%MSG-i CondDBESSource:  PostBeginProcessBlock 09-Feb-2026 14:36:45 CET  PostBeginProcessBlock
Getting data for record "DTHVStatusRcd" to be consumed on Run: 382216 - Lumiblock:0 - Timestamp: 7382394804334179328; from CondDBESSource::setIntervalFor
%MSG
%MSG-i CondDBESSource:  PostBeginProcessBlock 09-Feb-2026 14:36:45 CET  PostBeginProcessBlock
Processing record "DTHVStatusRcd" and label "" for run: 382216 lumi: 0 event: 0, timestamp: 7382394804334179328; from CondDBESSource::setIntervalFor
%MSG
%MSG-i CondDBESSource:  PostBeginProcessBlock 09-Feb-2026 14:36:45 CET  PostBeginProcessBlock
Validity coming from IOV sequence for record "DTHVStatusRcd" and label "": (6015038433180629920, 18446744073709551615) for time (type: timestamp) 7382394804334179328; from CondDBESSource::setIntervalFor
%MSG
%MSG-i CondDBESSource:  PostBeginProcessBlock 09-Feb-2026 14:36:45 CET  PostBeginProcessBlock
Setting validity for record "DTHVStatusRcd" and corresponding label(s): starting at run: 0 lumi: 0 event: 0, timestamp: 6015038433180629920, ending at run: 0 lumi: 0 event: 0, timestamp: 18446744073709551615, for run: 382216 lumi: 0 event: 0, timestamp: 7382394804334179328; from CondDBESSource::setIntervalFor
%MSG
%MSG-i CondDBESSource:  PostBeginProcessBlock 09-Feb-2026 14:36:45 CET  PostBeginProcessBlock
Getting data for record "GBRWrapperRcd" to be consumed on Run: 382216 - Lumiblock:0 - Timestamp: 7382394804334179328; from CondDBESSource::setIntervalFor
%MSG
%MSG-i CondDBESSource:  PostBeginProcessBlock 09-Feb-2026 14:36:45 CET  PostBeginProcessBlock
Processing record "GBRWrapperRcd" and label "HIMVASelectorDetachedQuadStep_Phase1" for run: 382216 lumi: 0 event: 0, timestamp: 7382394804334179328; from CondDBESSource::setIntervalFor
%MSG
%MSG-i CondDBESSource:  PostBeginProcessBlock 09-Feb-2026 14:36:45 CET  PostBeginProcessBlock
Validity coming from IOV sequence for record "GBRWrapperRcd" and label "HIMVASelectorDetachedQuadStep_Phase1": (1, 18446744073709551615) for time (type: runnumber) 382216; from CondDBESSource::setIntervalFor
%MSG
%MSG-i CondDBESSource:  PostBeginProcessBlock 09-Feb-2026 14:36:45 CET  PostBeginProcessBlock
Processing record "GBRWrapperRcd" and label "HIMVASelectorDetachedTripletStep_Phase1" for run: 382216 lumi: 0 event: 0, timestamp: 7382394804334179328; from CondDBESSource::setIntervalFor
%MSG
%MSG-i CondDBESSource:  PostBeginProcessBlock 09-Feb-2026 14:36:45 CET  PostBeginProcessBlock
Validity coming from IOV sequence for record "GBRWrapperRcd" and label "HIMVASelectorDetachedTripletStep_Phase1": (1, 18446744073709551615) for time (type: runnumber) 382216; from CondDBESSource::setIntervalFor
%MSG
%MSG-i CondDBESSource:  PostBeginProcessBlock 09-Feb-2026 14:36:45 CET  PostBeginProcessBlock
Processing record "GBRWrapperRcd" and label "HIMVASelectorHighPtTripletStep_Phase1" for run: 382216 lumi: 0 event: 0, timestamp: 7382394804334179328; from CondDBESSource::setIntervalFor
%MSG
%MSG-i CondDBESSource:  PostBeginProcessBlock 09-Feb-2026 14:36:45 CET  PostBeginProcessBlock
Validity coming from IOV sequence for record "GBRWrapperRcd" and label "HIMVASelectorHighPtTripletStep_Phase1": (1, 18446744073709551615) for time (type: runnumber) 382216; from CondDBESSource::setIntervalFor
%MSG
%MSG-i CondDBESSource:  PostBeginProcessBlock 09-Feb-2026 14:36:45 CET  PostBeginProcessBlock
Processing record "GBRWrapperRcd" and label "HIMVASelectorInitialStep_Phase1" for run: 382216 lumi: 0 event: 0, timestamp: 7382394804334179328; from CondDBESSource::setIntervalFor
%MSG
%MSG-i CondDBESSource:  PostBeginProcessBlock 09-Feb-2026 14:36:45 CET  PostBeginProcessBlock
Validity coming from IOV sequence for record "GBRWrapperRcd" and label "HIMVASelectorInitialStep_Phase1": (1, 18446744073709551615) for time (type: runnumber) 382216; from CondDBESSource::setIntervalFor
%MSG
%MSG-i CondDBESSource:  PostBeginProcessBlock 09-Feb-2026 14:36:45 CET  PostBeginProcessBlock
Processing record "GBRWrapperRcd" and label "HIMVASelectorIter4" for run: 382216 lumi: 0 event: 0, timestamp: 7382394804334179328; from CondDBESSource::setIntervalFor
%MSG
%MSG-i CondDBESSource:  PostBeginProcessBlock 09-Feb-2026 14:36:45 CET  PostBeginProcessBlock
Validity coming from IOV sequence for record "GBRWrapperRcd" and label "HIMVASelectorIter4": (1, 18446744073709551615) for time (type: runnumber) 382216; from CondDBESSource::setIntervalFor
%MSG
%MSG-i CondDBESSource:  PostBeginProcessBlock 09-Feb-2026 14:36:45 CET  PostBeginProcessBlock
Processing record "GBRWrapperRcd" and label "HIMVASelectorIter5" for run: 382216 lumi: 0 event: 0, timestamp: 7382394804334179328; from CondDBESSource::setIntervalFor
%MSG
%MSG-i CondDBESSource:  PostBeginProcessBlock 09-Feb-2026 14:36:45 CET  PostBeginProcessBlock
Validity coming from IOV sequence for record "GBRWrapperRcd" and label "HIMVASelectorIter5": (1, 18446744073709551615) for time (type: runnumber) 382216; from CondDBESSource::setIntervalFor
%MSG
%MSG-i CondDBESSource:  PostBeginProcessBlock 09-Feb-2026 14:36:45 CET  PostBeginProcessBlock
Processing record "GBRWrapperRcd" and label "HIMVASelectorIter6" for run: 382216 lumi: 0 event: 0, timestamp: 7382394804334179328; from CondDBESSource::setIntervalFor
%MSG
%MSG-i CondDBESSource:  PostBeginProcessBlock 09-Feb-2026 14:36:45 CET  PostBeginProcessBlock
Validity coming from IOV sequence for record "GBRWrapperRcd" and label "HIMVASelectorIter6": (1, 18446744073709551615) for time (type: runnumber) 382216; from CondDBESSource::setIntervalFor
%MSG
%MSG-i CondDBESSource:  PostBeginProcessBlock 09-Feb-2026 14:36:45 CET  PostBeginProcessBlock
Processing record "GBRWrapperRcd" and label "HIMVASelectorIter7" for run: 382216 lumi: 0 event: 0, timestamp: 7382394804334179328; from CondDBESSource::setIntervalFor
%MSG
%MSG-i CondDBESSource:  PostBeginProcessBlock 09-Feb-2026 14:36:45 CET  PostBeginProcessBlock
Validity coming from IOV sequence for record "GBRWrapperRcd" and label "HIMVASelectorIter7": (1, 18446744073709551615) for time (type: runnumber) 382216; from CondDBESSource::setIntervalFor
%MSG
%MSG-i CondDBESSource:  PostBeginProcessBlock 09-Feb-2026 14:36:45 CET  PostBeginProcessBlock
Processing record "GBRWrapperRcd" and label "HIMVASelectorLowPtQuadStep_Phase1" for run: 382216 lumi: 0 event: 0, timestamp: 7382394804334179328; from CondDBESSource::setIntervalFor
%MSG
%MSG-i CondDBESSource:  PostBeginProcessBlock 09-Feb-2026 14:36:45 CET  PostBeginProcessBlock
Validity coming from IOV sequence for record "GBRWrapperRcd" and label "HIMVASelectorLowPtQuadStep_Phase1": (1, 18446744073709551615) for time (type: runnumber) 382216; from CondDBESSource::setIntervalFor
%MSG
%MSG-i CondDBESSource:  PostBeginProcessBlock 09-Feb-2026 14:36:45 CET  PostBeginProcessBlock
Processing record "GBRWrapperRcd" and label "HIMVASelectorLowPtTripletStep_Phase1" for run: 382216 lumi: 0 event: 0, timestamp: 7382394804334179328; from CondDBESSource::setIntervalFor
%MSG
%MSG-i CondDBESSource:  PostBeginProcessBlock 09-Feb-2026 14:36:45 CET  PostBeginProcessBlock
Validity coming from IOV sequence for record "GBRWrapperRcd" and label "HIMVASelectorLowPtTripletStep_Phase1": (1, 18446744073709551615) for time (type: runnumber) 382216; from CondDBESSource::setIntervalFor
%MSG
%MSG-i CondDBESSource:  PostBeginProcessBlock 09-Feb-2026 14:36:45 CET  PostBeginProcessBlock
Processing record "GBRWrapperRcd" and label "MVADuplicate" for run: 382216 lumi: 0 event: 0, timestamp: 7382394804334179328; from CondDBESSource::setIntervalFor
%MSG
%MSG-i CondDBESSource:  PostBeginProcessBlock 09-Feb-2026 14:36:45 CET  PostBeginProcessBlock
Validity coming from IOV sequence for record "GBRWrapperRcd" and label "MVADuplicate": (1, 18446744073709551615) for time (type: runnumber) 382216; from CondDBESSource::setIntervalFor
%MSG
%MSG-i CondDBESSource:  PostBeginProcessBlock 09-Feb-2026 14:36:45 CET  PostBeginProcessBlock
Processing record "GBRWrapperRcd" and label "PFEcalResolution" for run: 382216 lumi: 0 event: 0, timestamp: 7382394804334179328; from CondDBESSource::setIntervalFor
%MSG
%MSG-i CondDBESSource:  PostBeginProcessBlock 09-Feb-2026 14:36:45 CET  PostBeginProcessBlock
Validity coming from IOV sequence for record "GBRWrapperRcd" and label "PFEcalResolution": (1, 18446744073709551615) for time (type: runnumber) 382216; from CondDBESSource::setIntervalFor
%MSG
%MSG-i CondDBESSource:  PostBeginProcessBlock 09-Feb-2026 14:36:45 CET  PostBeginProcessBlock
Processing record "GBRWrapperRcd" and label "PFGCorrectionBar" for run: 382216 lumi: 0 event: 0, timestamp: 7382394804334179328; from CondDBESSource::setIntervalFor
%MSG
%MSG-i CondDBESSource:  PostBeginProcessBlock 09-Feb-2026 14:36:45 CET  PostBeginProcessBlock
Validity coming from IOV sequence for record "GBRWrapperRcd" and label "PFGCorrectionBar": (1, 18446744073709551615) for time (type: runnumber) 382216; from CondDBESSource::setIntervalFor
%MSG
%MSG-i CondDBESSource:  PostBeginProcessBlock 09-Feb-2026 14:36:45 CET  PostBeginProcessBlock
Processing record "GBRWrapperRcd" and label "PFGCorrectionEndHighR9" for run: 382216 lumi: 0 event: 0, timestamp: 7382394804334179328; from CondDBESSource::setIntervalFor
%MSG
%MSG-i CondDBESSource:  PostBeginProcessBlock 09-Feb-2026 14:36:45 CET  PostBeginProcessBlock
Validity coming from IOV sequence for record "GBRWrapperRcd" and label "PFGCorrectionEndHighR9": (1, 18446744073709551615) for time (type: runnumber) 382216; from CondDBESSource::setIntervalFor
%MSG
%MSG-i CondDBESSource:  PostBeginProcessBlock 09-Feb-2026 14:36:45 CET  PostBeginProcessBlock
Processing record "GBRWrapperRcd" and label "PFGCorrectionEndLowR9" for run: 382216 lumi: 0 event: 0, timestamp: 7382394804334179328; from CondDBESSource::setIntervalFor
%MSG
%MSG-i CondDBESSource:  PostBeginProcessBlock 09-Feb-2026 14:36:45 CET  PostBeginProcessBlock
Validity coming from IOV sequence for record "GBRWrapperRcd" and label "PFGCorrectionEndLowR9": (1, 18446744073709551615) for time (type: runnumber) 382216; from CondDBESSource::setIntervalFor
%MSG
%MSG-i CondDBESSource:  PostBeginProcessBlock 09-Feb-2026 14:36:45 CET  PostBeginProcessBlock
Processing record "GBRWrapperRcd" and label "PFGlobalCorrection" for run: 382216 lumi: 0 event: 0, timestamp: 7382394804334179328; from CondDBESSource::setIntervalFor
%MSG
%MSG-i CondDBESSource:  PostBeginProcessBlock 09-Feb-2026 14:36:45 CET  PostBeginProcessBlock
Validity coming from IOV sequence for record "GBRWrapperRcd" and label "PFGlobalCorrection": (1, 18446744073709551615) for time (type: runnumber) 382216; from CondDBESSource::setIntervalFor
%MSG
%MSG-i CondDBESSource:  PostBeginProcessBlock 09-Feb-2026 14:36:45 CET  PostBeginProcessBlock
Processing record "GBRWrapperRcd" and label "PFLCCorrection" for run: 382216 lumi: 0 event: 0, timestamp: 7382394804334179328; from CondDBESSource::setIntervalFor
%MSG
%MSG-i CondDBESSource:  PostBeginProcessBlock 09-Feb-2026 14:36:45 CET  PostBeginProcessBlock
Validity coming from IOV sequence for record "GBRWrapperRcd" and label "PFLCCorrection": (1, 18446744073709551615) for time (type: runnumber) 382216; from CondDBESSource::setIntervalFor
%MSG
%MSG-i CondDBESSource:  PostBeginProcessBlock 09-Feb-2026 14:36:45 CET  PostBeginProcessBlock
Processing record "GBRWrapperRcd" and label "PFLCorrectionBar" for run: 382216 lumi: 0 event: 0, timestamp: 7382394804334179328; from CondDBESSource::setIntervalFor
%MSG
%MSG-i CondDBESSource:  PostBeginProcessBlock 09-Feb-2026 14:36:45 CET  PostBeginProcessBlock
Validity coming from IOV sequence for record "GBRWrapperRcd" and label "PFLCorrectionBar": (1, 18446744073709551615) for time (type: runnumber) 382216; from CondDBESSource::setIntervalFor
%MSG
%MSG-i CondDBESSource:  PostBeginProcessBlock 09-Feb-2026 14:36:45 CET  PostBeginProcessBlock
Processing record "GBRWrapperRcd" and label "PFLCorrectionEnd" for run: 382216 lumi: 0 event: 0, timestamp: 7382394804334179328; from CondDBESSource::setIntervalFor
%MSG
%MSG-i CondDBESSource:  PostBeginProcessBlock 09-Feb-2026 14:36:45 CET  PostBeginProcessBlock
Validity coming from IOV sequence for record "GBRWrapperRcd" and label "PFLCorrectionEnd": (1, 18446744073709551615) for time (type: runnumber) 382216; from CondDBESSource::setIntervalFor
%MSG
%MSG-i CondDBESSource:  PostBeginProcessBlock 09-Feb-2026 14:36:45 CET  PostBeginProcessBlock
Processing record "GBRWrapperRcd" and label "PFResolution" for run: 382216 lumi: 0 event: 0, timestamp: 7382394804334179328; from CondDBESSource::setIntervalFor
%MSG
%MSG-i CondDBESSource:  PostBeginProcessBlock 09-Feb-2026 14:36:45 CET  PostBeginProcessBlock
Validity coming from IOV sequence for record "GBRWrapperRcd" and label "PFResolution": (1, 18446744073709551615) for time (type: runnumber) 382216; from CondDBESSource::setIntervalFor
%MSG
%MSG-i CondDBESSource:  PostBeginProcessBlock 09-Feb-2026 14:36:45 CET  PostBeginProcessBlock
Processing record "GBRWrapperRcd" and label "RecoTauTag_antiElectronMVA_NoEleMatch_wGwoGSF_BL" for run: 382216 lumi: 0 event: 0, timestamp: 7382394804334179328; from CondDBESSource::setIntervalFor
%MSG
%MSG-i CondDBESSource:  PostBeginProcessBlock 09-Feb-2026 14:36:45 CET  PostBeginProcessBlock
Validity coming from IOV sequence for record "GBRWrapperRcd" and label "RecoTauTag_antiElectronMVA_NoEleMatch_wGwoGSF_BL": (1, 18446744073709551615) for time (type: runnumber) 382216; from CondDBESSource::setIntervalFor
%MSG
%MSG-i CondDBESSource:  PostBeginProcessBlock 09-Feb-2026 14:36:45 CET  PostBeginProcessBlock
Processing record "GBRWrapperRcd" and label "RecoTauTag_antiElectronMVA_NoEleMatch_wGwoGSF_EC" for run: 382216 lumi: 0 event: 0, timestamp: 7382394804334179328; from CondDBESSource::setIntervalFor
%MSG
%MSG-i CondDBESSource:  PostBeginProcessBlock 09-Feb-2026 14:36:45 CET  PostBeginProcessBlock
Validity coming from IOV sequence for record "GBRWrapperRcd" and label "RecoTauTag_antiElectronMVA_NoEleMatch_wGwoGSF_EC": (1, 18446744073709551615) for time (type: runnumber) 382216; from CondDBESSource::setIntervalFor
%MSG
%MSG-i CondDBESSource:  PostBeginProcessBlock 09-Feb-2026 14:36:45 CET  PostBeginProcessBlock
Processing record "GBRWrapperRcd" and label "RecoTauTag_antiElectronMVA_NoEleMatch_woGwoGSF_BL" for run: 382216 lumi: 0 event: 0, timestamp: 7382394804334179328; from CondDBESSource::setIntervalFor
%MSG
%MSG-i CondDBESSource:  PostBeginProcessBlock 09-Feb-2026 14:36:45 CET  PostBeginProcessBlock
Validity coming from IOV sequence for record "GBRWrapperRcd" and label "RecoTauTag_antiElectronMVA_NoEleMatch_woGwoGSF_BL": (1, 18446744073709551615) for time (type: runnumber) 382216; from CondDBESSource::setIntervalFor
%MSG
%MSG-i CondDBESSource:  PostBeginProcessBlock 09-Feb-2026 14:36:45 CET  PostBeginProcessBlock
Processing record "GBRWrapperRcd" and label "RecoTauTag_antiElectronMVA_NoEleMatch_woGwoGSF_EC" for run: 382216 lumi: 0 event: 0, timestamp: 7382394804334179328; from CondDBESSource::setIntervalFor
%MSG
%MSG-i CondDBESSource:  PostBeginProcessBlock 09-Feb-2026 14:36:45 CET  PostBeginProcessBlock
Validity coming from IOV sequence for record "GBRWrapperRcd" and label "RecoTauTag_antiElectronMVA_NoEleMatch_woGwoGSF_EC": (1, 18446744073709551615) for time (type: runnumber) 382216; from CondDBESSource::setIntervalFor
%MSG
%MSG-i CondDBESSource:  PostBeginProcessBlock 09-Feb-2026 14:36:45 CET  PostBeginProcessBlock
Processing record "GBRWrapperRcd" and label "RecoTauTag_antiElectronMVA_wGwGSF_BL" for run: 382216 lumi: 0 event: 0, timestamp: 7382394804334179328; from CondDBESSource::setIntervalFor
%MSG
%MSG-i CondDBESSource:  PostBeginProcessBlock 09-Feb-2026 14:36:45 CET  PostBeginProcessBlock
Validity coming from IOV sequence for record "GBRWrapperRcd" and label "RecoTauTag_antiElectronMVA_wGwGSF_BL": (1, 18446744073709551615) for time (type: runnumber) 382216; from CondDBESSource::setIntervalFor
%MSG
%MSG-i CondDBESSource:  PostBeginProcessBlock 09-Feb-2026 14:36:45 CET  PostBeginProcessBlock
Processing record "GBRWrapperRcd" and label "RecoTauTag_antiElectronMVA_wGwGSF_EC" for run: 382216 lumi: 0 event: 0, timestamp: 7382394804334179328; from CondDBESSource::setIntervalFor
%MSG
%MSG-i CondDBESSource:  PostBeginProcessBlock 09-Feb-2026 14:36:45 CET  PostBeginProcessBlock
Validity coming from IOV sequence for record "GBRWrapperRcd" and label "RecoTauTag_antiElectronMVA_wGwGSF_EC": (1, 18446744073709551615) for time (type: runnumber) 382216; from CondDBESSource::setIntervalFor
%MSG
%MSG-i CondDBESSource:  PostBeginProcessBlock 09-Feb-2026 14:36:45 CET  PostBeginProcessBlock
Processing record "GBRWrapperRcd" and label "RecoTauTag_antiElectronMVA_woGwGSF_BL" for run: 382216 lumi: 0 event: 0, timestamp: 7382394804334179328; from CondDBESSource::setIntervalFor
%MSG
%MSG-i CondDBESSource:  PostBeginProcessBlock 09-Feb-2026 14:36:45 CET  PostBeginProcessBlock
Validity coming from IOV sequence for record "GBRWrapperRcd" and label "RecoTauTag_antiElectronMVA_woGwGSF_BL": (1, 18446744073709551615) for time (type: runnumber) 382216; from CondDBESSource::setIntervalFor
%MSG
%MSG-i CondDBESSource:  PostBeginProcessBlock 09-Feb-2026 14:36:45 CET  PostBeginProcessBlock
Processing record "GBRWrapperRcd" and label "RecoTauTag_antiElectronMVA_woGwGSF_EC" for run: 382216 lumi: 0 event: 0, timestamp: 7382394804334179328; from CondDBESSource::setIntervalFor
%MSG
%MSG-i CondDBESSource:  PostBeginProcessBlock 09-Feb-2026 14:36:45 CET  PostBeginProcessBlock
Validity coming from IOV sequence for record "GBRWrapperRcd" and label "RecoTauTag_antiElectronMVA_woGwGSF_EC": (1, 18446744073709551615) for time (type: runnumber) 382216; from CondDBESSource::setIntervalFor
%MSG
%MSG-i CondDBESSource:  PostBeginProcessBlock 09-Feb-2026 14:36:45 CET  PostBeginProcessBlock
Processing record "GBRWrapperRcd" and label "RecoTauTag_tauIdMVAIsoDBnewDMwLT" for run: 382216 lumi: 0 event: 0, timestamp: 7382394804334179328; from CondDBESSource::setIntervalFor
%MSG
%MSG-i CondDBESSource:  PostBeginProcessBlock 09-Feb-2026 14:36:45 CET  PostBeginProcessBlock
Validity coming from IOV sequence for record "GBRWrapperRcd" and label "RecoTauTag_tauIdMVAIsoDBnewDMwLT": (1, 18446744073709551615) for time (type: runnumber) 382216; from CondDBESSource::setIntervalFor
%MSG
%MSG-i CondDBESSource:  PostBeginProcessBlock 09-Feb-2026 14:36:45 CET  PostBeginProcessBlock
Processing record "GBRWrapperRcd" and label "RecoTauTag_tauIdMVAIsoDBoldDMdR0p3wLT" for run: 382216 lumi: 0 event: 0, timestamp: 7382394804334179328; from CondDBESSource::setIntervalFor
%MSG
%MSG-i CondDBESSource:  PostBeginProcessBlock 09-Feb-2026 14:36:45 CET  PostBeginProcessBlock
Validity coming from IOV sequence for record "GBRWrapperRcd" and label "RecoTauTag_tauIdMVAIsoDBoldDMdR0p3wLT": (1, 18446744073709551615) for time (type: runnumber) 382216; from CondDBESSource::setIntervalFor
%MSG
%MSG-i CondDBESSource:  PostBeginProcessBlock 09-Feb-2026 14:36:45 CET  PostBeginProcessBlock
Processing record "GBRWrapperRcd" and label "RecoTauTag_tauIdMVAIsoDBoldDMwLT" for run: 382216 lumi: 0 event: 0, timestamp: 7382394804334179328; from CondDBESSource::setIntervalFor
%MSG
%MSG-i CondDBESSource:  PostBeginProcessBlock 09-Feb-2026 14:36:45 CET  PostBeginProcessBlock
Validity coming from IOV sequence for record "GBRWrapperRcd" and label "RecoTauTag_tauIdMVAIsoDBoldDMwLT": (1, 18446744073709551615) for time (type: runnumber) 382216; from CondDBESSource::setIntervalFor
%MSG
%MSG-i CondDBESSource:  PostBeginProcessBlock 09-Feb-2026 14:36:45 CET  PostBeginProcessBlock
Processing record "GBRWrapperRcd" and label "gedelectron_EBCorrection_offline_v1" for run: 382216 lumi: 0 event: 0, timestamp: 7382394804334179328; from CondDBESSource::setIntervalFor
%MSG
%MSG-i CondDBESSource:  PostBeginProcessBlock 09-Feb-2026 14:36:45 CET  PostBeginProcessBlock
Validity coming from IOV sequence for record "GBRWrapperRcd" and label "gedelectron_EBCorrection_offline_v1": (1, 18446744073709551615) for time (type: runnumber) 382216; from CondDBESSource::setIntervalFor
%MSG
%MSG-i CondDBESSource:  PostBeginProcessBlock 09-Feb-2026 14:36:45 CET  PostBeginProcessBlock
Processing record "GBRWrapperRcd" and label "gedelectron_EBUncertainty_offline_v1" for run: 382216 lumi: 0 event: 0, timestamp: 7382394804334179328; from CondDBESSource::setIntervalFor
%MSG
%MSG-i CondDBESSource:  PostBeginProcessBlock 09-Feb-2026 14:36:45 CET  PostBeginProcessBlock
Validity coming from IOV sequence for record "GBRWrapperRcd" and label "gedelectron_EBUncertainty_offline_v1": (1, 18446744073709551615) for time (type: runnumber) 382216; from CondDBESSource::setIntervalFor
%MSG
%MSG-i CondDBESSource:  PostBeginProcessBlock 09-Feb-2026 14:36:45 CET  PostBeginProcessBlock
Processing record "GBRWrapperRcd" and label "gedelectron_EECorrection_offline_v1" for run: 382216 lumi: 0 event: 0, timestamp: 7382394804334179328; from CondDBESSource::setIntervalFor
%MSG
%MSG-i CondDBESSource:  PostBeginProcessBlock 09-Feb-2026 14:36:45 CET  PostBeginProcessBlock
Validity coming from IOV sequence for record "GBRWrapperRcd" and label "gedelectron_EECorrection_offline_v1": (1, 18446744073709551615) for time (type: runnumber) 382216; from CondDBESSource::setIntervalFor
%MSG
%MSG-i CondDBESSource:  PostBeginProcessBlock 09-Feb-2026 14:36:45 CET  PostBeginProcessBlock
Processing record "GBRWrapperRcd" and label "gedelectron_EEUncertainty_offline_v1" for run: 382216 lumi: 0 event: 0, timestamp: 7382394804334179328; from CondDBESSource::setIntervalFor
%MSG
%MSG-i CondDBESSource:  PostBeginProcessBlock 09-Feb-2026 14:36:45 CET  PostBeginProcessBlock
Validity coming from IOV sequence for record "GBRWrapperRcd" and label "gedelectron_EEUncertainty_offline_v1": (1, 18446744073709551615) for time (type: runnumber) 382216; from CondDBESSource::setIntervalFor
%MSG
%MSG-i CondDBESSource:  PostBeginProcessBlock 09-Feb-2026 14:36:45 CET  PostBeginProcessBlock
Processing record "GBRWrapperRcd" and label "gedelectron_p4combination_25ns" for run: 382216 lumi: 0 event: 0, timestamp: 7382394804334179328; from CondDBESSource::setIntervalFor
%MSG
%MSG-i CondDBESSource:  PostBeginProcessBlock 09-Feb-2026 14:36:45 CET  PostBeginProcessBlock
Validity coming from IOV sequence for record "GBRWrapperRcd" and label "gedelectron_p4combination_25ns": (1, 18446744073709551615) for time (type: runnumber) 382216; from CondDBESSource::setIntervalFor
%MSG
%MSG-i CondDBESSource:  PostBeginProcessBlock 09-Feb-2026 14:36:45 CET  PostBeginProcessBlock
Processing record "GBRWrapperRcd" and label "gedelectron_p4combination_50ns" for run: 382216 lumi: 0 event: 0, timestamp: 7382394804334179328; from CondDBESSource::setIntervalFor
%MSG
%MSG-i CondDBESSource:  PostBeginProcessBlock 09-Feb-2026 14:36:45 CET  PostBeginProcessBlock
Validity coming from IOV sequence for record "GBRWrapperRcd" and label "gedelectron_p4combination_50ns": (1, 18446744073709551615) for time (type: runnumber) 382216; from CondDBESSource::setIntervalFor
%MSG
%MSG-i CondDBESSource:  PostBeginProcessBlock 09-Feb-2026 14:36:45 CET  PostBeginProcessBlock
Processing record "GBRWrapperRcd" and label "gedelectron_p4combination_offline" for run: 382216 lumi: 0 event: 0, timestamp: 7382394804334179328; from CondDBESSource::setIntervalFor
%MSG
%MSG-i CondDBESSource:  PostBeginProcessBlock 09-Feb-2026 14:36:45 CET  PostBeginProcessBlock
Validity coming from IOV sequence for record "GBRWrapperRcd" and label "gedelectron_p4combination_offline": (1, 18446744073709551615) for time (type: runnumber) 382216; from CondDBESSource::setIntervalFor
%MSG
%MSG-i CondDBESSource:  PostBeginProcessBlock 09-Feb-2026 14:36:45 CET  PostBeginProcessBlock
Processing record "GBRWrapperRcd" and label "gedphoton_EBCorrection_offline_v1" for run: 382216 lumi: 0 event: 0, timestamp: 7382394804334179328; from CondDBESSource::setIntervalFor
%MSG
%MSG-i CondDBESSource:  PostBeginProcessBlock 09-Feb-2026 14:36:45 CET  PostBeginProcessBlock
Validity coming from IOV sequence for record "GBRWrapperRcd" and label "gedphoton_EBCorrection_offline_v1": (1, 18446744073709551615) for time (type: runnumber) 382216; from CondDBESSource::setIntervalFor
%MSG
%MSG-i CondDBESSource:  PostBeginProcessBlock 09-Feb-2026 14:36:45 CET  PostBeginProcessBlock
Processing record "GBRWrapperRcd" and label "gedphoton_EBUncertainty_offline_v1" for run: 382216 lumi: 0 event: 0, timestamp: 7382394804334179328; from CondDBESSource::setIntervalFor
%MSG
%MSG-i CondDBESSource:  PostBeginProcessBlock 09-Feb-2026 14:36:45 CET  PostBeginProcessBlock
Validity coming from IOV sequence for record "GBRWrapperRcd" and label "gedphoton_EBUncertainty_offline_v1": (1, 18446744073709551615) for time (type: runnumber) 382216; from CondDBESSource::setIntervalFor
%MSG
%MSG-i CondDBESSource:  PostBeginProcessBlock 09-Feb-2026 14:36:45 CET  PostBeginProcessBlock
Processing record "GBRWrapperRcd" and label "gedphoton_EECorrection_offline_v1" for run: 382216 lumi: 0 event: 0, timestamp: 7382394804334179328; from CondDBESSource::setIntervalFor
%MSG
%MSG-i CondDBESSource:  PostBeginProcessBlock 09-Feb-2026 14:36:45 CET  PostBeginProcessBlock
Validity coming from IOV sequence for record "GBRWrapperRcd" and label "gedphoton_EECorrection_offline_v1": (1, 18446744073709551615) for time (type: runnumber) 382216; from CondDBESSource::setIntervalFor
%MSG
%MSG-i CondDBESSource:  PostBeginProcessBlock 09-Feb-2026 14:36:45 CET  PostBeginProcessBlock
Processing record "GBRWrapperRcd" and label "gedphoton_EEUncertainty_offline_v1" for run: 382216 lumi: 0 event: 0, timestamp: 7382394804334179328; from CondDBESSource::setIntervalFor
%MSG
%MSG-i CondDBESSource:  PostBeginProcessBlock 09-Feb-2026 14:36:45 CET  PostBeginProcessBlock
Validity coming from IOV sequence for record "GBRWrapperRcd" and label "gedphoton_EEUncertainty_offline_v1": (1, 18446744073709551615) for time (type: runnumber) 382216; from CondDBESSource::setIntervalFor
%MSG
%MSG-i CondDBESSource:  PostBeginProcessBlock 09-Feb-2026 14:36:45 CET  PostBeginProcessBlock
Processing record "GBRWrapperRcd" and label "pfscecal_EBCorrection_offline_v1" for run: 382216 lumi: 0 event: 0, timestamp: 7382394804334179328; from CondDBESSource::setIntervalFor
%MSG
%MSG-i CondDBESSource:  PostBeginProcessBlock 09-Feb-2026 14:36:45 CET  PostBeginProcessBlock
Validity coming from IOV sequence for record "GBRWrapperRcd" and label "pfscecal_EBCorrection_offline_v1": (1, 18446744073709551615) for time (type: runnumber) 382216; from CondDBESSource::setIntervalFor
%MSG
%MSG-i CondDBESSource:  PostBeginProcessBlock 09-Feb-2026 14:36:45 CET  PostBeginProcessBlock
Processing record "GBRWrapperRcd" and label "pfscecal_EECorrection_offline_v1" for run: 382216 lumi: 0 event: 0, timestamp: 7382394804334179328; from CondDBESSource::setIntervalFor
%MSG
%MSG-i CondDBESSource:  PostBeginProcessBlock 09-Feb-2026 14:36:45 CET  PostBeginProcessBlock
Validity coming from IOV sequence for record "GBRWrapperRcd" and label "pfscecal_EECorrection_offline_v1": (1, 18446744073709551615) for time (type: runnumber) 382216; from CondDBESSource::setIntervalFor
%MSG
%MSG-i CondDBESSource:  PostBeginProcessBlock 09-Feb-2026 14:36:45 CET  PostBeginProcessBlock
Processing record "GBRWrapperRcd" and label "wgbrph_EBCorrection" for run: 382216 lumi: 0 event: 0, timestamp: 7382394804334179328; from CondDBESSource::setIntervalFor
%MSG
%MSG-i CondDBESSource:  PostBeginProcessBlock 09-Feb-2026 14:36:45 CET  PostBeginProcessBlock
Validity coming from IOV sequence for record "GBRWrapperRcd" and label "wgbrph_EBCorrection": (1, 18446744073709551615) for time (type: runnumber) 382216; from CondDBESSource::setIntervalFor
%MSG
%MSG-i CondDBESSource:  PostBeginProcessBlock 09-Feb-2026 14:36:45 CET  PostBeginProcessBlock
Processing record "GBRWrapperRcd" and label "wgbrph_EBUncertainty" for run: 382216 lumi: 0 event: 0, timestamp: 7382394804334179328; from CondDBESSource::setIntervalFor
%MSG
%MSG-i CondDBESSource:  PostBeginProcessBlock 09-Feb-2026 14:36:45 CET  PostBeginProcessBlock
Validity coming from IOV sequence for record "GBRWrapperRcd" and label "wgbrph_EBUncertainty": (1, 18446744073709551615) for time (type: runnumber) 382216; from CondDBESSource::setIntervalFor
%MSG
%MSG-i CondDBESSource:  PostBeginProcessBlock 09-Feb-2026 14:36:45 CET  PostBeginProcessBlock
Processing record "GBRWrapperRcd" and label "wgbrph_EECorrection" for run: 382216 lumi: 0 event: 0, timestamp: 7382394804334179328; from CondDBESSource::setIntervalFor
%MSG
%MSG-i CondDBESSource:  PostBeginProcessBlock 09-Feb-2026 14:36:45 CET  PostBeginProcessBlock
Validity coming from IOV sequence for record "GBRWrapperRcd" and label "wgbrph_EECorrection": (1, 18446744073709551615) for time (type: runnumber) 382216; from CondDBESSource::setIntervalFor
%MSG
%MSG-i CondDBESSource:  PostBeginProcessBlock 09-Feb-2026 14:36:45 CET  PostBeginProcessBlock
Processing record "GBRWrapperRcd" and label "wgbrph_EEUncertainty" for run: 382216 lumi: 0 event: 0, timestamp: 7382394804334179328; from CondDBESSource::setIntervalFor
%MSG
%MSG-i CondDBESSource:  PostBeginProcessBlock 09-Feb-2026 14:36:45 CET  PostBeginProcessBlock
Validity coming from IOV sequence for record "GBRWrapperRcd" and label "wgbrph_EEUncertainty": (1, 18446744073709551615) for time (type: runnumber) 382216; from CondDBESSource::setIntervalFor
%MSG
%MSG-i CondDBESSource:  PostBeginProcessBlock 09-Feb-2026 14:36:45 CET  PostBeginProcessBlock
Setting validity for record "GBRWrapperRcd" and corresponding label(s): starting at run: 1 lumi: 0 event: 0, timestamp: 0, ending at run: 4294967295 lumi: 4294967295 event: 18446744073709551615, timestamp: 0, for run: 382216 lumi: 0 event: 0, timestamp: 7382394804334179328; from CondDBESSource::setIntervalFor
%MSG
%MSG-i CondDBESSource:  PostBeginProcessBlock 09-Feb-2026 14:36:45 CET  PostBeginProcessBlock
Getting data for record "HcalPFCutsRcd" to be consumed on Run: 382216 - Lumiblock:0 - Timestamp: 7382394804334179328; from CondDBESSource::setIntervalFor
%MSG
%MSG-i CondDBESSource:  PostBeginProcessBlock 09-Feb-2026 14:36:45 CET  PostBeginProcessBlock
Processing record "HcalPFCutsRcd" and label "" for run: 382216 lumi: 0 event: 0, timestamp: 7382394804334179328; from CondDBESSource::setIntervalFor
%MSG
%MSG-i CondDBESSource:  PostBeginProcessBlock 09-Feb-2026 14:36:45 CET  PostBeginProcessBlock
Validity coming from IOV sequence for record "HcalPFCutsRcd" and label "": (362975, 391853) for time (type: runnumber) 382216; from CondDBESSource::setIntervalFor
%MSG
%MSG-i CondDBESSource:  PostBeginProcessBlock 09-Feb-2026 14:36:45 CET  PostBeginProcessBlock
Setting validity for record "HcalPFCutsRcd" and corresponding label(s): starting at run: 362975 lumi: 0 event: 0, timestamp: 0, ending at run: 391853 lumi: 4294967295 event: 18446744073709551615, timestamp: 0, for run: 382216 lumi: 0 event: 0, timestamp: 7382394804334179328; from CondDBESSource::setIntervalFor
%MSG
%MSG-i CondDBESSource:  PostBeginProcessBlock 09-Feb-2026 14:36:45 CET  PostBeginProcessBlock
Getting data for record "HeavyIonRPRcd" to be consumed on Run: 382216 - Lumiblock:0 - Timestamp: 7382394804334179328; from CondDBESSource::setIntervalFor
%MSG
%MSG-i CondDBESSource:  PostBeginProcessBlock 09-Feb-2026 14:36:45 CET  PostBeginProcessBlock
Processing record "HeavyIonRPRcd" and label "" for run: 382216 lumi: 0 event: 0, timestamp: 7382394804334179328; from CondDBESSource::setIntervalFor
%MSG
%MSG-i CondDBESSource:  PostBeginProcessBlock 09-Feb-2026 14:36:45 CET  PostBeginProcessBlock
Validity coming from IOV sequence for record "HeavyIonRPRcd" and label "": (1, 18446744073709551615) for time (type: runnumber) 382216; from CondDBESSource::setIntervalFor
%MSG
%MSG-i CondDBESSource:  PostBeginProcessBlock 09-Feb-2026 14:36:45 CET  PostBeginProcessBlock
Setting validity for record "HeavyIonRPRcd" and corresponding label(s): starting at run: 1 lumi: 0 event: 0, timestamp: 0, ending at run: 4294967295 lumi: 4294967295 event: 18446744073709551615, timestamp: 0, for run: 382216 lumi: 0 event: 0, timestamp: 7382394804334179328; from CondDBESSource::setIntervalFor
%MSG
%MSG-i CondDBESSource:  PostBeginProcessBlock 09-Feb-2026 14:36:45 CET  PostBeginProcessBlock
Getting data for record "PCaloTowerRcd" to be consumed on Run: 382216 - Lumiblock:0 - Timestamp: 7382394804334179328; from CondDBESSource::setIntervalFor
%MSG
%MSG-i CondDBESSource:  PostBeginProcessBlock 09-Feb-2026 14:36:45 CET  PostBeginProcessBlock
Processing record "PCaloTowerRcd" and label "" for run: 382216 lumi: 0 event: 0, timestamp: 7382394804334179328; from CondDBESSource::setIntervalFor
%MSG
%MSG-i CondDBESSource:  PostBeginProcessBlock 09-Feb-2026 14:36:45 CET  PostBeginProcessBlock
Validity coming from IOV sequence for record "PCaloTowerRcd" and label "": (347532, 18446744073709551615) for time (type: runnumber) 382216; from CondDBESSource::setIntervalFor
%MSG
%MSG-i CondDBESSource:  PostBeginProcessBlock 09-Feb-2026 14:36:45 CET  PostBeginProcessBlock
Setting validity for record "PCaloTowerRcd" and corresponding label(s): starting at run: 347532 lumi: 0 event: 0, timestamp: 0, ending at run: 4294967295 lumi: 4294967295 event: 18446744073709551615, timestamp: 0, for run: 382216 lumi: 0 event: 0, timestamp: 7382394804334179328; from CondDBESSource::setIntervalFor
%MSG
%MSG-i CondDBESSource:  PostBeginProcessBlock 09-Feb-2026 14:36:45 CET  PostBeginProcessBlock
Getting data for record "CSCBadWiresRcd" to be consumed on Run: 382216 - Lumiblock:0 - Timestamp: 7382394804334179328; from CondDBESSource::setIntervalFor
%MSG
%MSG-i CondDBESSource:  PostBeginProcessBlock 09-Feb-2026 14:36:45 CET  PostBeginProcessBlock
Processing record "CSCBadWiresRcd" and label "" for run: 382216 lumi: 0 event: 0, timestamp: 7382394804334179328; from CondDBESSource::setIntervalFor
%MSG
%MSG-i CondDBESSource:  PostBeginProcessBlock 09-Feb-2026 14:36:45 CET  PostBeginProcessBlock
Validity coming from IOV sequence for record "CSCBadWiresRcd" and label "": (248826, 18446744073709551615) for time (type: runnumber) 382216; from CondDBESSource::setIntervalFor
%MSG
%MSG-i CondDBESSource:  PostBeginProcessBlock 09-Feb-2026 14:36:45 CET  PostBeginProcessBlock
Setting validity for record "CSCBadWiresRcd" and corresponding label(s): starting at run: 248826 lumi: 0 event: 0, timestamp: 0, ending at run: 4294967295 lumi: 4294967295 event: 18446744073709551615, timestamp: 0, for run: 382216 lumi: 0 event: 0, timestamp: 7382394804334179328; from CondDBESSource::setIntervalFor
%MSG
%MSG-i CondDBESSource:  PostBeginProcessBlock 09-Feb-2026 14:36:45 CET  PostBeginProcessBlock
Getting data for record "CSCCrateMapRcd" to be consumed on Run: 382216 - Lumiblock:0 - Timestamp: 7382394804334179328; from CondDBESSource::setIntervalFor
%MSG
%MSG-i CondDBESSource:  PostBeginProcessBlock 09-Feb-2026 14:36:45 CET  PostBeginProcessBlock
Processing record "CSCCrateMapRcd" and label "" for run: 382216 lumi: 0 event: 0, timestamp: 7382394804334179328; from CondDBESSource::setIntervalFor
%MSG
%MSG-i CondDBESSource:  PostBeginProcessBlock 09-Feb-2026 14:36:45 CET  PostBeginProcessBlock
Validity coming from IOV sequence for record "CSCCrateMapRcd" and label "": (1, 18446744073709551615) for time (type: runnumber) 382216; from CondDBESSource::setIntervalFor
%MSG
%MSG-i CondDBESSource:  PostBeginProcessBlock 09-Feb-2026 14:36:45 CET  PostBeginProcessBlock
Setting validity for record "CSCCrateMapRcd" and corresponding label(s): starting at run: 1 lumi: 0 event: 0, timestamp: 0, ending at run: 4294967295 lumi: 4294967295 event: 18446744073709551615, timestamp: 0, for run: 382216 lumi: 0 event: 0, timestamp: 7382394804334179328; from CondDBESSource::setIntervalFor
%MSG
%MSG-i CondDBESSource:  PostBeginProcessBlock 09-Feb-2026 14:36:45 CET  PostBeginProcessBlock
Getting data for record "CTPPSOpticsRcd" to be consumed on Run: 382216 - Lumiblock:0 - Timestamp: 7382394804334179328; from CondDBESSource::setIntervalFor
%MSG
%MSG-i CondDBESSource:  PostBeginProcessBlock 09-Feb-2026 14:36:45 CET  PostBeginProcessBlock
Processing record "CTPPSOpticsRcd" and label "" for run: 382216 lumi: 0 event: 0, timestamp: 7382394804334179328; from CondDBESSource::setIntervalFor
%MSG
%MSG-i CondDBESSource:  PostBeginProcessBlock 09-Feb-2026 14:36:45 CET  PostBeginProcessBlock
Validity coming from IOV sequence for record "CTPPSOpticsRcd" and label "": (378765, 390936) for time (type: runnumber) 382216; from CondDBESSource::setIntervalFor
%MSG
%MSG-i CondDBESSource:  PostBeginProcessBlock 09-Feb-2026 14:36:45 CET  PostBeginProcessBlock
Setting validity for record "CTPPSOpticsRcd" and corresponding label(s): starting at run: 378765 lumi: 0 event: 0, timestamp: 0, ending at run: 390936 lumi: 4294967295 event: 18446744073709551615, timestamp: 0, for run: 382216 lumi: 0 event: 0, timestamp: 7382394804334179328; from CondDBESSource::setIntervalFor
%MSG
%MSG-i CondDBESSource:  PostBeginProcessBlock 09-Feb-2026 14:36:45 CET  PostBeginProcessBlock
Getting data for record "DTAlignmentRcd" to be consumed on Run: 382216 - Lumiblock:0 - Timestamp: 7382394804334179328; from CondDBESSource::setIntervalFor
%MSG
%MSG-i CondDBESSource:  PostBeginProcessBlock 09-Feb-2026 14:36:45 CET  PostBeginProcessBlock
Processing record "DTAlignmentRcd" and label "" for run: 382216 lumi: 0 event: 0, timestamp: 7382394804334179328; from CondDBESSource::setIntervalFor
%MSG
%MSG-i CondDBESSource:  PostBeginProcessBlock 09-Feb-2026 14:36:45 CET  PostBeginProcessBlock
Validity coming from IOV sequence for record "DTAlignmentRcd" and label "": (380726, 387803) for time (type: runnumber) 382216; from CondDBESSource::setIntervalFor
%MSG
%MSG-i CondDBESSource:  PostBeginProcessBlock 09-Feb-2026 14:36:45 CET  PostBeginProcessBlock
Setting validity for record "DTAlignmentRcd" and corresponding label(s): starting at run: 380726 lumi: 0 event: 0, timestamp: 0, ending at run: 387803 lumi: 4294967295 event: 18446744073709551615, timestamp: 0, for run: 382216 lumi: 0 event: 0, timestamp: 7382394804334179328; from CondDBESSource::setIntervalFor
%MSG
%MSG-i CondDBESSource:  PostBeginProcessBlock 09-Feb-2026 14:36:45 CET  PostBeginProcessBlock
Getting data for record "DTCCBConfigRcd" to be consumed on Run: 382216 - Lumiblock:0 - Timestamp: 7382394804334179328; from CondDBESSource::setIntervalFor
%MSG
%MSG-i CondDBESSource:  PostBeginProcessBlock 09-Feb-2026 14:36:45 CET  PostBeginProcessBlock
Processing record "DTCCBConfigRcd" and label "" for run: 382216 lumi: 0 event: 0, timestamp: 7382394804334179328; from CondDBESSource::setIntervalFor
%MSG
%MSG-i CondDBESSource:  PostBeginProcessBlock 09-Feb-2026 14:36:45 CET  PostBeginProcessBlock
Validity coming from IOV sequence for record "DTCCBConfigRcd" and label "": (221540, 18446744073709551615) for time (type: runnumber) 382216; from CondDBESSource::setIntervalFor
%MSG
%MSG-i CondDBESSource:  PostBeginProcessBlock 09-Feb-2026 14:36:45 CET  PostBeginProcessBlock
Setting validity for record "DTCCBConfigRcd" and corresponding label(s): starting at run: 221540 lumi: 0 event: 0, timestamp: 0, ending at run: 4294967295 lumi: 4294967295 event: 18446744073709551615, timestamp: 0, for run: 382216 lumi: 0 event: 0, timestamp: 7382394804334179328; from CondDBESSource::setIntervalFor
%MSG
%MSG-i CondDBESSource:  PostBeginProcessBlock 09-Feb-2026 14:36:45 CET  PostBeginProcessBlock
Getting data for record "EBAlignmentRcd" to be consumed on Run: 382216 - Lumiblock:0 - Timestamp: 7382394804334179328; from CondDBESSource::setIntervalFor
%MSG
%MSG-i CondDBESSource:  PostBeginProcessBlock 09-Feb-2026 14:36:45 CET  PostBeginProcessBlock
Processing record "EBAlignmentRcd" and label "" for run: 382216 lumi: 0 event: 0, timestamp: 7382394804334179328; from CondDBESSource::setIntervalFor
%MSG
%MSG-i CondDBESSource:  PostBeginProcessBlock 09-Feb-2026 14:36:45 CET  PostBeginProcessBlock
Validity coming from IOV sequence for record "EBAlignmentRcd" and label "": (380028, 387799) for time (type: runnumber) 382216; from CondDBESSource::setIntervalFor
%MSG
%MSG-i CondDBESSource:  PostBeginProcessBlock 09-Feb-2026 14:36:45 CET  PostBeginProcessBlock
Setting validity for record "EBAlignmentRcd" and corresponding label(s): starting at run: 380028 lumi: 0 event: 0, timestamp: 0, ending at run: 387799 lumi: 4294967295 event: 18446744073709551615, timestamp: 0, for run: 382216 lumi: 0 event: 0, timestamp: 7382394804334179328; from CondDBESSource::setIntervalFor
%MSG
%MSG-i CondDBESSource:  PostBeginProcessBlock 09-Feb-2026 14:36:45 CET  PostBeginProcessBlock
Getting data for record "EEAlignmentRcd" to be consumed on Run: 382216 - Lumiblock:0 - Timestamp: 7382394804334179328; from CondDBESSource::setIntervalFor
%MSG
%MSG-i CondDBESSource:  PostBeginProcessBlock 09-Feb-2026 14:36:45 CET  PostBeginProcessBlock
Processing record "EEAlignmentRcd" and label "" for run: 382216 lumi: 0 event: 0, timestamp: 7382394804334179328; from CondDBESSource::setIntervalFor
%MSG
%MSG-i CondDBESSource:  PostBeginProcessBlock 09-Feb-2026 14:36:45 CET  PostBeginProcessBlock
Validity coming from IOV sequence for record "EEAlignmentRcd" and label "": (380028, 387799) for time (type: runnumber) 382216; from CondDBESSource::setIntervalFor
%MSG
%MSG-i CondDBESSource:  PostBeginProcessBlock 09-Feb-2026 14:36:45 CET  PostBeginProcessBlock
Setting validity for record "EEAlignmentRcd" and corresponding label(s): starting at run: 380028 lumi: 0 event: 0, timestamp: 0, ending at run: 387799 lumi: 4294967295 event: 18446744073709551615, timestamp: 0, for run: 382216 lumi: 0 event: 0, timestamp: 7382394804334179328; from CondDBESSource::setIntervalFor
%MSG
%MSG-i CondDBESSource:  PostBeginProcessBlock 09-Feb-2026 14:36:45 CET  PostBeginProcessBlock
Getting data for record "ESAlignmentRcd" to be consumed on Run: 382216 - Lumiblock:0 - Timestamp: 7382394804334179328; from CondDBESSource::setIntervalFor
%MSG
%MSG-i CondDBESSource:  PostBeginProcessBlock 09-Feb-2026 14:36:45 CET  PostBeginProcessBlock
Processing record "ESAlignmentRcd" and label "" for run: 382216 lumi: 0 event: 0, timestamp: 7382394804334179328; from CondDBESSource::setIntervalFor
%MSG
%MSG-i CondDBESSource:  PostBeginProcessBlock 09-Feb-2026 14:36:45 CET  PostBeginProcessBlock
Validity coming from IOV sequence for record "ESAlignmentRcd" and label "": (380119, 387799) for time (type: runnumber) 382216; from CondDBESSource::setIntervalFor
%MSG
%MSG-i CondDBESSource:  PostBeginProcessBlock 09-Feb-2026 14:36:45 CET  PostBeginProcessBlock
Setting validity for record "ESAlignmentRcd" and corresponding label(s): starting at run: 380119 lumi: 0 event: 0, timestamp: 0, ending at run: 387799 lumi: 4294967295 event: 18446744073709551615, timestamp: 0, for run: 382216 lumi: 0 event: 0, timestamp: 7382394804334179328; from CondDBESSource::setIntervalFor
%MSG
%MSG-i CondDBESSource:  PostBeginProcessBlock 09-Feb-2026 14:36:45 CET  PostBeginProcessBlock
Getting data for record "ESPedestalsRcd" to be consumed on Run: 382216 - Lumiblock:0 - Timestamp: 7382394804334179328; from CondDBESSource::setIntervalFor
%MSG
%MSG-i CondDBESSource:  PostBeginProcessBlock 09-Feb-2026 14:36:45 CET  PostBeginProcessBlock
Processing record "ESPedestalsRcd" and label "" for run: 382216 lumi: 0 event: 0, timestamp: 7382394804334179328; from CondDBESSource::setIntervalFor
%MSG
%MSG-i CondDBESSource:  PostBeginProcessBlock 09-Feb-2026 14:36:45 CET  PostBeginProcessBlock
Validity coming from IOV sequence for record "ESPedestalsRcd" and label "": (1, 18446744073709551615) for time (type: runnumber) 382216; from CondDBESSource::setIntervalFor
%MSG
%MSG-i CondDBESSource:  PostBeginProcessBlock 09-Feb-2026 14:36:45 CET  PostBeginProcessBlock
Setting validity for record "ESPedestalsRcd" and corresponding label(s): starting at run: 1 lumi: 0 event: 0, timestamp: 0, ending at run: 4294967295 lumi: 4294967295 event: 18446744073709551615, timestamp: 0, for run: 382216 lumi: 0 event: 0, timestamp: 7382394804334179328; from CondDBESSource::setIntervalFor
%MSG
%MSG-i CondDBESSource:  PostBeginProcessBlock 09-Feb-2026 14:36:45 CET  PostBeginProcessBlock
Getting data for record "EcalMappingElectronicsRcd" to be consumed on Run: 382216 - Lumiblock:0 - Timestamp: 7382394804334179328; from CondDBESSource::setIntervalFor
%MSG
%MSG-i CondDBESSource:  PostBeginProcessBlock 09-Feb-2026 14:36:45 CET  PostBeginProcessBlock
Processing record "EcalMappingElectronicsRcd" and label "" for run: 382216 lumi: 0 event: 0, timestamp: 7382394804334179328; from CondDBESSource::setIntervalFor
%MSG
%MSG-i CondDBESSource:  PostBeginProcessBlock 09-Feb-2026 14:36:45 CET  PostBeginProcessBlock
Validity coming from IOV sequence for record "EcalMappingElectronicsRcd" and label "": (1, 18446744073709551615) for time (type: runnumber) 382216; from CondDBESSource::setIntervalFor
%MSG
%MSG-i CondDBESSource:  PostBeginProcessBlock 09-Feb-2026 14:36:45 CET  PostBeginProcessBlock
Setting validity for record "EcalMappingElectronicsRcd" and corresponding label(s): starting at run: 1 lumi: 0 event: 0, timestamp: 0, ending at run: 4294967295 lumi: 4294967295 event: 18446744073709551615, timestamp: 0, for run: 382216 lumi: 0 event: 0, timestamp: 7382394804334179328; from CondDBESSource::setIntervalFor
%MSG
%MSG-i CondDBESSource:  PostBeginProcessBlock 09-Feb-2026 14:36:45 CET  PostBeginProcessBlock
Getting data for record "GBRDWrapperRcd" to be consumed on Run: 382216 - Lumiblock:0 - Timestamp: 7382394804334179328; from CondDBESSource::setIntervalFor
%MSG
%MSG-i CondDBESSource:  PostBeginProcessBlock 09-Feb-2026 14:36:45 CET  PostBeginProcessBlock
Processing record "GBRDWrapperRcd" and label "ecalPFClusterCor2017V2_EB_Full_ptbin1_mean_25ns" for run: 382216 lumi: 0 event: 0, timestamp: 7382394804334179328; from CondDBESSource::setIntervalFor
%MSG
%MSG-i CondDBESSource:  PostBeginProcessBlock 09-Feb-2026 14:36:45 CET  PostBeginProcessBlock
Validity coming from IOV sequence for record "GBRDWrapperRcd" and label "ecalPFClusterCor2017V2_EB_Full_ptbin1_mean_25ns": (347532, 18446744073709551615) for time (type: runnumber) 382216; from CondDBESSource::setIntervalFor
%MSG
%MSG-i CondDBESSource:  PostBeginProcessBlock 09-Feb-2026 14:36:45 CET  PostBeginProcessBlock
Processing record "GBRDWrapperRcd" and label "ecalPFClusterCor2017V2_EB_Full_ptbin1_sigma_25ns" for run: 382216 lumi: 0 event: 0, timestamp: 7382394804334179328; from CondDBESSource::setIntervalFor
%MSG
%MSG-i CondDBESSource:  PostBeginProcessBlock 09-Feb-2026 14:36:45 CET  PostBeginProcessBlock
Validity coming from IOV sequence for record "GBRDWrapperRcd" and label "ecalPFClusterCor2017V2_EB_Full_ptbin1_sigma_25ns": (347532, 18446744073709551615) for time (type: runnumber) 382216; from CondDBESSource::setIntervalFor
%MSG
%MSG-i CondDBESSource:  PostBeginProcessBlock 09-Feb-2026 14:36:45 CET  PostBeginProcessBlock
Processing record "GBRDWrapperRcd" and label "ecalPFClusterCor2017V2_EB_Full_ptbin2_mean_25ns" for run: 382216 lumi: 0 event: 0, timestamp: 7382394804334179328; from CondDBESSource::setIntervalFor
%MSG
%MSG-i CondDBESSource:  PostBeginProcessBlock 09-Feb-2026 14:36:45 CET  PostBeginProcessBlock
Validity coming from IOV sequence for record "GBRDWrapperRcd" and label "ecalPFClusterCor2017V2_EB_Full_ptbin2_mean_25ns": (347532, 18446744073709551615) for time (type: runnumber) 382216; from CondDBESSource::setIntervalFor
%MSG
%MSG-i CondDBESSource:  PostBeginProcessBlock 09-Feb-2026 14:36:45 CET  PostBeginProcessBlock
Processing record "GBRDWrapperRcd" and label "ecalPFClusterCor2017V2_EB_Full_ptbin2_sigma_25ns" for run: 382216 lumi: 0 event: 0, timestamp: 7382394804334179328; from CondDBESSource::setIntervalFor
%MSG
%MSG-i CondDBESSource:  PostBeginProcessBlock 09-Feb-2026 14:36:45 CET  PostBeginProcessBlock
Validity coming from IOV sequence for record "GBRDWrapperRcd" and label "ecalPFClusterCor2017V2_EB_Full_ptbin2_sigma_25ns": (347532, 18446744073709551615) for time (type: runnumber) 382216; from CondDBESSource::setIntervalFor
%MSG
%MSG-i CondDBESSource:  PostBeginProcessBlock 09-Feb-2026 14:36:45 CET  PostBeginProcessBlock
Processing record "GBRDWrapperRcd" and label "ecalPFClusterCor2017V2_EB_Full_ptbin3_mean_25ns" for run: 382216 lumi: 0 event: 0, timestamp: 7382394804334179328; from CondDBESSource::setIntervalFor
%MSG
%MSG-i CondDBESSource:  PostBeginProcessBlock 09-Feb-2026 14:36:45 CET  PostBeginProcessBlock
Validity coming from IOV sequence for record "GBRDWrapperRcd" and label "ecalPFClusterCor2017V2_EB_Full_ptbin3_mean_25ns": (347532, 18446744073709551615) for time (type: runnumber) 382216; from CondDBESSource::setIntervalFor
%MSG
%MSG-i CondDBESSource:  PostBeginProcessBlock 09-Feb-2026 14:36:45 CET  PostBeginProcessBlock
Processing record "GBRDWrapperRcd" and label "ecalPFClusterCor2017V2_EB_Full_ptbin3_sigma_25ns" for run: 382216 lumi: 0 event: 0, timestamp: 7382394804334179328; from CondDBESSource::setIntervalFor
%MSG
%MSG-i CondDBESSource:  PostBeginProcessBlock 09-Feb-2026 14:36:45 CET  PostBeginProcessBlock
Validity coming from IOV sequence for record "GBRDWrapperRcd" and label "ecalPFClusterCor2017V2_EB_Full_ptbin3_sigma_25ns": (347532, 18446744073709551615) for time (type: runnumber) 382216; from CondDBESSource::setIntervalFor
%MSG
%MSG-i CondDBESSource:  PostBeginProcessBlock 09-Feb-2026 14:36:45 CET  PostBeginProcessBlock
Processing record "GBRDWrapperRcd" and label "ecalPFClusterCor2017V2_EB_ZS_mean_25ns" for run: 382216 lumi: 0 event: 0, timestamp: 7382394804334179328; from CondDBESSource::setIntervalFor
%MSG
%MSG-i CondDBESSource:  PostBeginProcessBlock 09-Feb-2026 14:36:45 CET  PostBeginProcessBlock
Validity coming from IOV sequence for record "GBRDWrapperRcd" and label "ecalPFClusterCor2017V2_EB_ZS_mean_25ns": (347532, 18446744073709551615) for time (type: runnumber) 382216; from CondDBESSource::setIntervalFor
%MSG
%MSG-i CondDBESSource:  PostBeginProcessBlock 09-Feb-2026 14:36:45 CET  PostBeginProcessBlock
Processing record "GBRDWrapperRcd" and label "ecalPFClusterCor2017V2_EB_ZS_sigma_25ns" for run: 382216 lumi: 0 event: 0, timestamp: 7382394804334179328; from CondDBESSource::setIntervalFor
%MSG
%MSG-i CondDBESSource:  PostBeginProcessBlock 09-Feb-2026 14:36:45 CET  PostBeginProcessBlock
Validity coming from IOV sequence for record "GBRDWrapperRcd" and label "ecalPFClusterCor2017V2_EB_ZS_sigma_25ns": (347532, 18446744073709551615) for time (type: runnumber) 382216; from CondDBESSource::setIntervalFor
%MSG
%MSG-i CondDBESSource:  PostBeginProcessBlock 09-Feb-2026 14:36:45 CET  PostBeginProcessBlock
Processing record "GBRDWrapperRcd" and label "ecalPFClusterCor2017V2_EE_Full_ptbin1_mean_25ns" for run: 382216 lumi: 0 event: 0, timestamp: 7382394804334179328; from CondDBESSource::setIntervalFor
%MSG
%MSG-i CondDBESSource:  PostBeginProcessBlock 09-Feb-2026 14:36:45 CET  PostBeginProcessBlock
Validity coming from IOV sequence for record "GBRDWrapperRcd" and label "ecalPFClusterCor2017V2_EE_Full_ptbin1_mean_25ns": (347532, 18446744073709551615) for time (type: runnumber) 382216; from CondDBESSource::setIntervalFor
%MSG
%MSG-i CondDBESSource:  PostBeginProcessBlock 09-Feb-2026 14:36:45 CET  PostBeginProcessBlock
Processing record "GBRDWrapperRcd" and label "ecalPFClusterCor2017V2_EE_Full_ptbin1_sigma_25ns" for run: 382216 lumi: 0 event: 0, timestamp: 7382394804334179328; from CondDBESSource::setIntervalFor
%MSG
%MSG-i CondDBESSource:  PostBeginProcessBlock 09-Feb-2026 14:36:45 CET  PostBeginProcessBlock
Validity coming from IOV sequence for record "GBRDWrapperRcd" and label "ecalPFClusterCor2017V2_EE_Full_ptbin1_sigma_25ns": (347532, 18446744073709551615) for time (type: runnumber) 382216; from CondDBESSource::setIntervalFor
%MSG
%MSG-i CondDBESSource:  PostBeginProcessBlock 09-Feb-2026 14:36:45 CET  PostBeginProcessBlock
Processing record "GBRDWrapperRcd" and label "ecalPFClusterCor2017V2_EE_Full_ptbin2_mean_25ns" for run: 382216 lumi: 0 event: 0, timestamp: 7382394804334179328; from CondDBESSource::setIntervalFor
%MSG
%MSG-i CondDBESSource:  PostBeginProcessBlock 09-Feb-2026 14:36:45 CET  PostBeginProcessBlock
Validity coming from IOV sequence for record "GBRDWrapperRcd" and label "ecalPFClusterCor2017V2_EE_Full_ptbin2_mean_25ns": (347532, 18446744073709551615) for time (type: runnumber) 382216; from CondDBESSource::setIntervalFor
%MSG
%MSG-i CondDBESSource:  PostBeginProcessBlock 09-Feb-2026 14:36:45 CET  PostBeginProcessBlock
Processing record "GBRDWrapperRcd" and label "ecalPFClusterCor2017V2_EE_Full_ptbin2_sigma_25ns" for run: 382216 lumi: 0 event: 0, timestamp: 7382394804334179328; from CondDBESSource::setIntervalFor
%MSG
%MSG-i CondDBESSource:  PostBeginProcessBlock 09-Feb-2026 14:36:45 CET  PostBeginProcessBlock
Validity coming from IOV sequence for record "GBRDWrapperRcd" and label "ecalPFClusterCor2017V2_EE_Full_ptbin2_sigma_25ns": (347532, 18446744073709551615) for time (type: runnumber) 382216; from CondDBESSource::setIntervalFor
%MSG
%MSG-i CondDBESSource:  PostBeginProcessBlock 09-Feb-2026 14:36:45 CET  PostBeginProcessBlock
Processing record "GBRDWrapperRcd" and label "ecalPFClusterCor2017V2_EE_Full_ptbin3_mean_25ns" for run: 382216 lumi: 0 event: 0, timestamp: 7382394804334179328; from CondDBESSource::setIntervalFor
%MSG
%MSG-i CondDBESSource:  PostBeginProcessBlock 09-Feb-2026 14:36:45 CET  PostBeginProcessBlock
Validity coming from IOV sequence for record "GBRDWrapperRcd" and label "ecalPFClusterCor2017V2_EE_Full_ptbin3_mean_25ns": (347532, 18446744073709551615) for time (type: runnumber) 382216; from CondDBESSource::setIntervalFor
%MSG
%MSG-i CondDBESSource:  PostBeginProcessBlock 09-Feb-2026 14:36:45 CET  PostBeginProcessBlock
Processing record "GBRDWrapperRcd" and label "ecalPFClusterCor2017V2_EE_Full_ptbin3_sigma_25ns" for run: 382216 lumi: 0 event: 0, timestamp: 7382394804334179328; from CondDBESSource::setIntervalFor
%MSG
%MSG-i CondDBESSource:  PostBeginProcessBlock 09-Feb-2026 14:36:45 CET  PostBeginProcessBlock
Validity coming from IOV sequence for record "GBRDWrapperRcd" and label "ecalPFClusterCor2017V2_EE_Full_ptbin3_sigma_25ns": (347532, 18446744073709551615) for time (type: runnumber) 382216; from CondDBESSource::setIntervalFor
%MSG
%MSG-i CondDBESSource:  PostBeginProcessBlock 09-Feb-2026 14:36:45 CET  PostBeginProcessBlock
Processing record "GBRDWrapperRcd" and label "ecalPFClusterCor2017V2_EE_ZS_mean_25ns" for run: 382216 lumi: 0 event: 0, timestamp: 7382394804334179328; from CondDBESSource::setIntervalFor
%MSG
%MSG-i CondDBESSource:  PostBeginProcessBlock 09-Feb-2026 14:36:45 CET  PostBeginProcessBlock
Validity coming from IOV sequence for record "GBRDWrapperRcd" and label "ecalPFClusterCor2017V2_EE_ZS_mean_25ns": (347532, 18446744073709551615) for time (type: runnumber) 382216; from CondDBESSource::setIntervalFor
%MSG
%MSG-i CondDBESSource:  PostBeginProcessBlock 09-Feb-2026 14:36:45 CET  PostBeginProcessBlock
Processing record "GBRDWrapperRcd" and label "ecalPFClusterCor2017V2_EE_ZS_sigma_25ns" for run: 382216 lumi: 0 event: 0, timestamp: 7382394804334179328; from CondDBESSource::setIntervalFor
%MSG
%MSG-i CondDBESSource:  PostBeginProcessBlock 09-Feb-2026 14:36:45 CET  PostBeginProcessBlock
Validity coming from IOV sequence for record "GBRDWrapperRcd" and label "ecalPFClusterCor2017V2_EE_ZS_sigma_25ns": (347532, 18446744073709551615) for time (type: runnumber) 382216; from CondDBESSource::setIntervalFor
%MSG
%MSG-i CondDBESSource:  PostBeginProcessBlock 09-Feb-2026 14:36:45 CET  PostBeginProcessBlock
Processing record "GBRDWrapperRcd" and label "ecalPFClusterCorV2_EB_pfSize1_mean_25ns" for run: 382216 lumi: 0 event: 0, timestamp: 7382394804334179328; from CondDBESSource::setIntervalFor
%MSG
%MSG-i CondDBESSource:  PostBeginProcessBlock 09-Feb-2026 14:36:45 CET  PostBeginProcessBlock
Validity coming from IOV sequence for record "GBRDWrapperRcd" and label "ecalPFClusterCorV2_EB_pfSize1_mean_25ns": (1, 18446744073709551615) for time (type: runnumber) 382216; from CondDBESSource::setIntervalFor
%MSG
%MSG-i CondDBESSource:  PostBeginProcessBlock 09-Feb-2026 14:36:45 CET  PostBeginProcessBlock
Processing record "GBRDWrapperRcd" and label "ecalPFClusterCorV2_EB_pfSize1_mean_50ns" for run: 382216 lumi: 0 event: 0, timestamp: 7382394804334179328; from CondDBESSource::setIntervalFor
%MSG
%MSG-i CondDBESSource:  PostBeginProcessBlock 09-Feb-2026 14:36:45 CET  PostBeginProcessBlock
Validity coming from IOV sequence for record "GBRDWrapperRcd" and label "ecalPFClusterCorV2_EB_pfSize1_mean_50ns": (1, 18446744073709551615) for time (type: runnumber) 382216; from CondDBESSource::setIntervalFor
%MSG
%MSG-i CondDBESSource:  PostBeginProcessBlock 09-Feb-2026 14:36:45 CET  PostBeginProcessBlock
Processing record "GBRDWrapperRcd" and label "ecalPFClusterCorV2_EB_pfSize1_sigma_25ns" for run: 382216 lumi: 0 event: 0, timestamp: 7382394804334179328; from CondDBESSource::setIntervalFor
%MSG
%MSG-i CondDBESSource:  PostBeginProcessBlock 09-Feb-2026 14:36:45 CET  PostBeginProcessBlock
Validity coming from IOV sequence for record "GBRDWrapperRcd" and label "ecalPFClusterCorV2_EB_pfSize1_sigma_25ns": (1, 18446744073709551615) for time (type: runnumber) 382216; from CondDBESSource::setIntervalFor
%MSG
%MSG-i CondDBESSource:  PostBeginProcessBlock 09-Feb-2026 14:36:45 CET  PostBeginProcessBlock
Processing record "GBRDWrapperRcd" and label "ecalPFClusterCorV2_EB_pfSize1_sigma_50ns" for run: 382216 lumi: 0 event: 0, timestamp: 7382394804334179328; from CondDBESSource::setIntervalFor
%MSG
%MSG-i CondDBESSource:  PostBeginProcessBlock 09-Feb-2026 14:36:45 CET  PostBeginProcessBlock
Validity coming from IOV sequence for record "GBRDWrapperRcd" and label "ecalPFClusterCorV2_EB_pfSize1_sigma_50ns": (1, 18446744073709551615) for time (type: runnumber) 382216; from CondDBESSource::setIntervalFor
%MSG
%MSG-i CondDBESSource:  PostBeginProcessBlock 09-Feb-2026 14:36:45 CET  PostBeginProcessBlock
Processing record "GBRDWrapperRcd" and label "ecalPFClusterCorV2_EB_pfSize2_mean_25ns" for run: 382216 lumi: 0 event: 0, timestamp: 7382394804334179328; from CondDBESSource::setIntervalFor
%MSG
%MSG-i CondDBESSource:  PostBeginProcessBlock 09-Feb-2026 14:36:45 CET  PostBeginProcessBlock
Validity coming from IOV sequence for record "GBRDWrapperRcd" and label "ecalPFClusterCorV2_EB_pfSize2_mean_25ns": (1, 18446744073709551615) for time (type: runnumber) 382216; from CondDBESSource::setIntervalFor
%MSG
%MSG-i CondDBESSource:  PostBeginProcessBlock 09-Feb-2026 14:36:45 CET  PostBeginProcessBlock
Processing record "GBRDWrapperRcd" and label "ecalPFClusterCorV2_EB_pfSize2_mean_50ns" for run: 382216 lumi: 0 event: 0, timestamp: 7382394804334179328; from CondDBESSource::setIntervalFor
%MSG
%MSG-i CondDBESSource:  PostBeginProcessBlock 09-Feb-2026 14:36:45 CET  PostBeginProcessBlock
Validity coming from IOV sequence for record "GBRDWrapperRcd" and label "ecalPFClusterCorV2_EB_pfSize2_mean_50ns": (1, 18446744073709551615) for time (type: runnumber) 382216; from CondDBESSource::setIntervalFor
%MSG
%MSG-i CondDBESSource:  PostBeginProcessBlock 09-Feb-2026 14:36:45 CET  PostBeginProcessBlock
Processing record "GBRDWrapperRcd" and label "ecalPFClusterCorV2_EB_pfSize2_sigma_25ns" for run: 382216 lumi: 0 event: 0, timestamp: 7382394804334179328; from CondDBESSource::setIntervalFor
%MSG
%MSG-i CondDBESSource:  PostBeginProcessBlock 09-Feb-2026 14:36:45 CET  PostBeginProcessBlock
Validity coming from IOV sequence for record "GBRDWrapperRcd" and label "ecalPFClusterCorV2_EB_pfSize2_sigma_25ns": (1, 18446744073709551615) for time (type: runnumber) 382216; from CondDBESSource::setIntervalFor
%MSG
%MSG-i CondDBESSource:  PostBeginProcessBlock 09-Feb-2026 14:36:45 CET  PostBeginProcessBlock
Processing record "GBRDWrapperRcd" and label "ecalPFClusterCorV2_EB_pfSize2_sigma_50ns" for run: 382216 lumi: 0 event: 0, timestamp: 7382394804334179328; from CondDBESSource::setIntervalFor
%MSG
%MSG-i CondDBESSource:  PostBeginProcessBlock 09-Feb-2026 14:36:45 CET  PostBeginProcessBlock
Validity coming from IOV sequence for record "GBRDWrapperRcd" and label "ecalPFClusterCorV2_EB_pfSize2_sigma_50ns": (1, 18446744073709551615) for time (type: runnumber) 382216; from CondDBESSource::setIntervalFor
%MSG
%MSG-i CondDBESSource:  PostBeginProcessBlock 09-Feb-2026 14:36:45 CET  PostBeginProcessBlock
Processing record "GBRDWrapperRcd" and label "ecalPFClusterCorV2_EB_pfSize3_ptbin1_mean_25ns" for run: 382216 lumi: 0 event: 0, timestamp: 7382394804334179328; from CondDBESSource::setIntervalFor
%MSG
%MSG-i CondDBESSource:  PostBeginProcessBlock 09-Feb-2026 14:36:45 CET  PostBeginProcessBlock
Validity coming from IOV sequence for record "GBRDWrapperRcd" and label "ecalPFClusterCorV2_EB_pfSize3_ptbin1_mean_25ns": (1, 18446744073709551615) for time (type: runnumber) 382216; from CondDBESSource::setIntervalFor
%MSG
%MSG-i CondDBESSource:  PostBeginProcessBlock 09-Feb-2026 14:36:45 CET  PostBeginProcessBlock
Processing record "GBRDWrapperRcd" and label "ecalPFClusterCorV2_EB_pfSize3_ptbin1_mean_50ns" for run: 382216 lumi: 0 event: 0, timestamp: 7382394804334179328; from CondDBESSource::setIntervalFor
%MSG
%MSG-i CondDBESSource:  PostBeginProcessBlock 09-Feb-2026 14:36:45 CET  PostBeginProcessBlock
Validity coming from IOV sequence for record "GBRDWrapperRcd" and label "ecalPFClusterCorV2_EB_pfSize3_ptbin1_mean_50ns": (1, 18446744073709551615) for time (type: runnumber) 382216; from CondDBESSource::setIntervalFor
%MSG
%MSG-i CondDBESSource:  PostBeginProcessBlock 09-Feb-2026 14:36:45 CET  PostBeginProcessBlock
Processing record "GBRDWrapperRcd" and label "ecalPFClusterCorV2_EB_pfSize3_ptbin1_sigma_25ns" for run: 382216 lumi: 0 event: 0, timestamp: 7382394804334179328; from CondDBESSource::setIntervalFor
%MSG
%MSG-i CondDBESSource:  PostBeginProcessBlock 09-Feb-2026 14:36:45 CET  PostBeginProcessBlock
Validity coming from IOV sequence for record "GBRDWrapperRcd" and label "ecalPFClusterCorV2_EB_pfSize3_ptbin1_sigma_25ns": (1, 18446744073709551615) for time (type: runnumber) 382216; from CondDBESSource::setIntervalFor
%MSG
%MSG-i CondDBESSource:  PostBeginProcessBlock 09-Feb-2026 14:36:45 CET  PostBeginProcessBlock
Processing record "GBRDWrapperRcd" and label "ecalPFClusterCorV2_EB_pfSize3_ptbin1_sigma_50ns" for run: 382216 lumi: 0 event: 0, timestamp: 7382394804334179328; from CondDBESSource::setIntervalFor
%MSG
%MSG-i CondDBESSource:  PostBeginProcessBlock 09-Feb-2026 14:36:45 CET  PostBeginProcessBlock
Validity coming from IOV sequence for record "GBRDWrapperRcd" and label "ecalPFClusterCorV2_EB_pfSize3_ptbin1_sigma_50ns": (1, 18446744073709551615) for time (type: runnumber) 382216; from CondDBESSource::setIntervalFor
%MSG
%MSG-i CondDBESSource:  PostBeginProcessBlock 09-Feb-2026 14:36:45 CET  PostBeginProcessBlock
Processing record "GBRDWrapperRcd" and label "ecalPFClusterCorV2_EB_pfSize3_ptbin2_mean_25ns" for run: 382216 lumi: 0 event: 0, timestamp: 7382394804334179328; from CondDBESSource::setIntervalFor
%MSG
%MSG-i CondDBESSource:  PostBeginProcessBlock 09-Feb-2026 14:36:45 CET  PostBeginProcessBlock
Validity coming from IOV sequence for record "GBRDWrapperRcd" and label "ecalPFClusterCorV2_EB_pfSize3_ptbin2_mean_25ns": (1, 18446744073709551615) for time (type: runnumber) 382216; from CondDBESSource::setIntervalFor
%MSG
%MSG-i CondDBESSource:  PostBeginProcessBlock 09-Feb-2026 14:36:45 CET  PostBeginProcessBlock
Processing record "GBRDWrapperRcd" and label "ecalPFClusterCorV2_EB_pfSize3_ptbin2_mean_50ns" for run: 382216 lumi: 0 event: 0, timestamp: 7382394804334179328; from CondDBESSource::setIntervalFor
%MSG
%MSG-i CondDBESSource:  PostBeginProcessBlock 09-Feb-2026 14:36:45 CET  PostBeginProcessBlock
Validity coming from IOV sequence for record "GBRDWrapperRcd" and label "ecalPFClusterCorV2_EB_pfSize3_ptbin2_mean_50ns": (1, 18446744073709551615) for time (type: runnumber) 382216; from CondDBESSource::setIntervalFor
%MSG
%MSG-i CondDBESSource:  PostBeginProcessBlock 09-Feb-2026 14:36:45 CET  PostBeginProcessBlock
Processing record "GBRDWrapperRcd" and label "ecalPFClusterCorV2_EB_pfSize3_ptbin2_sigma_25ns" for run: 382216 lumi: 0 event: 0, timestamp: 7382394804334179328; from CondDBESSource::setIntervalFor
%MSG
%MSG-i CondDBESSource:  PostBeginProcessBlock 09-Feb-2026 14:36:45 CET  PostBeginProcessBlock
Validity coming from IOV sequence for record "GBRDWrapperRcd" and label "ecalPFClusterCorV2_EB_pfSize3_ptbin2_sigma_25ns": (1, 18446744073709551615) for time (type: runnumber) 382216; from CondDBESSource::setIntervalFor
%MSG
%MSG-i CondDBESSource:  PostBeginProcessBlock 09-Feb-2026 14:36:45 CET  PostBeginProcessBlock
Processing record "GBRDWrapperRcd" and label "ecalPFClusterCorV2_EB_pfSize3_ptbin2_sigma_50ns" for run: 382216 lumi: 0 event: 0, timestamp: 7382394804334179328; from CondDBESSource::setIntervalFor
%MSG
%MSG-i CondDBESSource:  PostBeginProcessBlock 09-Feb-2026 14:36:45 CET  PostBeginProcessBlock
Validity coming from IOV sequence for record "GBRDWrapperRcd" and label "ecalPFClusterCorV2_EB_pfSize3_ptbin2_sigma_50ns": (1, 18446744073709551615) for time (type: runnumber) 382216; from CondDBESSource::setIntervalFor
%MSG
%MSG-i CondDBESSource:  PostBeginProcessBlock 09-Feb-2026 14:36:45 CET  PostBeginProcessBlock
Processing record "GBRDWrapperRcd" and label "ecalPFClusterCorV2_EB_pfSize3_ptbin3_mean_25ns" for run: 382216 lumi: 0 event: 0, timestamp: 7382394804334179328; from CondDBESSource::setIntervalFor
%MSG
%MSG-i CondDBESSource:  PostBeginProcessBlock 09-Feb-2026 14:36:45 CET  PostBeginProcessBlock
Validity coming from IOV sequence for record "GBRDWrapperRcd" and label "ecalPFClusterCorV2_EB_pfSize3_ptbin3_mean_25ns": (1, 18446744073709551615) for time (type: runnumber) 382216; from CondDBESSource::setIntervalFor
%MSG
%MSG-i CondDBESSource:  PostBeginProcessBlock 09-Feb-2026 14:36:45 CET  PostBeginProcessBlock
Processing record "GBRDWrapperRcd" and label "ecalPFClusterCorV2_EB_pfSize3_ptbin3_mean_50ns" for run: 382216 lumi: 0 event: 0, timestamp: 7382394804334179328; from CondDBESSource::setIntervalFor
%MSG
%MSG-i CondDBESSource:  PostBeginProcessBlock 09-Feb-2026 14:36:45 CET  PostBeginProcessBlock
Validity coming from IOV sequence for record "GBRDWrapperRcd" and label "ecalPFClusterCorV2_EB_pfSize3_ptbin3_mean_50ns": (1, 18446744073709551615) for time (type: runnumber) 382216; from CondDBESSource::setIntervalFor
%MSG
%MSG-i CondDBESSource:  PostBeginProcessBlock 09-Feb-2026 14:36:45 CET  PostBeginProcessBlock
Processing record "GBRDWrapperRcd" and label "ecalPFClusterCorV2_EB_pfSize3_ptbin3_sigma_25ns" for run: 382216 lumi: 0 event: 0, timestamp: 7382394804334179328; from CondDBESSource::setIntervalFor
%MSG
%MSG-i CondDBESSource:  PostBeginProcessBlock 09-Feb-2026 14:36:45 CET  PostBeginProcessBlock
Validity coming from IOV sequence for record "GBRDWrapperRcd" and label "ecalPFClusterCorV2_EB_pfSize3_ptbin3_sigma_25ns": (1, 18446744073709551615) for time (type: runnumber) 382216; from CondDBESSource::setIntervalFor
%MSG
%MSG-i CondDBESSource:  PostBeginProcessBlock 09-Feb-2026 14:36:45 CET  PostBeginProcessBlock
Processing record "GBRDWrapperRcd" and label "ecalPFClusterCorV2_EB_pfSize3_ptbin3_sigma_50ns" for run: 382216 lumi: 0 event: 0, timestamp: 7382394804334179328; from CondDBESSource::setIntervalFor
%MSG
%MSG-i CondDBESSource:  PostBeginProcessBlock 09-Feb-2026 14:36:45 CET  PostBeginProcessBlock
Validity coming from IOV sequence for record "GBRDWrapperRcd" and label "ecalPFClusterCorV2_EB_pfSize3_ptbin3_sigma_50ns": (1, 18446744073709551615) for time (type: runnumber) 382216; from CondDBESSource::setIntervalFor
%MSG
%MSG-i CondDBESSource:  PostBeginProcessBlock 09-Feb-2026 14:36:45 CET  PostBeginProcessBlock
Processing record "GBRDWrapperRcd" and label "ecalPFClusterCorV2_EE_pfSize1_mean_25ns" for run: 382216 lumi: 0 event: 0, timestamp: 7382394804334179328; from CondDBESSource::setIntervalFor
%MSG
%MSG-i CondDBESSource:  PostBeginProcessBlock 09-Feb-2026 14:36:45 CET  PostBeginProcessBlock
Validity coming from IOV sequence for record "GBRDWrapperRcd" and label "ecalPFClusterCorV2_EE_pfSize1_mean_25ns": (1, 18446744073709551615) for time (type: runnumber) 382216; from CondDBESSource::setIntervalFor
%MSG
%MSG-i CondDBESSource:  PostBeginProcessBlock 09-Feb-2026 14:36:45 CET  PostBeginProcessBlock
Processing record "GBRDWrapperRcd" and label "ecalPFClusterCorV2_EE_pfSize1_mean_50ns" for run: 382216 lumi: 0 event: 0, timestamp: 7382394804334179328; from CondDBESSource::setIntervalFor
%MSG
%MSG-i CondDBESSource:  PostBeginProcessBlock 09-Feb-2026 14:36:45 CET  PostBeginProcessBlock
Validity coming from IOV sequence for record "GBRDWrapperRcd" and label "ecalPFClusterCorV2_EE_pfSize1_mean_50ns": (1, 18446744073709551615) for time (type: runnumber) 382216; from CondDBESSource::setIntervalFor
%MSG
%MSG-i CondDBESSource:  PostBeginProcessBlock 09-Feb-2026 14:36:45 CET  PostBeginProcessBlock
Processing record "GBRDWrapperRcd" and label "ecalPFClusterCorV2_EE_pfSize1_sigma_25ns" for run: 382216 lumi: 0 event: 0, timestamp: 7382394804334179328; from CondDBESSource::setIntervalFor
%MSG
%MSG-i CondDBESSource:  PostBeginProcessBlock 09-Feb-2026 14:36:45 CET  PostBeginProcessBlock
Validity coming from IOV sequence for record "GBRDWrapperRcd" and label "ecalPFClusterCorV2_EE_pfSize1_sigma_25ns": (1, 18446744073709551615) for time (type: runnumber) 382216; from CondDBESSource::setIntervalFor
%MSG
%MSG-i CondDBESSource:  PostBeginProcessBlock 09-Feb-2026 14:36:45 CET  PostBeginProcessBlock
Processing record "GBRDWrapperRcd" and label "ecalPFClusterCorV2_EE_pfSize1_sigma_50ns" for run: 382216 lumi: 0 event: 0, timestamp: 7382394804334179328; from CondDBESSource::setIntervalFor
%MSG
%MSG-i CondDBESSource:  PostBeginProcessBlock 09-Feb-2026 14:36:45 CET  PostBeginProcessBlock
Validity coming from IOV sequence for record "GBRDWrapperRcd" and label "ecalPFClusterCorV2_EE_pfSize1_sigma_50ns": (1, 18446744073709551615) for time (type: runnumber) 382216; from CondDBESSource::setIntervalFor
%MSG
%MSG-i CondDBESSource:  PostBeginProcessBlock 09-Feb-2026 14:36:45 CET  PostBeginProcessBlock
Processing record "GBRDWrapperRcd" and label "ecalPFClusterCorV2_EE_pfSize2_mean_25ns" for run: 382216 lumi: 0 event: 0, timestamp: 7382394804334179328; from CondDBESSource::setIntervalFor
%MSG
%MSG-i CondDBESSource:  PostBeginProcessBlock 09-Feb-2026 14:36:45 CET  PostBeginProcessBlock
Validity coming from IOV sequence for record "GBRDWrapperRcd" and label "ecalPFClusterCorV2_EE_pfSize2_mean_25ns": (1, 18446744073709551615) for time (type: runnumber) 382216; from CondDBESSource::setIntervalFor
%MSG
%MSG-i CondDBESSource:  PostBeginProcessBlock 09-Feb-2026 14:36:45 CET  PostBeginProcessBlock
Processing record "GBRDWrapperRcd" and label "ecalPFClusterCorV2_EE_pfSize2_mean_50ns" for run: 382216 lumi: 0 event: 0, timestamp: 7382394804334179328; from CondDBESSource::setIntervalFor
%MSG
%MSG-i CondDBESSource:  PostBeginProcessBlock 09-Feb-2026 14:36:45 CET  PostBeginProcessBlock
Validity coming from IOV sequence for record "GBRDWrapperRcd" and label "ecalPFClusterCorV2_EE_pfSize2_mean_50ns": (1, 18446744073709551615) for time (type: runnumber) 382216; from CondDBESSource::setIntervalFor
%MSG
%MSG-i CondDBESSource:  PostBeginProcessBlock 09-Feb-2026 14:36:45 CET  PostBeginProcessBlock
Processing record "GBRDWrapperRcd" and label "ecalPFClusterCorV2_EE_pfSize2_sigma_25ns" for run: 382216 lumi: 0 event: 0, timestamp: 7382394804334179328; from CondDBESSource::setIntervalFor
%MSG
%MSG-i CondDBESSource:  PostBeginProcessBlock 09-Feb-2026 14:36:45 CET  PostBeginProcessBlock
Validity coming from IOV sequence for record "GBRDWrapperRcd" and label "ecalPFClusterCorV2_EE_pfSize2_sigma_25ns": (1, 18446744073709551615) for time (type: runnumber) 382216; from CondDBESSource::setIntervalFor
%MSG
%MSG-i CondDBESSource:  PostBeginProcessBlock 09-Feb-2026 14:36:45 CET  PostBeginProcessBlock
Processing record "GBRDWrapperRcd" and label "ecalPFClusterCorV2_EE_pfSize2_sigma_50ns" for run: 382216 lumi: 0 event: 0, timestamp: 7382394804334179328; from CondDBESSource::setIntervalFor
%MSG
%MSG-i CondDBESSource:  PostBeginProcessBlock 09-Feb-2026 14:36:45 CET  PostBeginProcessBlock
Validity coming from IOV sequence for record "GBRDWrapperRcd" and label "ecalPFClusterCorV2_EE_pfSize2_sigma_50ns": (1, 18446744073709551615) for time (type: runnumber) 382216; from CondDBESSource::setIntervalFor
%MSG
%MSG-i CondDBESSource:  PostBeginProcessBlock 09-Feb-2026 14:36:45 CET  PostBeginProcessBlock
Processing record "GBRDWrapperRcd" and label "ecalPFClusterCorV2_EE_pfSize3_ptbin1_mean_25ns" for run: 382216 lumi: 0 event: 0, timestamp: 7382394804334179328; from CondDBESSource::setIntervalFor
%MSG
%MSG-i CondDBESSource:  PostBeginProcessBlock 09-Feb-2026 14:36:45 CET  PostBeginProcessBlock
Validity coming from IOV sequence for record "GBRDWrapperRcd" and label "ecalPFClusterCorV2_EE_pfSize3_ptbin1_mean_25ns": (1, 18446744073709551615) for time (type: runnumber) 382216; from CondDBESSource::setIntervalFor
%MSG
%MSG-i CondDBESSource:  PostBeginProcessBlock 09-Feb-2026 14:36:45 CET  PostBeginProcessBlock
Processing record "GBRDWrapperRcd" and label "ecalPFClusterCorV2_EE_pfSize3_ptbin1_mean_50ns" for run: 382216 lumi: 0 event: 0, timestamp: 7382394804334179328; from CondDBESSource::setIntervalFor
%MSG
%MSG-i CondDBESSource:  PostBeginProcessBlock 09-Feb-2026 14:36:45 CET  PostBeginProcessBlock
Validity coming from IOV sequence for record "GBRDWrapperRcd" and label "ecalPFClusterCorV2_EE_pfSize3_ptbin1_mean_50ns": (1, 18446744073709551615) for time (type: runnumber) 382216; from CondDBESSource::setIntervalFor
%MSG
%MSG-i CondDBESSource:  PostBeginProcessBlock 09-Feb-2026 14:36:45 CET  PostBeginProcessBlock
Processing record "GBRDWrapperRcd" and label "ecalPFClusterCorV2_EE_pfSize3_ptbin1_sigma_25ns" for run: 382216 lumi: 0 event: 0, timestamp: 7382394804334179328; from CondDBESSource::setIntervalFor
%MSG
%MSG-i CondDBESSource:  PostBeginProcessBlock 09-Feb-2026 14:36:45 CET  PostBeginProcessBlock
Validity coming from IOV sequence for record "GBRDWrapperRcd" and label "ecalPFClusterCorV2_EE_pfSize3_ptbin1_sigma_25ns": (1, 18446744073709551615) for time (type: runnumber) 382216; from CondDBESSource::setIntervalFor
%MSG
%MSG-i CondDBESSource:  PostBeginProcessBlock 09-Feb-2026 14:36:45 CET  PostBeginProcessBlock
Processing record "GBRDWrapperRcd" and label "ecalPFClusterCorV2_EE_pfSize3_ptbin1_sigma_50ns" for run: 382216 lumi: 0 event: 0, timestamp: 7382394804334179328; from CondDBESSource::setIntervalFor
%MSG
%MSG-i CondDBESSource:  PostBeginProcessBlock 09-Feb-2026 14:36:45 CET  PostBeginProcessBlock
Validity coming from IOV sequence for record "GBRDWrapperRcd" and label "ecalPFClusterCorV2_EE_pfSize3_ptbin1_sigma_50ns": (1, 18446744073709551615) for time (type: runnumber) 382216; from CondDBESSource::setIntervalFor
%MSG
%MSG-i CondDBESSource:  PostBeginProcessBlock 09-Feb-2026 14:36:45 CET  PostBeginProcessBlock
Processing record "GBRDWrapperRcd" and label "ecalPFClusterCorV2_EE_pfSize3_ptbin2_mean_25ns" for run: 382216 lumi: 0 event: 0, timestamp: 7382394804334179328; from CondDBESSource::setIntervalFor
%MSG
%MSG-i CondDBESSource:  PostBeginProcessBlock 09-Feb-2026 14:36:45 CET  PostBeginProcessBlock
Validity coming from IOV sequence for record "GBRDWrapperRcd" and label "ecalPFClusterCorV2_EE_pfSize3_ptbin2_mean_25ns": (1, 18446744073709551615) for time (type: runnumber) 382216; from CondDBESSource::setIntervalFor
%MSG
%MSG-i CondDBESSource:  PostBeginProcessBlock 09-Feb-2026 14:36:45 CET  PostBeginProcessBlock
Processing record "GBRDWrapperRcd" and label "ecalPFClusterCorV2_EE_pfSize3_ptbin2_mean_50ns" for run: 382216 lumi: 0 event: 0, timestamp: 7382394804334179328; from CondDBESSource::setIntervalFor
%MSG
%MSG-i CondDBESSource:  PostBeginProcessBlock 09-Feb-2026 14:36:45 CET  PostBeginProcessBlock
Validity coming from IOV sequence for record "GBRDWrapperRcd" and label "ecalPFClusterCorV2_EE_pfSize3_ptbin2_mean_50ns": (1, 18446744073709551615) for time (type: runnumber) 382216; from CondDBESSource::setIntervalFor
%MSG
%MSG-i CondDBESSource:  PostBeginProcessBlock 09-Feb-2026 14:36:45 CET  PostBeginProcessBlock
Processing record "GBRDWrapperRcd" and label "ecalPFClusterCorV2_EE_pfSize3_ptbin2_sigma_25ns" for run: 382216 lumi: 0 event: 0, timestamp: 7382394804334179328; from CondDBESSource::setIntervalFor
%MSG
%MSG-i CondDBESSource:  PostBeginProcessBlock 09-Feb-2026 14:36:45 CET  PostBeginProcessBlock
Validity coming from IOV sequence for record "GBRDWrapperRcd" and label "ecalPFClusterCorV2_EE_pfSize3_ptbin2_sigma_25ns": (1, 18446744073709551615) for time (type: runnumber) 382216; from CondDBESSource::setIntervalFor
%MSG
%MSG-i CondDBESSource:  PostBeginProcessBlock 09-Feb-2026 14:36:45 CET  PostBeginProcessBlock
Processing record "GBRDWrapperRcd" and label "ecalPFClusterCorV2_EE_pfSize3_ptbin2_sigma_50ns" for run: 382216 lumi: 0 event: 0, timestamp: 7382394804334179328; from CondDBESSource::setIntervalFor
%MSG
%MSG-i CondDBESSource:  PostBeginProcessBlock 09-Feb-2026 14:36:45 CET  PostBeginProcessBlock
Validity coming from IOV sequence for record "GBRDWrapperRcd" and label "ecalPFClusterCorV2_EE_pfSize3_ptbin2_sigma_50ns": (1, 18446744073709551615) for time (type: runnumber) 382216; from CondDBESSource::setIntervalFor
%MSG
%MSG-i CondDBESSource:  PostBeginProcessBlock 09-Feb-2026 14:36:45 CET  PostBeginProcessBlock
Processing record "GBRDWrapperRcd" and label "ecalPFClusterCorV2_EE_pfSize3_ptbin3_mean_25ns" for run: 382216 lumi: 0 event: 0, timestamp: 7382394804334179328; from CondDBESSource::setIntervalFor
%MSG
%MSG-i CondDBESSource:  PostBeginProcessBlock 09-Feb-2026 14:36:45 CET  PostBeginProcessBlock
Validity coming from IOV sequence for record "GBRDWrapperRcd" and label "ecalPFClusterCorV2_EE_pfSize3_ptbin3_mean_25ns": (1, 18446744073709551615) for time (type: runnumber) 382216; from CondDBESSource::setIntervalFor
%MSG
%MSG-i CondDBESSource:  PostBeginProcessBlock 09-Feb-2026 14:36:45 CET  PostBeginProcessBlock
Processing record "GBRDWrapperRcd" and label "ecalPFClusterCorV2_EE_pfSize3_ptbin3_mean_50ns" for run: 382216 lumi: 0 event: 0, timestamp: 7382394804334179328; from CondDBESSource::setIntervalFor
%MSG
%MSG-i CondDBESSource:  PostBeginProcessBlock 09-Feb-2026 14:36:45 CET  PostBeginProcessBlock
Validity coming from IOV sequence for record "GBRDWrapperRcd" and label "ecalPFClusterCorV2_EE_pfSize3_ptbin3_mean_50ns": (1, 18446744073709551615) for time (type: runnumber) 382216; from CondDBESSource::setIntervalFor
%MSG
%MSG-i CondDBESSource:  PostBeginProcessBlock 09-Feb-2026 14:36:45 CET  PostBeginProcessBlock
Processing record "GBRDWrapperRcd" and label "ecalPFClusterCorV2_EE_pfSize3_ptbin3_sigma_25ns" for run: 382216 lumi: 0 event: 0, timestamp: 7382394804334179328; from CondDBESSource::setIntervalFor
%MSG
%MSG-i CondDBESSource:  PostBeginProcessBlock 09-Feb-2026 14:36:45 CET  PostBeginProcessBlock
Validity coming from IOV sequence for record "GBRDWrapperRcd" and label "ecalPFClusterCorV2_EE_pfSize3_ptbin3_sigma_25ns": (1, 18446744073709551615) for time (type: runnumber) 382216; from CondDBESSource::setIntervalFor
%MSG
%MSG-i CondDBESSource:  PostBeginProcessBlock 09-Feb-2026 14:36:45 CET  PostBeginProcessBlock
Processing record "GBRDWrapperRcd" and label "ecalPFClusterCorV2_EE_pfSize3_ptbin3_sigma_50ns" for run: 382216 lumi: 0 event: 0, timestamp: 7382394804334179328; from CondDBESSource::setIntervalFor
%MSG
%MSG-i CondDBESSource:  PostBeginProcessBlock 09-Feb-2026 14:36:45 CET  PostBeginProcessBlock
Validity coming from IOV sequence for record "GBRDWrapperRcd" and label "ecalPFClusterCorV2_EE_pfSize3_ptbin3_sigma_50ns": (1, 18446744073709551615) for time (type: runnumber) 382216; from CondDBESSource::setIntervalFor
%MSG
%MSG-i CondDBESSource:  PostBeginProcessBlock 09-Feb-2026 14:36:45 CET  PostBeginProcessBlock
Processing record "GBRDWrapperRcd" and label "electron_eb_ECALTRK" for run: 382216 lumi: 0 event: 0, timestamp: 7382394804334179328; from CondDBESSource::setIntervalFor
%MSG
%MSG-i CondDBESSource:  PostBeginProcessBlock 09-Feb-2026 14:36:45 CET  PostBeginProcessBlock
Validity coming from IOV sequence for record "GBRDWrapperRcd" and label "electron_eb_ECALTRK": (1, 18446744073709551615) for time (type: runnumber) 382216; from CondDBESSource::setIntervalFor
%MSG
%MSG-i CondDBESSource:  PostBeginProcessBlock 09-Feb-2026 14:36:45 CET  PostBeginProcessBlock
Processing record "GBRDWrapperRcd" and label "electron_eb_ECALTRK_lowpt" for run: 382216 lumi: 0 event: 0, timestamp: 7382394804334179328; from CondDBESSource::setIntervalFor
%MSG
%MSG-i CondDBESSource:  PostBeginProcessBlock 09-Feb-2026 14:36:45 CET  PostBeginProcessBlock
Validity coming from IOV sequence for record "GBRDWrapperRcd" and label "electron_eb_ECALTRK_lowpt": (1, 18446744073709551615) for time (type: runnumber) 382216; from CondDBESSource::setIntervalFor
%MSG
%MSG-i CondDBESSource:  PostBeginProcessBlock 09-Feb-2026 14:36:45 CET  PostBeginProcessBlock
Processing record "GBRDWrapperRcd" and label "electron_eb_ECALTRK_lowpt_var" for run: 382216 lumi: 0 event: 0, timestamp: 7382394804334179328; from CondDBESSource::setIntervalFor
%MSG
%MSG-i CondDBESSource:  PostBeginProcessBlock 09-Feb-2026 14:36:45 CET  PostBeginProcessBlock
Validity coming from IOV sequence for record "GBRDWrapperRcd" and label "electron_eb_ECALTRK_lowpt_var": (1, 18446744073709551615) for time (type: runnumber) 382216; from CondDBESSource::setIntervalFor
%MSG
%MSG-i CondDBESSource:  PostBeginProcessBlock 09-Feb-2026 14:36:45 CET  PostBeginProcessBlock
Processing record "GBRDWrapperRcd" and label "electron_eb_ECALTRK_var" for run: 382216 lumi: 0 event: 0, timestamp: 7382394804334179328; from CondDBESSource::setIntervalFor
%MSG
%MSG-i CondDBESSource:  PostBeginProcessBlock 09-Feb-2026 14:36:45 CET  PostBeginProcessBlock
Validity coming from IOV sequence for record "GBRDWrapperRcd" and label "electron_eb_ECALTRK_var": (1, 18446744073709551615) for time (type: runnumber) 382216; from CondDBESSource::setIntervalFor
%MSG
%MSG-i CondDBESSource:  PostBeginProcessBlock 09-Feb-2026 14:36:45 CET  PostBeginProcessBlock
Processing record "GBRDWrapperRcd" and label "electron_eb_ECALonly" for run: 382216 lumi: 0 event: 0, timestamp: 7382394804334179328; from CondDBESSource::setIntervalFor
%MSG
%MSG-i CondDBESSource:  PostBeginProcessBlock 09-Feb-2026 14:36:45 CET  PostBeginProcessBlock
Validity coming from IOV sequence for record "GBRDWrapperRcd" and label "electron_eb_ECALonly": (352059, 18446744073709551615) for time (type: runnumber) 382216; from CondDBESSource::setIntervalFor
%MSG
%MSG-i CondDBESSource:  PostBeginProcessBlock 09-Feb-2026 14:36:45 CET  PostBeginProcessBlock
Processing record "GBRDWrapperRcd" and label "electron_eb_ECALonly_lowpt" for run: 382216 lumi: 0 event: 0, timestamp: 7382394804334179328; from CondDBESSource::setIntervalFor
%MSG
%MSG-i CondDBESSource:  PostBeginProcessBlock 09-Feb-2026 14:36:45 CET  PostBeginProcessBlock
Validity coming from IOV sequence for record "GBRDWrapperRcd" and label "electron_eb_ECALonly_lowpt": (1, 18446744073709551615) for time (type: runnumber) 382216; from CondDBESSource::setIntervalFor
%MSG
%MSG-i CondDBESSource:  PostBeginProcessBlock 09-Feb-2026 14:36:45 CET  PostBeginProcessBlock
Processing record "GBRDWrapperRcd" and label "electron_eb_ECALonly_lowpt_var" for run: 382216 lumi: 0 event: 0, timestamp: 7382394804334179328; from CondDBESSource::setIntervalFor
%MSG
%MSG-i CondDBESSource:  PostBeginProcessBlock 09-Feb-2026 14:36:45 CET  PostBeginProcessBlock
Validity coming from IOV sequence for record "GBRDWrapperRcd" and label "electron_eb_ECALonly_lowpt_var": (1, 18446744073709551615) for time (type: runnumber) 382216; from CondDBESSource::setIntervalFor
%MSG
%MSG-i CondDBESSource:  PostBeginProcessBlock 09-Feb-2026 14:36:45 CET  PostBeginProcessBlock
Processing record "GBRDWrapperRcd" and label "electron_eb_ECALonly_var" for run: 382216 lumi: 0 event: 0, timestamp: 7382394804334179328; from CondDBESSource::setIntervalFor
%MSG
%MSG-i CondDBESSource:  PostBeginProcessBlock 09-Feb-2026 14:36:45 CET  PostBeginProcessBlock
Validity coming from IOV sequence for record "GBRDWrapperRcd" and label "electron_eb_ECALonly_var": (352059, 18446744073709551615) for time (type: runnumber) 382216; from CondDBESSource::setIntervalFor
%MSG
%MSG-i CondDBESSource:  PostBeginProcessBlock 09-Feb-2026 14:36:45 CET  PostBeginProcessBlock
Processing record "GBRDWrapperRcd" and label "electron_eb_ecalOnly_1To20_0p0002To0p5_sigma" for run: 382216 lumi: 0 event: 0, timestamp: 7382394804334179328; from CondDBESSource::setIntervalFor
%MSG
%MSG-i CondDBESSource:  PostBeginProcessBlock 09-Feb-2026 14:36:45 CET  PostBeginProcessBlock
Validity coming from IOV sequence for record "GBRDWrapperRcd" and label "electron_eb_ecalOnly_1To20_0p0002To0p5_sigma": (1, 18446744073709551615) for time (type: runnumber) 382216; from CondDBESSource::setIntervalFor
%MSG
%MSG-i CondDBESSource:  PostBeginProcessBlock 09-Feb-2026 14:36:45 CET  PostBeginProcessBlock
Processing record "GBRDWrapperRcd" and label "electron_eb_ecalOnly_1To20_0p2To2_mean" for run: 382216 lumi: 0 event: 0, timestamp: 7382394804334179328; from CondDBESSource::setIntervalFor
%MSG
%MSG-i CondDBESSource:  PostBeginProcessBlock 09-Feb-2026 14:36:45 CET  PostBeginProcessBlock
Validity coming from IOV sequence for record "GBRDWrapperRcd" and label "electron_eb_ecalOnly_1To20_0p2To2_mean": (1, 18446744073709551615) for time (type: runnumber) 382216; from CondDBESSource::setIntervalFor
%MSG
%MSG-i CondDBESSource:  PostBeginProcessBlock 09-Feb-2026 14:36:45 CET  PostBeginProcessBlock
Processing record "GBRDWrapperRcd" and label "electron_eb_ecalOnly_1To300_0p0002To0p5_sigma" for run: 382216 lumi: 0 event: 0, timestamp: 7382394804334179328; from CondDBESSource::setIntervalFor
%MSG
%MSG-i CondDBESSource:  PostBeginProcessBlock 09-Feb-2026 14:36:45 CET  PostBeginProcessBlock
Validity coming from IOV sequence for record "GBRDWrapperRcd" and label "electron_eb_ecalOnly_1To300_0p0002To0p5_sigma": (352059, 18446744073709551615) for time (type: runnumber) 382216; from CondDBESSource::setIntervalFor
%MSG
%MSG-i CondDBESSource:  PostBeginProcessBlock 09-Feb-2026 14:36:45 CET  PostBeginProcessBlock
Processing record "GBRDWrapperRcd" and label "electron_eb_ecalOnly_1To300_0p2To2_mean" for run: 382216 lumi: 0 event: 0, timestamp: 7382394804334179328; from CondDBESSource::setIntervalFor
%MSG
%MSG-i CondDBESSource:  PostBeginProcessBlock 09-Feb-2026 14:36:45 CET  PostBeginProcessBlock
Validity coming from IOV sequence for record "GBRDWrapperRcd" and label "electron_eb_ecalOnly_1To300_0p2To2_mean": (352059, 18446744073709551615) for time (type: runnumber) 382216; from CondDBESSource::setIntervalFor
%MSG
%MSG-i CondDBESSource:  PostBeginProcessBlock 09-Feb-2026 14:36:45 CET  PostBeginProcessBlock
Processing record "GBRDWrapperRcd" and label "electron_eb_ecalTrk_1To20_0p0002To0p5_sigma" for run: 382216 lumi: 0 event: 0, timestamp: 7382394804334179328; from CondDBESSource::setIntervalFor
%MSG
%MSG-i CondDBESSource:  PostBeginProcessBlock 09-Feb-2026 14:36:45 CET  PostBeginProcessBlock
Validity coming from IOV sequence for record "GBRDWrapperRcd" and label "electron_eb_ecalTrk_1To20_0p0002To0p5_sigma": (1, 18446744073709551615) for time (type: runnumber) 382216; from CondDBESSource::setIntervalFor
%MSG
%MSG-i CondDBESSource:  PostBeginProcessBlock 09-Feb-2026 14:36:45 CET  PostBeginProcessBlock
Processing record "GBRDWrapperRcd" and label "electron_eb_ecalTrk_1To20_0p2To2_mean" for run: 382216 lumi: 0 event: 0, timestamp: 7382394804334179328; from CondDBESSource::setIntervalFor
%MSG
%MSG-i CondDBESSource:  PostBeginProcessBlock 09-Feb-2026 14:36:45 CET  PostBeginProcessBlock
Validity coming from IOV sequence for record "GBRDWrapperRcd" and label "electron_eb_ecalTrk_1To20_0p2To2_mean": (1, 18446744073709551615) for time (type: runnumber) 382216; from CondDBESSource::setIntervalFor
%MSG
%MSG-i CondDBESSource:  PostBeginProcessBlock 09-Feb-2026 14:36:45 CET  PostBeginProcessBlock
Processing record "GBRDWrapperRcd" and label "electron_eb_ecalTrk_1To300_0p0002To0p5_sigma" for run: 382216 lumi: 0 event: 0, timestamp: 7382394804334179328; from CondDBESSource::setIntervalFor
%MSG
%MSG-i CondDBESSource:  PostBeginProcessBlock 09-Feb-2026 14:36:45 CET  PostBeginProcessBlock
Validity coming from IOV sequence for record "GBRDWrapperRcd" and label "electron_eb_ecalTrk_1To300_0p0002To0p5_sigma": (352059, 18446744073709551615) for time (type: runnumber) 382216; from CondDBESSource::setIntervalFor
%MSG
%MSG-i CondDBESSource:  PostBeginProcessBlock 09-Feb-2026 14:36:45 CET  PostBeginProcessBlock
Processing record "GBRDWrapperRcd" and label "electron_eb_ecalTrk_1To300_0p2To2_mean" for run: 382216 lumi: 0 event: 0, timestamp: 7382394804334179328; from CondDBESSource::setIntervalFor
%MSG
%MSG-i CondDBESSource:  PostBeginProcessBlock 09-Feb-2026 14:36:45 CET  PostBeginProcessBlock
Validity coming from IOV sequence for record "GBRDWrapperRcd" and label "electron_eb_ecalTrk_1To300_0p2To2_mean": (352059, 18446744073709551615) for time (type: runnumber) 382216; from CondDBESSource::setIntervalFor
%MSG
%MSG-i CondDBESSource:  PostBeginProcessBlock 09-Feb-2026 14:36:45 CET  PostBeginProcessBlock
Processing record "GBRDWrapperRcd" and label "electron_ee_ECALTRK" for run: 382216 lumi: 0 event: 0, timestamp: 7382394804334179328; from CondDBESSource::setIntervalFor
%MSG
%MSG-i CondDBESSource:  PostBeginProcessBlock 09-Feb-2026 14:36:45 CET  PostBeginProcessBlock
Validity coming from IOV sequence for record "GBRDWrapperRcd" and label "electron_ee_ECALTRK": (1, 18446744073709551615) for time (type: runnumber) 382216; from CondDBESSource::setIntervalFor
%MSG
%MSG-i CondDBESSource:  PostBeginProcessBlock 09-Feb-2026 14:36:45 CET  PostBeginProcessBlock
Processing record "GBRDWrapperRcd" and label "electron_ee_ECALTRK_lowpt" for run: 382216 lumi: 0 event: 0, timestamp: 7382394804334179328; from CondDBESSource::setIntervalFor
%MSG
%MSG-i CondDBESSource:  PostBeginProcessBlock 09-Feb-2026 14:36:45 CET  PostBeginProcessBlock
Validity coming from IOV sequence for record "GBRDWrapperRcd" and label "electron_ee_ECALTRK_lowpt": (1, 18446744073709551615) for time (type: runnumber) 382216; from CondDBESSource::setIntervalFor
%MSG
%MSG-i CondDBESSource:  PostBeginProcessBlock 09-Feb-2026 14:36:45 CET  PostBeginProcessBlock
Processing record "GBRDWrapperRcd" and label "electron_ee_ECALTRK_lowpt_var" for run: 382216 lumi: 0 event: 0, timestamp: 7382394804334179328; from CondDBESSource::setIntervalFor
%MSG
%MSG-i CondDBESSource:  PostBeginProcessBlock 09-Feb-2026 14:36:45 CET  PostBeginProcessBlock
Validity coming from IOV sequence for record "GBRDWrapperRcd" and label "electron_ee_ECALTRK_lowpt_var": (1, 18446744073709551615) for time (type: runnumber) 382216; from CondDBESSource::setIntervalFor
%MSG
%MSG-i CondDBESSource:  PostBeginProcessBlock 09-Feb-2026 14:36:45 CET  PostBeginProcessBlock
Processing record "GBRDWrapperRcd" and label "electron_ee_ECALTRK_var" for run: 382216 lumi: 0 event: 0, timestamp: 7382394804334179328; from CondDBESSource::setIntervalFor
%MSG
%MSG-i CondDBESSource:  PostBeginProcessBlock 09-Feb-2026 14:36:45 CET  PostBeginProcessBlock
Validity coming from IOV sequence for record "GBRDWrapperRcd" and label "electron_ee_ECALTRK_var": (1, 18446744073709551615) for time (type: runnumber) 382216; from CondDBESSource::setIntervalFor
%MSG
%MSG-i CondDBESSource:  PostBeginProcessBlock 09-Feb-2026 14:36:45 CET  PostBeginProcessBlock
Processing record "GBRDWrapperRcd" and label "electron_ee_ECALonly" for run: 382216 lumi: 0 event: 0, timestamp: 7382394804334179328; from CondDBESSource::setIntervalFor
%MSG
%MSG-i CondDBESSource:  PostBeginProcessBlock 09-Feb-2026 14:36:45 CET  PostBeginProcessBlock
Validity coming from IOV sequence for record "GBRDWrapperRcd" and label "electron_ee_ECALonly": (353879, 18446744073709551615) for time (type: runnumber) 382216; from CondDBESSource::setIntervalFor
%MSG
%MSG-i CondDBESSource:  PostBeginProcessBlock 09-Feb-2026 14:36:45 CET  PostBeginProcessBlock
Processing record "GBRDWrapperRcd" and label "electron_ee_ECALonly_lowpt" for run: 382216 lumi: 0 event: 0, timestamp: 7382394804334179328; from CondDBESSource::setIntervalFor
%MSG
%MSG-i CondDBESSource:  PostBeginProcessBlock 09-Feb-2026 14:36:45 CET  PostBeginProcessBlock
Validity coming from IOV sequence for record "GBRDWrapperRcd" and label "electron_ee_ECALonly_lowpt": (1, 18446744073709551615) for time (type: runnumber) 382216; from CondDBESSource::setIntervalFor
%MSG
%MSG-i CondDBESSource:  PostBeginProcessBlock 09-Feb-2026 14:36:45 CET  PostBeginProcessBlock
Processing record "GBRDWrapperRcd" and label "electron_ee_ECALonly_lowpt_var" for run: 382216 lumi: 0 event: 0, timestamp: 7382394804334179328; from CondDBESSource::setIntervalFor
%MSG
%MSG-i CondDBESSource:  PostBeginProcessBlock 09-Feb-2026 14:36:45 CET  PostBeginProcessBlock
Validity coming from IOV sequence for record "GBRDWrapperRcd" and label "electron_ee_ECALonly_lowpt_var": (1, 18446744073709551615) for time (type: runnumber) 382216; from CondDBESSource::setIntervalFor
%MSG
%MSG-i CondDBESSource:  PostBeginProcessBlock 09-Feb-2026 14:36:45 CET  PostBeginProcessBlock
Processing record "GBRDWrapperRcd" and label "electron_ee_ECALonly_var" for run: 382216 lumi: 0 event: 0, timestamp: 7382394804334179328; from CondDBESSource::setIntervalFor
%MSG
%MSG-i CondDBESSource:  PostBeginProcessBlock 09-Feb-2026 14:36:45 CET  PostBeginProcessBlock
Validity coming from IOV sequence for record "GBRDWrapperRcd" and label "electron_ee_ECALonly_var": (353879, 18446744073709551615) for time (type: runnumber) 382216; from CondDBESSource::setIntervalFor
%MSG
%MSG-i CondDBESSource:  PostBeginProcessBlock 09-Feb-2026 14:36:45 CET  PostBeginProcessBlock
Processing record "GBRDWrapperRcd" and label "electron_ee_ecalOnly_1To20_0p0002To0p5_sigma" for run: 382216 lumi: 0 event: 0, timestamp: 7382394804334179328; from CondDBESSource::setIntervalFor
%MSG
%MSG-i CondDBESSource:  PostBeginProcessBlock 09-Feb-2026 14:36:45 CET  PostBeginProcessBlock
Validity coming from IOV sequence for record "GBRDWrapperRcd" and label "electron_ee_ecalOnly_1To20_0p0002To0p5_sigma": (1, 18446744073709551615) for time (type: runnumber) 382216; from CondDBESSource::setIntervalFor
%MSG
%MSG-i CondDBESSource:  PostBeginProcessBlock 09-Feb-2026 14:36:45 CET  PostBeginProcessBlock
Processing record "GBRDWrapperRcd" and label "electron_ee_ecalOnly_1To20_0p2To2_mean" for run: 382216 lumi: 0 event: 0, timestamp: 7382394804334179328; from CondDBESSource::setIntervalFor
%MSG
%MSG-i CondDBESSource:  PostBeginProcessBlock 09-Feb-2026 14:36:45 CET  PostBeginProcessBlock
Validity coming from IOV sequence for record "GBRDWrapperRcd" and label "electron_ee_ecalOnly_1To20_0p2To2_mean": (1, 18446744073709551615) for time (type: runnumber) 382216; from CondDBESSource::setIntervalFor
%MSG
%MSG-i CondDBESSource:  PostBeginProcessBlock 09-Feb-2026 14:36:45 CET  PostBeginProcessBlock
Processing record "GBRDWrapperRcd" and label "electron_ee_ecalOnly_1To300_0p0002To0p5_sigma" for run: 382216 lumi: 0 event: 0, timestamp: 7382394804334179328; from CondDBESSource::setIntervalFor
%MSG
%MSG-i CondDBESSource:  PostBeginProcessBlock 09-Feb-2026 14:36:45 CET  PostBeginProcessBlock
Validity coming from IOV sequence for record "GBRDWrapperRcd" and label "electron_ee_ecalOnly_1To300_0p0002To0p5_sigma": (352059, 18446744073709551615) for time (type: runnumber) 382216; from CondDBESSource::setIntervalFor
%MSG
%MSG-i CondDBESSource:  PostBeginProcessBlock 09-Feb-2026 14:36:45 CET  PostBeginProcessBlock
Processing record "GBRDWrapperRcd" and label "electron_ee_ecalOnly_1To300_0p2To2_mean" for run: 382216 lumi: 0 event: 0, timestamp: 7382394804334179328; from CondDBESSource::setIntervalFor
%MSG
%MSG-i CondDBESSource:  PostBeginProcessBlock 09-Feb-2026 14:36:45 CET  PostBeginProcessBlock
Validity coming from IOV sequence for record "GBRDWrapperRcd" and label "electron_ee_ecalOnly_1To300_0p2To2_mean": (352059, 18446744073709551615) for time (type: runnumber) 382216; from CondDBESSource::setIntervalFor
%MSG
%MSG-i CondDBESSource:  PostBeginProcessBlock 09-Feb-2026 14:36:45 CET  PostBeginProcessBlock
Processing record "GBRDWrapperRcd" and label "electron_ee_ecalTrk_1To20_0p0002To0p5_sigma" for run: 382216 lumi: 0 event: 0, timestamp: 7382394804334179328; from CondDBESSource::setIntervalFor
%MSG
%MSG-i CondDBESSource:  PostBeginProcessBlock 09-Feb-2026 14:36:45 CET  PostBeginProcessBlock
Validity coming from IOV sequence for record "GBRDWrapperRcd" and label "electron_ee_ecalTrk_1To20_0p0002To0p5_sigma": (1, 18446744073709551615) for time (type: runnumber) 382216; from CondDBESSource::setIntervalFor
%MSG
%MSG-i CondDBESSource:  PostBeginProcessBlock 09-Feb-2026 14:36:45 CET  PostBeginProcessBlock
Processing record "GBRDWrapperRcd" and label "electron_ee_ecalTrk_1To20_0p2To2_mean" for run: 382216 lumi: 0 event: 0, timestamp: 7382394804334179328; from CondDBESSource::setIntervalFor
%MSG
%MSG-i CondDBESSource:  PostBeginProcessBlock 09-Feb-2026 14:36:45 CET  PostBeginProcessBlock
Validity coming from IOV sequence for record "GBRDWrapperRcd" and label "electron_ee_ecalTrk_1To20_0p2To2_mean": (1, 18446744073709551615) for time (type: runnumber) 382216; from CondDBESSource::setIntervalFor
%MSG
%MSG-i CondDBESSource:  PostBeginProcessBlock 09-Feb-2026 14:36:45 CET  PostBeginProcessBlock
Processing record "GBRDWrapperRcd" and label "electron_ee_ecalTrk_1To300_0p0002To0p5_sigma" for run: 382216 lumi: 0 event: 0, timestamp: 7382394804334179328; from CondDBESSource::setIntervalFor
%MSG
%MSG-i CondDBESSource:  PostBeginProcessBlock 09-Feb-2026 14:36:45 CET  PostBeginProcessBlock
Validity coming from IOV sequence for record "GBRDWrapperRcd" and label "electron_ee_ecalTrk_1To300_0p0002To0p5_sigma": (352059, 18446744073709551615) for time (type: runnumber) 382216; from CondDBESSource::setIntervalFor
%MSG
%MSG-i CondDBESSource:  PostBeginProcessBlock 09-Feb-2026 14:36:45 CET  PostBeginProcessBlock
Processing record "GBRDWrapperRcd" and label "electron_ee_ecalTrk_1To300_0p2To2_mean" for run: 382216 lumi: 0 event: 0, timestamp: 7382394804334179328; from CondDBESSource::setIntervalFor
%MSG
%MSG-i CondDBESSource:  PostBeginProcessBlock 09-Feb-2026 14:36:45 CET  PostBeginProcessBlock
Validity coming from IOV sequence for record "GBRDWrapperRcd" and label "electron_ee_ecalTrk_1To300_0p2To2_mean": (352059, 18446744073709551615) for time (type: runnumber) 382216; from CondDBESSource::setIntervalFor
%MSG
%MSG-i CondDBESSource:  PostBeginProcessBlock 09-Feb-2026 14:36:45 CET  PostBeginProcessBlock
Processing record "GBRDWrapperRcd" and label "gedelectron_EBCorrection_25ns" for run: 382216 lumi: 0 event: 0, timestamp: 7382394804334179328; from CondDBESSource::setIntervalFor
%MSG
%MSG-i CondDBESSource:  PostBeginProcessBlock 09-Feb-2026 14:36:45 CET  PostBeginProcessBlock
Validity coming from IOV sequence for record "GBRDWrapperRcd" and label "gedelectron_EBCorrection_25ns": (1, 18446744073709551615) for time (type: runnumber) 382216; from CondDBESSource::setIntervalFor
%MSG
%MSG-i CondDBESSource:  PostBeginProcessBlock 09-Feb-2026 14:36:45 CET  PostBeginProcessBlock
Processing record "GBRDWrapperRcd" and label "gedelectron_EBCorrection_50ns" for run: 382216 lumi: 0 event: 0, timestamp: 7382394804334179328; from CondDBESSource::setIntervalFor
%MSG
%MSG-i CondDBESSource:  PostBeginProcessBlock 09-Feb-2026 14:36:45 CET  PostBeginProcessBlock
Validity coming from IOV sequence for record "GBRDWrapperRcd" and label "gedelectron_EBCorrection_50ns": (1, 18446744073709551615) for time (type: runnumber) 382216; from CondDBESSource::setIntervalFor
%MSG
%MSG-i CondDBESSource:  PostBeginProcessBlock 09-Feb-2026 14:36:45 CET  PostBeginProcessBlock
Processing record "GBRDWrapperRcd" and label "gedelectron_EBUncertainty_25ns" for run: 382216 lumi: 0 event: 0, timestamp: 7382394804334179328; from CondDBESSource::setIntervalFor
%MSG
%MSG-i CondDBESSource:  PostBeginProcessBlock 09-Feb-2026 14:36:45 CET  PostBeginProcessBlock
Validity coming from IOV sequence for record "GBRDWrapperRcd" and label "gedelectron_EBUncertainty_25ns": (1, 18446744073709551615) for time (type: runnumber) 382216; from CondDBESSource::setIntervalFor
%MSG
%MSG-i CondDBESSource:  PostBeginProcessBlock 09-Feb-2026 14:36:45 CET  PostBeginProcessBlock
Processing record "GBRDWrapperRcd" and label "gedelectron_EBUncertainty_50ns" for run: 382216 lumi: 0 event: 0, timestamp: 7382394804334179328; from CondDBESSource::setIntervalFor
%MSG
%MSG-i CondDBESSource:  PostBeginProcessBlock 09-Feb-2026 14:36:45 CET  PostBeginProcessBlock
Validity coming from IOV sequence for record "GBRDWrapperRcd" and label "gedelectron_EBUncertainty_50ns": (1, 18446744073709551615) for time (type: runnumber) 382216; from CondDBESSource::setIntervalFor
%MSG
%MSG-i CondDBESSource:  PostBeginProcessBlock 09-Feb-2026 14:36:45 CET  PostBeginProcessBlock
Processing record "GBRDWrapperRcd" and label "gedelectron_EECorrection_25ns" for run: 382216 lumi: 0 event: 0, timestamp: 7382394804334179328; from CondDBESSource::setIntervalFor
%MSG
%MSG-i CondDBESSource:  PostBeginProcessBlock 09-Feb-2026 14:36:45 CET  PostBeginProcessBlock
Validity coming from IOV sequence for record "GBRDWrapperRcd" and label "gedelectron_EECorrection_25ns": (1, 18446744073709551615) for time (type: runnumber) 382216; from CondDBESSource::setIntervalFor
%MSG
%MSG-i CondDBESSource:  PostBeginProcessBlock 09-Feb-2026 14:36:45 CET  PostBeginProcessBlock
Processing record "GBRDWrapperRcd" and label "gedelectron_EECorrection_50ns" for run: 382216 lumi: 0 event: 0, timestamp: 7382394804334179328; from CondDBESSource::setIntervalFor
%MSG
%MSG-i CondDBESSource:  PostBeginProcessBlock 09-Feb-2026 14:36:45 CET  PostBeginProcessBlock
Validity coming from IOV sequence for record "GBRDWrapperRcd" and label "gedelectron_EECorrection_50ns": (1, 18446744073709551615) for time (type: runnumber) 382216; from CondDBESSource::setIntervalFor
%MSG
%MSG-i CondDBESSource:  PostBeginProcessBlock 09-Feb-2026 14:36:45 CET  PostBeginProcessBlock
Processing record "GBRDWrapperRcd" and label "gedelectron_EEUncertainty_25ns" for run: 382216 lumi: 0 event: 0, timestamp: 7382394804334179328; from CondDBESSource::setIntervalFor
%MSG
%MSG-i CondDBESSource:  PostBeginProcessBlock 09-Feb-2026 14:36:45 CET  PostBeginProcessBlock
Validity coming from IOV sequence for record "GBRDWrapperRcd" and label "gedelectron_EEUncertainty_25ns": (1, 18446744073709551615) for time (type: runnumber) 382216; from CondDBESSource::setIntervalFor
%MSG
%MSG-i CondDBESSource:  PostBeginProcessBlock 09-Feb-2026 14:36:45 CET  PostBeginProcessBlock
Processing record "GBRDWrapperRcd" and label "gedelectron_EEUncertainty_50ns" for run: 382216 lumi: 0 event: 0, timestamp: 7382394804334179328; from CondDBESSource::setIntervalFor
%MSG
%MSG-i CondDBESSource:  PostBeginProcessBlock 09-Feb-2026 14:36:45 CET  PostBeginProcessBlock
Validity coming from IOV sequence for record "GBRDWrapperRcd" and label "gedelectron_EEUncertainty_50ns": (1, 18446744073709551615) for time (type: runnumber) 382216; from CondDBESSource::setIntervalFor
%MSG
%MSG-i CondDBESSource:  PostBeginProcessBlock 09-Feb-2026 14:36:45 CET  PostBeginProcessBlock
Processing record "GBRDWrapperRcd" and label "gedphoton_EBCorrection_25ns" for run: 382216 lumi: 0 event: 0, timestamp: 7382394804334179328; from CondDBESSource::setIntervalFor
%MSG
%MSG-i CondDBESSource:  PostBeginProcessBlock 09-Feb-2026 14:36:45 CET  PostBeginProcessBlock
Validity coming from IOV sequence for record "GBRDWrapperRcd" and label "gedphoton_EBCorrection_25ns": (1, 18446744073709551615) for time (type: runnumber) 382216; from CondDBESSource::setIntervalFor
%MSG
%MSG-i CondDBESSource:  PostBeginProcessBlock 09-Feb-2026 14:36:45 CET  PostBeginProcessBlock
Processing record "GBRDWrapperRcd" and label "gedphoton_EBCorrection_50ns" for run: 382216 lumi: 0 event: 0, timestamp: 7382394804334179328; from CondDBESSource::setIntervalFor
%MSG
%MSG-i CondDBESSource:  PostBeginProcessBlock 09-Feb-2026 14:36:45 CET  PostBeginProcessBlock
Validity coming from IOV sequence for record "GBRDWrapperRcd" and label "gedphoton_EBCorrection_50ns": (1, 18446744073709551615) for time (type: runnumber) 382216; from CondDBESSource::setIntervalFor
%MSG
%MSG-i CondDBESSource:  PostBeginProcessBlock 09-Feb-2026 14:36:45 CET  PostBeginProcessBlock
Processing record "GBRDWrapperRcd" and label "gedphoton_EBUncertainty_25ns" for run: 382216 lumi: 0 event: 0, timestamp: 7382394804334179328; from CondDBESSource::setIntervalFor
%MSG
%MSG-i CondDBESSource:  PostBeginProcessBlock 09-Feb-2026 14:36:45 CET  PostBeginProcessBlock
Validity coming from IOV sequence for record "GBRDWrapperRcd" and label "gedphoton_EBUncertainty_25ns": (1, 18446744073709551615) for time (type: runnumber) 382216; from CondDBESSource::setIntervalFor
%MSG
%MSG-i CondDBESSource:  PostBeginProcessBlock 09-Feb-2026 14:36:45 CET  PostBeginProcessBlock
Processing record "GBRDWrapperRcd" and label "gedphoton_EBUncertainty_50ns" for run: 382216 lumi: 0 event: 0, timestamp: 7382394804334179328; from CondDBESSource::setIntervalFor
%MSG
%MSG-i CondDBESSource:  PostBeginProcessBlock 09-Feb-2026 14:36:45 CET  PostBeginProcessBlock
Validity coming from IOV sequence for record "GBRDWrapperRcd" and label "gedphoton_EBUncertainty_50ns": (1, 18446744073709551615) for time (type: runnumber) 382216; from CondDBESSource::setIntervalFor
%MSG
%MSG-i CondDBESSource:  PostBeginProcessBlock 09-Feb-2026 14:36:45 CET  PostBeginProcessBlock
Processing record "GBRDWrapperRcd" and label "gedphoton_EECorrection_25ns" for run: 382216 lumi: 0 event: 0, timestamp: 7382394804334179328; from CondDBESSource::setIntervalFor
%MSG
%MSG-i CondDBESSource:  PostBeginProcessBlock 09-Feb-2026 14:36:45 CET  PostBeginProcessBlock
Validity coming from IOV sequence for record "GBRDWrapperRcd" and label "gedphoton_EECorrection_25ns": (1, 18446744073709551615) for time (type: runnumber) 382216; from CondDBESSource::setIntervalFor
%MSG
%MSG-i CondDBESSource:  PostBeginProcessBlock 09-Feb-2026 14:36:45 CET  PostBeginProcessBlock
Processing record "GBRDWrapperRcd" and label "gedphoton_EECorrection_50ns" for run: 382216 lumi: 0 event: 0, timestamp: 7382394804334179328; from CondDBESSource::setIntervalFor
%MSG
%MSG-i CondDBESSource:  PostBeginProcessBlock 09-Feb-2026 14:36:45 CET  PostBeginProcessBlock
Validity coming from IOV sequence for record "GBRDWrapperRcd" and label "gedphoton_EECorrection_50ns": (1, 18446744073709551615) for time (type: runnumber) 382216; from CondDBESSource::setIntervalFor
%MSG
%MSG-i CondDBESSource:  PostBeginProcessBlock 09-Feb-2026 14:36:45 CET  PostBeginProcessBlock
Processing record "GBRDWrapperRcd" and label "gedphoton_EEUncertainty_25ns" for run: 382216 lumi: 0 event: 0, timestamp: 7382394804334179328; from CondDBESSource::setIntervalFor
%MSG
%MSG-i CondDBESSource:  PostBeginProcessBlock 09-Feb-2026 14:36:45 CET  PostBeginProcessBlock
Validity coming from IOV sequence for record "GBRDWrapperRcd" and label "gedphoton_EEUncertainty_25ns": (1, 18446744073709551615) for time (type: runnumber) 382216; from CondDBESSource::setIntervalFor
%MSG
%MSG-i CondDBESSource:  PostBeginProcessBlock 09-Feb-2026 14:36:45 CET  PostBeginProcessBlock
Processing record "GBRDWrapperRcd" and label "gedphoton_EEUncertainty_50ns" for run: 382216 lumi: 0 event: 0, timestamp: 7382394804334179328; from CondDBESSource::setIntervalFor
%MSG
%MSG-i CondDBESSource:  PostBeginProcessBlock 09-Feb-2026 14:36:45 CET  PostBeginProcessBlock
Validity coming from IOV sequence for record "GBRDWrapperRcd" and label "gedphoton_EEUncertainty_50ns": (1, 18446744073709551615) for time (type: runnumber) 382216; from CondDBESSource::setIntervalFor
%MSG
%MSG-i CondDBESSource:  PostBeginProcessBlock 09-Feb-2026 14:36:45 CET  PostBeginProcessBlock
Processing record "GBRDWrapperRcd" and label "lowPtElectron_eb_ecalOnly_05To50_mean" for run: 382216 lumi: 0 event: 0, timestamp: 7382394804334179328; from CondDBESSource::setIntervalFor
%MSG
%MSG-i CondDBESSource:  PostBeginProcessBlock 09-Feb-2026 14:36:45 CET  PostBeginProcessBlock
Validity coming from IOV sequence for record "GBRDWrapperRcd" and label "lowPtElectron_eb_ecalOnly_05To50_mean": (314472, 18446744073709551615) for time (type: runnumber) 382216; from CondDBESSource::setIntervalFor
%MSG
%MSG-i CondDBESSource:  PostBeginProcessBlock 09-Feb-2026 14:36:45 CET  PostBeginProcessBlock
Processing record "GBRDWrapperRcd" and label "lowPtElectron_eb_ecalOnly_05To50_sigma" for run: 382216 lumi: 0 event: 0, timestamp: 7382394804334179328; from CondDBESSource::setIntervalFor
%MSG
%MSG-i CondDBESSource:  PostBeginProcessBlock 09-Feb-2026 14:36:45 CET  PostBeginProcessBlock
Validity coming from IOV sequence for record "GBRDWrapperRcd" and label "lowPtElectron_eb_ecalOnly_05To50_sigma": (314472, 18446744073709551615) for time (type: runnumber) 382216; from CondDBESSource::setIntervalFor
%MSG
%MSG-i CondDBESSource:  PostBeginProcessBlock 09-Feb-2026 14:36:45 CET  PostBeginProcessBlock
Processing record "GBRDWrapperRcd" and label "lowPtElectron_eb_ecalTrk_05To50_mean" for run: 382216 lumi: 0 event: 0, timestamp: 7382394804334179328; from CondDBESSource::setIntervalFor
%MSG
%MSG-i CondDBESSource:  PostBeginProcessBlock 09-Feb-2026 14:36:45 CET  PostBeginProcessBlock
Validity coming from IOV sequence for record "GBRDWrapperRcd" and label "lowPtElectron_eb_ecalTrk_05To50_mean": (314472, 18446744073709551615) for time (type: runnumber) 382216; from CondDBESSource::setIntervalFor
%MSG
%MSG-i CondDBESSource:  PostBeginProcessBlock 09-Feb-2026 14:36:45 CET  PostBeginProcessBlock
Processing record "GBRDWrapperRcd" and label "lowPtElectron_eb_ecalTrk_05To50_sigma" for run: 382216 lumi: 0 event: 0, timestamp: 7382394804334179328; from CondDBESSource::setIntervalFor
%MSG
%MSG-i CondDBESSource:  PostBeginProcessBlock 09-Feb-2026 14:36:45 CET  PostBeginProcessBlock
Validity coming from IOV sequence for record "GBRDWrapperRcd" and label "lowPtElectron_eb_ecalTrk_05To50_sigma": (314472, 18446744073709551615) for time (type: runnumber) 382216; from CondDBESSource::setIntervalFor
%MSG
%MSG-i CondDBESSource:  PostBeginProcessBlock 09-Feb-2026 14:36:45 CET  PostBeginProcessBlock
Processing record "GBRDWrapperRcd" and label "lowPtElectron_ee_ecalOnly_05To50_mean" for run: 382216 lumi: 0 event: 0, timestamp: 7382394804334179328; from CondDBESSource::setIntervalFor
%MSG
%MSG-i CondDBESSource:  PostBeginProcessBlock 09-Feb-2026 14:36:45 CET  PostBeginProcessBlock
Validity coming from IOV sequence for record "GBRDWrapperRcd" and label "lowPtElectron_ee_ecalOnly_05To50_mean": (314472, 18446744073709551615) for time (type: runnumber) 382216; from CondDBESSource::setIntervalFor
%MSG
%MSG-i CondDBESSource:  PostBeginProcessBlock 09-Feb-2026 14:36:45 CET  PostBeginProcessBlock
Processing record "GBRDWrapperRcd" and label "lowPtElectron_ee_ecalOnly_05To50_sigma" for run: 382216 lumi: 0 event: 0, timestamp: 7382394804334179328; from CondDBESSource::setIntervalFor
%MSG
%MSG-i CondDBESSource:  PostBeginProcessBlock 09-Feb-2026 14:36:45 CET  PostBeginProcessBlock
Validity coming from IOV sequence for record "GBRDWrapperRcd" and label "lowPtElectron_ee_ecalOnly_05To50_sigma": (314472, 18446744073709551615) for time (type: runnumber) 382216; from CondDBESSource::setIntervalFor
%MSG
%MSG-i CondDBESSource:  PostBeginProcessBlock 09-Feb-2026 14:36:45 CET  PostBeginProcessBlock
Processing record "GBRDWrapperRcd" and label "lowPtElectron_ee_ecalTrk_05To50_mean" for run: 382216 lumi: 0 event: 0, timestamp: 7382394804334179328; from CondDBESSource::setIntervalFor
%MSG
%MSG-i CondDBESSource:  PostBeginProcessBlock 09-Feb-2026 14:36:45 CET  PostBeginProcessBlock
Validity coming from IOV sequence for record "GBRDWrapperRcd" and label "lowPtElectron_ee_ecalTrk_05To50_mean": (314472, 18446744073709551615) for time (type: runnumber) 382216; from CondDBESSource::setIntervalFor
%MSG
%MSG-i CondDBESSource:  PostBeginProcessBlock 09-Feb-2026 14:36:45 CET  PostBeginProcessBlock
Processing record "GBRDWrapperRcd" and label "lowPtElectron_ee_ecalTrk_05To50_sigma" for run: 382216 lumi: 0 event: 0, timestamp: 7382394804334179328; from CondDBESSource::setIntervalFor
%MSG
%MSG-i CondDBESSource:  PostBeginProcessBlock 09-Feb-2026 14:36:45 CET  PostBeginProcessBlock
Validity coming from IOV sequence for record "GBRDWrapperRcd" and label "lowPtElectron_ee_ecalTrk_05To50_sigma": (314472, 18446744073709551615) for time (type: runnumber) 382216; from CondDBESSource::setIntervalFor
%MSG
%MSG-i CondDBESSource:  PostBeginProcessBlock 09-Feb-2026 14:36:45 CET  PostBeginProcessBlock
Processing record "GBRDWrapperRcd" and label "pfscecal_EBCorrection_offline_v2" for run: 382216 lumi: 0 event: 0, timestamp: 7382394804334179328; from CondDBESSource::setIntervalFor
%MSG
%MSG-i CondDBESSource:  PostBeginProcessBlock 09-Feb-2026 14:36:45 CET  PostBeginProcessBlock
Validity coming from IOV sequence for record "GBRDWrapperRcd" and label "pfscecal_EBCorrection_offline_v2": (352059, 18446744073709551615) for time (type: runnumber) 382216; from CondDBESSource::setIntervalFor
%MSG
%MSG-i CondDBESSource:  PostBeginProcessBlock 09-Feb-2026 14:36:45 CET  PostBeginProcessBlock
Processing record "GBRDWrapperRcd" and label "pfscecal_EBCorrection_online" for run: 382216 lumi: 0 event: 0, timestamp: 7382394804334179328; from CondDBESSource::setIntervalFor
%MSG
%MSG-i CondDBESSource:  PostBeginProcessBlock 09-Feb-2026 14:36:45 CET  PostBeginProcessBlock
Validity coming from IOV sequence for record "GBRDWrapperRcd" and label "pfscecal_EBCorrection_online": (351126, 18446744073709551615) for time (type: runnumber) 382216; from CondDBESSource::setIntervalFor
%MSG
%MSG-i CondDBESSource:  PostBeginProcessBlock 09-Feb-2026 14:36:45 CET  PostBeginProcessBlock
Processing record "GBRDWrapperRcd" and label "pfscecal_EBUncertainty_offline_v2" for run: 382216 lumi: 0 event: 0, timestamp: 7382394804334179328; from CondDBESSource::setIntervalFor
%MSG
%MSG-i CondDBESSource:  PostBeginProcessBlock 09-Feb-2026 14:36:45 CET  PostBeginProcessBlock
Validity coming from IOV sequence for record "GBRDWrapperRcd" and label "pfscecal_EBUncertainty_offline_v2": (352059, 18446744073709551615) for time (type: runnumber) 382216; from CondDBESSource::setIntervalFor
%MSG
%MSG-i CondDBESSource:  PostBeginProcessBlock 09-Feb-2026 14:36:45 CET  PostBeginProcessBlock
Processing record "GBRDWrapperRcd" and label "pfscecal_EBUncertainty_online" for run: 382216 lumi: 0 event: 0, timestamp: 7382394804334179328; from CondDBESSource::setIntervalFor
%MSG
%MSG-i CondDBESSource:  PostBeginProcessBlock 09-Feb-2026 14:36:45 CET  PostBeginProcessBlock
Validity coming from IOV sequence for record "GBRDWrapperRcd" and label "pfscecal_EBUncertainty_online": (351126, 18446744073709551615) for time (type: runnumber) 382216; from CondDBESSource::setIntervalFor
%MSG
%MSG-i CondDBESSource:  PostBeginProcessBlock 09-Feb-2026 14:36:45 CET  PostBeginProcessBlock
Processing record "GBRDWrapperRcd" and label "pfscecal_EECorrection_offline_v2" for run: 382216 lumi: 0 event: 0, timestamp: 7382394804334179328; from CondDBESSource::setIntervalFor
%MSG
%MSG-i CondDBESSource:  PostBeginProcessBlock 09-Feb-2026 14:36:45 CET  PostBeginProcessBlock
Validity coming from IOV sequence for record "GBRDWrapperRcd" and label "pfscecal_EECorrection_offline_v2": (352059, 18446744073709551615) for time (type: runnumber) 382216; from CondDBESSource::setIntervalFor
%MSG
%MSG-i CondDBESSource:  PostBeginProcessBlock 09-Feb-2026 14:36:45 CET  PostBeginProcessBlock
Processing record "GBRDWrapperRcd" and label "pfscecal_EECorrection_online" for run: 382216 lumi: 0 event: 0, timestamp: 7382394804334179328; from CondDBESSource::setIntervalFor
%MSG
%MSG-i CondDBESSource:  PostBeginProcessBlock 09-Feb-2026 14:36:45 CET  PostBeginProcessBlock
Validity coming from IOV sequence for record "GBRDWrapperRcd" and label "pfscecal_EECorrection_online": (351126, 18446744073709551615) for time (type: runnumber) 382216; from CondDBESSource::setIntervalFor
%MSG
%MSG-i CondDBESSource:  PostBeginProcessBlock 09-Feb-2026 14:36:45 CET  PostBeginProcessBlock
Processing record "GBRDWrapperRcd" and label "pfscecal_EEUncertainty_offline_v2" for run: 382216 lumi: 0 event: 0, timestamp: 7382394804334179328; from CondDBESSource::setIntervalFor
%MSG
%MSG-i CondDBESSource:  PostBeginProcessBlock 09-Feb-2026 14:36:45 CET  PostBeginProcessBlock
Validity coming from IOV sequence for record "GBRDWrapperRcd" and label "pfscecal_EEUncertainty_offline_v2": (352059, 18446744073709551615) for time (type: runnumber) 382216; from CondDBESSource::setIntervalFor
%MSG
%MSG-i CondDBESSource:  PostBeginProcessBlock 09-Feb-2026 14:36:45 CET  PostBeginProcessBlock
Processing record "GBRDWrapperRcd" and label "pfscecal_EEUncertainty_online" for run: 382216 lumi: 0 event: 0, timestamp: 7382394804334179328; from CondDBESSource::setIntervalFor
%MSG
%MSG-i CondDBESSource:  PostBeginProcessBlock 09-Feb-2026 14:36:45 CET  PostBeginProcessBlock
Validity coming from IOV sequence for record "GBRDWrapperRcd" and label "pfscecal_EEUncertainty_online": (351126, 18446744073709551615) for time (type: runnumber) 382216; from CondDBESSource::setIntervalFor
%MSG
%MSG-i CondDBESSource:  PostBeginProcessBlock 09-Feb-2026 14:36:45 CET  PostBeginProcessBlock
Processing record "GBRDWrapperRcd" and label "pfscecal_ebCorrection_offline_v2" for run: 382216 lumi: 0 event: 0, timestamp: 7382394804334179328; from CondDBESSource::setIntervalFor
%MSG
%MSG-i CondDBESSource:  PostBeginProcessBlock 09-Feb-2026 14:36:45 CET  PostBeginProcessBlock
Validity coming from IOV sequence for record "GBRDWrapperRcd" and label "pfscecal_ebCorrection_offline_v2": (1, 18446744073709551615) for time (type: runnumber) 382216; from CondDBESSource::setIntervalFor
%MSG
%MSG-i CondDBESSource:  PostBeginProcessBlock 09-Feb-2026 14:36:45 CET  PostBeginProcessBlock
Processing record "GBRDWrapperRcd" and label "pfscecal_ebUncertainty_offline_v2" for run: 382216 lumi: 0 event: 0, timestamp: 7382394804334179328; from CondDBESSource::setIntervalFor
%MSG
%MSG-i CondDBESSource:  PostBeginProcessBlock 09-Feb-2026 14:36:45 CET  PostBeginProcessBlock
Validity coming from IOV sequence for record "GBRDWrapperRcd" and label "pfscecal_ebUncertainty_offline_v2": (1, 18446744073709551615) for time (type: runnumber) 382216; from CondDBESSource::setIntervalFor
%MSG
%MSG-i CondDBESSource:  PostBeginProcessBlock 09-Feb-2026 14:36:45 CET  PostBeginProcessBlock
Processing record "GBRDWrapperRcd" and label "pfscecal_eeCorrection_offline_v2" for run: 382216 lumi: 0 event: 0, timestamp: 7382394804334179328; from CondDBESSource::setIntervalFor
%MSG
%MSG-i CondDBESSource:  PostBeginProcessBlock 09-Feb-2026 14:36:45 CET  PostBeginProcessBlock
Validity coming from IOV sequence for record "GBRDWrapperRcd" and label "pfscecal_eeCorrection_offline_v2": (1, 18446744073709551615) for time (type: runnumber) 382216; from CondDBESSource::setIntervalFor
%MSG
%MSG-i CondDBESSource:  PostBeginProcessBlock 09-Feb-2026 14:36:45 CET  PostBeginProcessBlock
Processing record "GBRDWrapperRcd" and label "pfscecal_eeUncertainty_offline_v2" for run: 382216 lumi: 0 event: 0, timestamp: 7382394804334179328; from CondDBESSource::setIntervalFor
%MSG
%MSG-i CondDBESSource:  PostBeginProcessBlock 09-Feb-2026 14:36:45 CET  PostBeginProcessBlock
Validity coming from IOV sequence for record "GBRDWrapperRcd" and label "pfscecal_eeUncertainty_offline_v2": (1, 18446744073709551615) for time (type: runnumber) 382216; from CondDBESSource::setIntervalFor
%MSG
%MSG-i CondDBESSource:  PostBeginProcessBlock 09-Feb-2026 14:36:45 CET  PostBeginProcessBlock
Processing record "GBRDWrapperRcd" and label "photon_eb_ECALonly" for run: 382216 lumi: 0 event: 0, timestamp: 7382394804334179328; from CondDBESSource::setIntervalFor
%MSG
%MSG-i CondDBESSource:  PostBeginProcessBlock 09-Feb-2026 14:36:45 CET  PostBeginProcessBlock
Validity coming from IOV sequence for record "GBRDWrapperRcd" and label "photon_eb_ECALonly": (352059, 18446744073709551615) for time (type: runnumber) 382216; from CondDBESSource::setIntervalFor
%MSG
%MSG-i CondDBESSource:  PostBeginProcessBlock 09-Feb-2026 14:36:45 CET  PostBeginProcessBlock
Processing record "GBRDWrapperRcd" and label "photon_eb_ECALonly_lowpt" for run: 382216 lumi: 0 event: 0, timestamp: 7382394804334179328; from CondDBESSource::setIntervalFor
%MSG
%MSG-i CondDBESSource:  PostBeginProcessBlock 09-Feb-2026 14:36:45 CET  PostBeginProcessBlock
Validity coming from IOV sequence for record "GBRDWrapperRcd" and label "photon_eb_ECALonly_lowpt": (1, 18446744073709551615) for time (type: runnumber) 382216; from CondDBESSource::setIntervalFor
%MSG
%MSG-i CondDBESSource:  PostBeginProcessBlock 09-Feb-2026 14:36:45 CET  PostBeginProcessBlock
Processing record "GBRDWrapperRcd" and label "photon_eb_ECALonly_lowpt_var" for run: 382216 lumi: 0 event: 0, timestamp: 7382394804334179328; from CondDBESSource::setIntervalFor
%MSG
%MSG-i CondDBESSource:  PostBeginProcessBlock 09-Feb-2026 14:36:45 CET  PostBeginProcessBlock
Validity coming from IOV sequence for record "GBRDWrapperRcd" and label "photon_eb_ECALonly_lowpt_var": (1, 18446744073709551615) for time (type: runnumber) 382216; from CondDBESSource::setIntervalFor
%MSG
%MSG-i CondDBESSource:  PostBeginProcessBlock 09-Feb-2026 14:36:45 CET  PostBeginProcessBlock
Processing record "GBRDWrapperRcd" and label "photon_eb_ECALonly_var" for run: 382216 lumi: 0 event: 0, timestamp: 7382394804334179328; from CondDBESSource::setIntervalFor
%MSG
%MSG-i CondDBESSource:  PostBeginProcessBlock 09-Feb-2026 14:36:45 CET  PostBeginProcessBlock
Validity coming from IOV sequence for record "GBRDWrapperRcd" and label "photon_eb_ECALonly_var": (352059, 18446744073709551615) for time (type: runnumber) 382216; from CondDBESSource::setIntervalFor
%MSG
%MSG-i CondDBESSource:  PostBeginProcessBlock 09-Feb-2026 14:36:45 CET  PostBeginProcessBlock
Processing record "GBRDWrapperRcd" and label "photon_eb_ecalOnly_1To20_0p0002To0p5_sigma" for run: 382216 lumi: 0 event: 0, timestamp: 7382394804334179328; from CondDBESSource::setIntervalFor
%MSG
%MSG-i CondDBESSource:  PostBeginProcessBlock 09-Feb-2026 14:36:45 CET  PostBeginProcessBlock
Validity coming from IOV sequence for record "GBRDWrapperRcd" and label "photon_eb_ecalOnly_1To20_0p0002To0p5_sigma": (1, 18446744073709551615) for time (type: runnumber) 382216; from CondDBESSource::setIntervalFor
%MSG
%MSG-i CondDBESSource:  PostBeginProcessBlock 09-Feb-2026 14:36:45 CET  PostBeginProcessBlock
Processing record "GBRDWrapperRcd" and label "photon_eb_ecalOnly_1To20_0p2To2_mean" for run: 382216 lumi: 0 event: 0, timestamp: 7382394804334179328; from CondDBESSource::setIntervalFor
%MSG
%MSG-i CondDBESSource:  PostBeginProcessBlock 09-Feb-2026 14:36:45 CET  PostBeginProcessBlock
Validity coming from IOV sequence for record "GBRDWrapperRcd" and label "photon_eb_ecalOnly_1To20_0p2To2_mean": (1, 18446744073709551615) for time (type: runnumber) 382216; from CondDBESSource::setIntervalFor
%MSG
%MSG-i CondDBESSource:  PostBeginProcessBlock 09-Feb-2026 14:36:45 CET  PostBeginProcessBlock
Processing record "GBRDWrapperRcd" and label "photon_eb_ecalOnly_5To300_0p0002To0p5_sigma" for run: 382216 lumi: 0 event: 0, timestamp: 7382394804334179328; from CondDBESSource::setIntervalFor
%MSG
%MSG-i CondDBESSource:  PostBeginProcessBlock 09-Feb-2026 14:36:45 CET  PostBeginProcessBlock
Validity coming from IOV sequence for record "GBRDWrapperRcd" and label "photon_eb_ecalOnly_5To300_0p0002To0p5_sigma": (352059, 18446744073709551615) for time (type: runnumber) 382216; from CondDBESSource::setIntervalFor
%MSG
%MSG-i CondDBESSource:  PostBeginProcessBlock 09-Feb-2026 14:36:45 CET  PostBeginProcessBlock
Processing record "GBRDWrapperRcd" and label "photon_eb_ecalOnly_5To300_0p2To2_mean" for run: 382216 lumi: 0 event: 0, timestamp: 7382394804334179328; from CondDBESSource::setIntervalFor
%MSG
%MSG-i CondDBESSource:  PostBeginProcessBlock 09-Feb-2026 14:36:45 CET  PostBeginProcessBlock
Validity coming from IOV sequence for record "GBRDWrapperRcd" and label "photon_eb_ecalOnly_5To300_0p2To2_mean": (352059, 18446744073709551615) for time (type: runnumber) 382216; from CondDBESSource::setIntervalFor
%MSG
%MSG-i CondDBESSource:  PostBeginProcessBlock 09-Feb-2026 14:36:45 CET  PostBeginProcessBlock
Processing record "GBRDWrapperRcd" and label "photon_ee_ECALonly" for run: 382216 lumi: 0 event: 0, timestamp: 7382394804334179328; from CondDBESSource::setIntervalFor
%MSG
%MSG-i CondDBESSource:  PostBeginProcessBlock 09-Feb-2026 14:36:46 CET  PostBeginProcessBlock
Validity coming from IOV sequence for record "GBRDWrapperRcd" and label "photon_ee_ECALonly": (352059, 18446744073709551615) for time (type: runnumber) 382216; from CondDBESSource::setIntervalFor
%MSG
%MSG-i CondDBESSource:  PostBeginProcessBlock 09-Feb-2026 14:36:46 CET  PostBeginProcessBlock
Processing record "GBRDWrapperRcd" and label "photon_ee_ECALonly_lowpt" for run: 382216 lumi: 0 event: 0, timestamp: 7382394804334179328; from CondDBESSource::setIntervalFor
%MSG
%MSG-i CondDBESSource:  PostBeginProcessBlock 09-Feb-2026 14:36:46 CET  PostBeginProcessBlock
Validity coming from IOV sequence for record "GBRDWrapperRcd" and label "photon_ee_ECALonly_lowpt": (1, 18446744073709551615) for time (type: runnumber) 382216; from CondDBESSource::setIntervalFor
%MSG
%MSG-i CondDBESSource:  PostBeginProcessBlock 09-Feb-2026 14:36:46 CET  PostBeginProcessBlock
Processing record "GBRDWrapperRcd" and label "photon_ee_ECALonly_lowpt_var" for run: 382216 lumi: 0 event: 0, timestamp: 7382394804334179328; from CondDBESSource::setIntervalFor
%MSG
%MSG-i CondDBESSource:  PostBeginProcessBlock 09-Feb-2026 14:36:46 CET  PostBeginProcessBlock
Validity coming from IOV sequence for record "GBRDWrapperRcd" and label "photon_ee_ECALonly_lowpt_var": (1, 18446744073709551615) for time (type: runnumber) 382216; from CondDBESSource::setIntervalFor
%MSG
%MSG-i CondDBESSource:  PostBeginProcessBlock 09-Feb-2026 14:36:46 CET  PostBeginProcessBlock
Processing record "GBRDWrapperRcd" and label "photon_ee_ECALonly_var" for run: 382216 lumi: 0 event: 0, timestamp: 7382394804334179328; from CondDBESSource::setIntervalFor
%MSG
%MSG-i CondDBESSource:  PostBeginProcessBlock 09-Feb-2026 14:36:46 CET  PostBeginProcessBlock
Validity coming from IOV sequence for record "GBRDWrapperRcd" and label "photon_ee_ECALonly_var": (352059, 18446744073709551615) for time (type: runnumber) 382216; from CondDBESSource::setIntervalFor
%MSG
%MSG-i CondDBESSource:  PostBeginProcessBlock 09-Feb-2026 14:36:46 CET  PostBeginProcessBlock
Processing record "GBRDWrapperRcd" and label "photon_ee_ecalOnly_1To20_0p0002To0p5_sigma" for run: 382216 lumi: 0 event: 0, timestamp: 7382394804334179328; from CondDBESSource::setIntervalFor
%MSG
%MSG-i CondDBESSource:  PostBeginProcessBlock 09-Feb-2026 14:36:46 CET  PostBeginProcessBlock
Validity coming from IOV sequence for record "GBRDWrapperRcd" and label "photon_ee_ecalOnly_1To20_0p0002To0p5_sigma": (1, 18446744073709551615) for time (type: runnumber) 382216; from CondDBESSource::setIntervalFor
%MSG
%MSG-i CondDBESSource:  PostBeginProcessBlock 09-Feb-2026 14:36:46 CET  PostBeginProcessBlock
Processing record "GBRDWrapperRcd" and label "photon_ee_ecalOnly_1To20_0p2To2_mean" for run: 382216 lumi: 0 event: 0, timestamp: 7382394804334179328; from CondDBESSource::setIntervalFor
%MSG
%MSG-i CondDBESSource:  PostBeginProcessBlock 09-Feb-2026 14:36:46 CET  PostBeginProcessBlock
Validity coming from IOV sequence for record "GBRDWrapperRcd" and label "photon_ee_ecalOnly_1To20_0p2To2_mean": (1, 18446744073709551615) for time (type: runnumber) 382216; from CondDBESSource::setIntervalFor
%MSG
%MSG-i CondDBESSource:  PostBeginProcessBlock 09-Feb-2026 14:36:46 CET  PostBeginProcessBlock
Processing record "GBRDWrapperRcd" and label "photon_ee_ecalOnly_5To300_0p0002To0p5_sigma" for run: 382216 lumi: 0 event: 0, timestamp: 7382394804334179328; from CondDBESSource::setIntervalFor
%MSG
%MSG-i CondDBESSource:  PostBeginProcessBlock 09-Feb-2026 14:36:46 CET  PostBeginProcessBlock
Validity coming from IOV sequence for record "GBRDWrapperRcd" and label "photon_ee_ecalOnly_5To300_0p0002To0p5_sigma": (352059, 18446744073709551615) for time (type: runnumber) 382216; from CondDBESSource::setIntervalFor
%MSG
%MSG-i CondDBESSource:  PostBeginProcessBlock 09-Feb-2026 14:36:46 CET  PostBeginProcessBlock
Processing record "GBRDWrapperRcd" and label "photon_ee_ecalOnly_5To300_0p2To2_mean" for run: 382216 lumi: 0 event: 0, timestamp: 7382394804334179328; from CondDBESSource::setIntervalFor
%MSG
%MSG-i CondDBESSource:  PostBeginProcessBlock 09-Feb-2026 14:36:46 CET  PostBeginProcessBlock
Validity coming from IOV sequence for record "GBRDWrapperRcd" and label "photon_ee_ecalOnly_5To300_0p2To2_mean": (352058, 18446744073709551615) for time (type: runnumber) 382216; from CondDBESSource::setIntervalFor
%MSG
%MSG-i CondDBESSource:  PostBeginProcessBlock 09-Feb-2026 14:36:46 CET  PostBeginProcessBlock
Setting validity for record "GBRDWrapperRcd" and corresponding label(s): starting at run: 353879 lumi: 0 event: 0, timestamp: 0, ending at run: 4294967295 lumi: 4294967295 event: 18446744073709551615, timestamp: 0, for run: 382216 lumi: 0 event: 0, timestamp: 7382394804334179328; from CondDBESSource::setIntervalFor
%MSG
%MSG-i CondDBESSource:  PostBeginProcessBlock 09-Feb-2026 14:36:46 CET  PostBeginProcessBlock
Getting data for record "HBAlignmentRcd" to be consumed on Run: 382216 - Lumiblock:0 - Timestamp: 7382394804334179328; from CondDBESSource::setIntervalFor
%MSG
%MSG-i CondDBESSource:  PostBeginProcessBlock 09-Feb-2026 14:36:46 CET  PostBeginProcessBlock
Processing record "HBAlignmentRcd" and label "" for run: 382216 lumi: 0 event: 0, timestamp: 7382394804334179328; from CondDBESSource::setIntervalFor
%MSG
%MSG-i CondDBESSource:  PostBeginProcessBlock 09-Feb-2026 14:36:46 CET  PostBeginProcessBlock
Validity coming from IOV sequence for record "HBAlignmentRcd" and label "": (1, 18446744073709551615) for time (type: runnumber) 382216; from CondDBESSource::setIntervalFor
%MSG
%MSG-i CondDBESSource:  PostBeginProcessBlock 09-Feb-2026 14:36:46 CET  PostBeginProcessBlock
Setting validity for record "HBAlignmentRcd" and corresponding label(s): starting at run: 1 lumi: 0 event: 0, timestamp: 0, ending at run: 4294967295 lumi: 4294967295 event: 18446744073709551615, timestamp: 0, for run: 382216 lumi: 0 event: 0, timestamp: 7382394804334179328; from CondDBESSource::setIntervalFor
%MSG
%MSG-i CondDBESSource:  PostBeginProcessBlock 09-Feb-2026 14:36:46 CET  PostBeginProcessBlock
Getting data for record "HEAlignmentRcd" to be consumed on Run: 382216 - Lumiblock:0 - Timestamp: 7382394804334179328; from CondDBESSource::setIntervalFor
%MSG
%MSG-i CondDBESSource:  PostBeginProcessBlock 09-Feb-2026 14:36:46 CET  PostBeginProcessBlock
Processing record "HEAlignmentRcd" and label "" for run: 382216 lumi: 0 event: 0, timestamp: 7382394804334179328; from CondDBESSource::setIntervalFor
%MSG
%MSG-i CondDBESSource:  PostBeginProcessBlock 09-Feb-2026 14:36:46 CET  PostBeginProcessBlock
Validity coming from IOV sequence for record "HEAlignmentRcd" and label "": (1, 18446744073709551615) for time (type: runnumber) 382216; from CondDBESSource::setIntervalFor
%MSG
%MSG-i CondDBESSource:  PostBeginProcessBlock 09-Feb-2026 14:36:46 CET  PostBeginProcessBlock
Setting validity for record "HEAlignmentRcd" and corresponding label(s): starting at run: 1 lumi: 0 event: 0, timestamp: 0, ending at run: 4294967295 lumi: 4294967295 event: 18446744073709551615, timestamp: 0, for run: 382216 lumi: 0 event: 0, timestamp: 7382394804334179328; from CondDBESSource::setIntervalFor
%MSG
%MSG-i CondDBESSource:  PostBeginProcessBlock 09-Feb-2026 14:36:46 CET  PostBeginProcessBlock
Getting data for record "HFAlignmentRcd" to be consumed on Run: 382216 - Lumiblock:0 - Timestamp: 7382394804334179328; from CondDBESSource::setIntervalFor
%MSG
%MSG-i CondDBESSource:  PostBeginProcessBlock 09-Feb-2026 14:36:46 CET  PostBeginProcessBlock
Processing record "HFAlignmentRcd" and label "" for run: 382216 lumi: 0 event: 0, timestamp: 7382394804334179328; from CondDBESSource::setIntervalFor
%MSG
%MSG-i CondDBESSource:  PostBeginProcessBlock 09-Feb-2026 14:36:46 CET  PostBeginProcessBlock
Validity coming from IOV sequence for record "HFAlignmentRcd" and label "": (1, 18446744073709551615) for time (type: runnumber) 382216; from CondDBESSource::setIntervalFor
%MSG
%MSG-i CondDBESSource:  PostBeginProcessBlock 09-Feb-2026 14:36:46 CET  PostBeginProcessBlock
Setting validity for record "HFAlignmentRcd" and corresponding label(s): starting at run: 1 lumi: 0 event: 0, timestamp: 0, ending at run: 4294967295 lumi: 4294967295 event: 18446744073709551615, timestamp: 0, for run: 382216 lumi: 0 event: 0, timestamp: 7382394804334179328; from CondDBESSource::setIntervalFor
%MSG
%MSG-i CondDBESSource:  PostBeginProcessBlock 09-Feb-2026 14:36:46 CET  PostBeginProcessBlock
Getting data for record "HOAlignmentRcd" to be consumed on Run: 382216 - Lumiblock:0 - Timestamp: 7382394804334179328; from CondDBESSource::setIntervalFor
%MSG
%MSG-i CondDBESSource:  PostBeginProcessBlock 09-Feb-2026 14:36:46 CET  PostBeginProcessBlock
Processing record "HOAlignmentRcd" and label "" for run: 382216 lumi: 0 event: 0, timestamp: 7382394804334179328; from CondDBESSource::setIntervalFor
%MSG
%MSG-i CondDBESSource:  PostBeginProcessBlock 09-Feb-2026 14:36:46 CET  PostBeginProcessBlock
Validity coming from IOV sequence for record "HOAlignmentRcd" and label "": (1, 18446744073709551615) for time (type: runnumber) 382216; from CondDBESSource::setIntervalFor
%MSG
%MSG-i CondDBESSource:  PostBeginProcessBlock 09-Feb-2026 14:36:46 CET  PostBeginProcessBlock
Setting validity for record "HOAlignmentRcd" and corresponding label(s): starting at run: 1 lumi: 0 event: 0, timestamp: 0, ending at run: 4294967295 lumi: 4294967295 event: 18446744073709551615, timestamp: 0, for run: 382216 lumi: 0 event: 0, timestamp: 7382394804334179328; from CondDBESSource::setIntervalFor
%MSG
%MSG-i CondDBESSource:  PostBeginProcessBlock 09-Feb-2026 14:36:46 CET  PostBeginProcessBlock
Getting data for record "L1EmEtScaleRcd" to be consumed on Run: 382216 - Lumiblock:0 - Timestamp: 7382394804334179328; from CondDBESSource::setIntervalFor
%MSG
%MSG-i CondDBESSource:  PostBeginProcessBlock 09-Feb-2026 14:36:46 CET  PostBeginProcessBlock
Processing record "L1EmEtScaleRcd" and label "" for run: 382216 lumi: 0 event: 0, timestamp: 7382394804334179328; from CondDBESSource::setIntervalFor
%MSG
%MSG-i CondDBESSource:  PostBeginProcessBlock 09-Feb-2026 14:36:46 CET  PostBeginProcessBlock
Validity coming from IOV sequence for record "L1EmEtScaleRcd" and label "": (247136, 18446744073709551615) for time (type: runnumber) 382216; from CondDBESSource::setIntervalFor
%MSG
%MSG-i CondDBESSource:  PostBeginProcessBlock 09-Feb-2026 14:36:46 CET  PostBeginProcessBlock
Setting validity for record "L1EmEtScaleRcd" and corresponding label(s): starting at run: 247136 lumi: 0 event: 0, timestamp: 0, ending at run: 4294967295 lumi: 4294967295 event: 18446744073709551615, timestamp: 0, for run: 382216 lumi: 0 event: 0, timestamp: 7382394804334179328; from CondDBESSource::setIntervalFor
%MSG
%MSG-i CondDBESSource:  PostBeginProcessBlock 09-Feb-2026 14:36:46 CET  PostBeginProcessBlock
Getting data for record "L1TriggerKeyRcd" to be consumed on Run: 382216 - Lumiblock:0 - Timestamp: 7382394804334179328; from CondDBESSource::setIntervalFor
%MSG
%MSG-i CondDBESSource:  PostBeginProcessBlock 09-Feb-2026 14:36:46 CET  PostBeginProcessBlock
Processing record "L1TriggerKeyRcd" and label "" for run: 382216 lumi: 0 event: 0, timestamp: 7382394804334179328; from CondDBESSource::setIntervalFor
%MSG
%MSG-i CondDBESSource:  PostBeginProcessBlock 09-Feb-2026 14:36:46 CET  PostBeginProcessBlock
Validity coming from IOV sequence for record "L1TriggerKeyRcd" and label "": (264468, 18446744073709551615) for time (type: runnumber) 382216; from CondDBESSource::setIntervalFor
%MSG
%MSG-i CondDBESSource:  PostBeginProcessBlock 09-Feb-2026 14:36:46 CET  PostBeginProcessBlock
Setting validity for record "L1TriggerKeyRcd" and corresponding label(s): starting at run: 264468 lumi: 0 event: 0, timestamp: 0, ending at run: 4294967295 lumi: 4294967295 event: 18446744073709551615, timestamp: 0, for run: 382216 lumi: 0 event: 0, timestamp: 7382394804334179328; from CondDBESSource::setIntervalFor
%MSG
%MSG-i CondDBESSource:  PostBeginProcessBlock 09-Feb-2026 14:36:46 CET  PostBeginProcessBlock
Getting data for record "L1TriggerKeyListRcd" to be consumed on Run: 382216 - Lumiblock:0 - Timestamp: 7382394804334179328; from CondDBESSource::setIntervalFor
%MSG
%MSG-i CondDBESSource:  PostBeginProcessBlock 09-Feb-2026 14:36:46 CET  PostBeginProcessBlock
Processing record "L1TriggerKeyListRcd" and label "" for run: 382216 lumi: 0 event: 0, timestamp: 7382394804334179328; from CondDBESSource::setIntervalFor
%MSG
%MSG-i CondDBESSource:  PostBeginProcessBlock 09-Feb-2026 14:36:46 CET  PostBeginProcessBlock
Validity coming from IOV sequence for record "L1TriggerKeyListRcd" and label "": (4642, 18446744073709551615) for time (type: runnumber) 382216; from CondDBESSource::setIntervalFor
%MSG
%MSG-i CondDBESSource:  PostBeginProcessBlock 09-Feb-2026 14:36:46 CET  PostBeginProcessBlock
Setting validity for record "L1TriggerKeyListRcd" and corresponding label(s): starting at run: 4642 lumi: 0 event: 0, timestamp: 0, ending at run: 4294967295 lumi: 4294967295 event: 18446744073709551615, timestamp: 0, for run: 382216 lumi: 0 event: 0, timestamp: 7382394804334179328; from CondDBESSource::setIntervalFor
%MSG
%MSG-i CondDBESSource:  PostBeginProcessBlock 09-Feb-2026 14:36:46 CET  PostBeginProcessBlock
Getting data for record "L1RPCConfigRcd" to be consumed on Run: 382216 - Lumiblock:0 - Timestamp: 7382394804334179328; from CondDBESSource::setIntervalFor
%MSG
%MSG-i CondDBESSource:  PostBeginProcessBlock 09-Feb-2026 14:36:46 CET  PostBeginProcessBlock
Processing record "L1RPCConfigRcd" and label "" for run: 382216 lumi: 0 event: 0, timestamp: 7382394804334179328; from CondDBESSource::setIntervalFor
%MSG
%MSG-i CondDBESSource:  PostBeginProcessBlock 09-Feb-2026 14:36:46 CET  PostBeginProcessBlock
Validity coming from IOV sequence for record "L1RPCConfigRcd" and label "": (252813, 18446744073709551615) for time (type: runnumber) 382216; from CondDBESSource::setIntervalFor
%MSG
%MSG-i CondDBESSource:  PostBeginProcessBlock 09-Feb-2026 14:36:46 CET  PostBeginProcessBlock
Setting validity for record "L1RPCConfigRcd" and corresponding label(s): starting at run: 252813 lumi: 0 event: 0, timestamp: 0, ending at run: 4294967295 lumi: 4294967295 event: 18446744073709551615, timestamp: 0, for run: 382216 lumi: 0 event: 0, timestamp: 7382394804334179328; from CondDBESSource::setIntervalFor
%MSG
%MSG-i CondDBESSource:  PostBeginProcessBlock 09-Feb-2026 14:36:46 CET  PostBeginProcessBlock
Getting data for record "PEcalBarrelRcd" to be consumed on Run: 382216 - Lumiblock:0 - Timestamp: 7382394804334179328; from CondDBESSource::setIntervalFor
%MSG
%MSG-i CondDBESSource:  PostBeginProcessBlock 09-Feb-2026 14:36:46 CET  PostBeginProcessBlock
Processing record "PEcalBarrelRcd" and label "" for run: 382216 lumi: 0 event: 0, timestamp: 7382394804334179328; from CondDBESSource::setIntervalFor
%MSG
%MSG-i CondDBESSource:  PostBeginProcessBlock 09-Feb-2026 14:36:46 CET  PostBeginProcessBlock
Validity coming from IOV sequence for record "PEcalBarrelRcd" and label "": (347532, 18446744073709551615) for time (type: runnumber) 382216; from CondDBESSource::setIntervalFor
%MSG
%MSG-i CondDBESSource:  PostBeginProcessBlock 09-Feb-2026 14:36:46 CET  PostBeginProcessBlock
Setting validity for record "PEcalBarrelRcd" and corresponding label(s): starting at run: 347532 lumi: 0 event: 0, timestamp: 0, ending at run: 4294967295 lumi: 4294967295 event: 18446744073709551615, timestamp: 0, for run: 382216 lumi: 0 event: 0, timestamp: 7382394804334179328; from CondDBESSource::setIntervalFor
%MSG
%MSG-i CondDBESSource:  PostBeginProcessBlock 09-Feb-2026 14:36:46 CET  PostBeginProcessBlock
Getting data for record "PEcalEndcapRcd" to be consumed on Run: 382216 - Lumiblock:0 - Timestamp: 7382394804334179328; from CondDBESSource::setIntervalFor
%MSG
%MSG-i CondDBESSource:  PostBeginProcessBlock 09-Feb-2026 14:36:46 CET  PostBeginProcessBlock
Processing record "PEcalEndcapRcd" and label "" for run: 382216 lumi: 0 event: 0, timestamp: 7382394804334179328; from CondDBESSource::setIntervalFor
%MSG
%MSG-i CondDBESSource:  PostBeginProcessBlock 09-Feb-2026 14:36:46 CET  PostBeginProcessBlock
Validity coming from IOV sequence for record "PEcalEndcapRcd" and label "": (347532, 18446744073709551615) for time (type: runnumber) 382216; from CondDBESSource::setIntervalFor
%MSG
%MSG-i CondDBESSource:  PostBeginProcessBlock 09-Feb-2026 14:36:46 CET  PostBeginProcessBlock
Setting validity for record "PEcalEndcapRcd" and corresponding label(s): starting at run: 347532 lumi: 0 event: 0, timestamp: 0, ending at run: 4294967295 lumi: 4294967295 event: 18446744073709551615, timestamp: 0, for run: 382216 lumi: 0 event: 0, timestamp: 7382394804334179328; from CondDBESSource::setIntervalFor
%MSG
%MSG-i CondDBESSource:  PostBeginProcessBlock 09-Feb-2026 14:36:46 CET  PostBeginProcessBlock
Getting data for record "SiStripApvGainRcd" to be consumed on Run: 382216 - Lumiblock:0 - Timestamp: 7382394804334179328; from CondDBESSource::setIntervalFor
%MSG
%MSG-i CondDBESSource:  PostBeginProcessBlock 09-Feb-2026 14:36:46 CET  PostBeginProcessBlock
Processing record "SiStripApvGainRcd" and label "" for run: 382216 lumi: 0 event: 0, timestamp: 7382394804334179328; from CondDBESSource::setIntervalFor
%MSG
%MSG-i CondDBESSource:  PostBeginProcessBlock 09-Feb-2026 14:36:46 CET  PostBeginProcessBlock
Validity coming from IOV sequence for record "SiStripApvGainRcd" and label "": (381944, 383412) for time (type: runnumber) 382216; from CondDBESSource::setIntervalFor
%MSG
%MSG-i CondDBESSource:  PostBeginProcessBlock 09-Feb-2026 14:36:46 CET  PostBeginProcessBlock
Setting validity for record "SiStripApvGainRcd" and corresponding label(s): starting at run: 381944 lumi: 0 event: 0, timestamp: 0, ending at run: 383412 lumi: 4294967295 event: 18446744073709551615, timestamp: 0, for run: 382216 lumi: 0 event: 0, timestamp: 7382394804334179328; from CondDBESSource::setIntervalFor
%MSG
%MSG-i CondDBESSource:  PostBeginProcessBlock 09-Feb-2026 14:36:46 CET  PostBeginProcessBlock
Getting data for record "SiStripApvGain2Rcd" to be consumed on Run: 382216 - Lumiblock:0 - Timestamp: 7382394804334179328; from CondDBESSource::setIntervalFor
%MSG
%MSG-i CondDBESSource:  PostBeginProcessBlock 09-Feb-2026 14:36:46 CET  PostBeginProcessBlock
Processing record "SiStripApvGain2Rcd" and label "" for run: 382216 lumi: 0 event: 0, timestamp: 7382394804334179328; from CondDBESSource::setIntervalFor
%MSG
%MSG-i CondDBESSource:  PostBeginProcessBlock 09-Feb-2026 14:36:46 CET  PostBeginProcessBlock
Validity coming from IOV sequence for record "SiStripApvGain2Rcd" and label "": (380504, 382771) for time (type: runnumber) 382216; from CondDBESSource::setIntervalFor
%MSG
%MSG-i CondDBESSource:  PostBeginProcessBlock 09-Feb-2026 14:36:46 CET  PostBeginProcessBlock
Setting validity for record "SiStripApvGain2Rcd" and corresponding label(s): starting at run: 380504 lumi: 0 event: 0, timestamp: 0, ending at run: 382771 lumi: 4294967295 event: 18446744073709551615, timestamp: 0, for run: 382216 lumi: 0 event: 0, timestamp: 7382394804334179328; from CondDBESSource::setIntervalFor
%MSG
%MSG-i CondDBESSource:  PostBeginProcessBlock 09-Feb-2026 14:36:46 CET  PostBeginProcessBlock
Getting data for record "CSCAlignmentRcd" to be consumed on Run: 382216 - Lumiblock:0 - Timestamp: 7382394804334179328; from CondDBESSource::setIntervalFor
%MSG
%MSG-i CondDBESSource:  PostBeginProcessBlock 09-Feb-2026 14:36:46 CET  PostBeginProcessBlock
Processing record "CSCAlignmentRcd" and label "" for run: 382216 lumi: 0 event: 0, timestamp: 7382394804334179328; from CondDBESSource::setIntervalFor
%MSG
%MSG-i CondDBESSource:  PostBeginProcessBlock 09-Feb-2026 14:36:46 CET  PostBeginProcessBlock
Validity coming from IOV sequence for record "CSCAlignmentRcd" and label "": (380726, 387803) for time (type: runnumber) 382216; from CondDBESSource::setIntervalFor
%MSG
%MSG-i CondDBESSource:  PostBeginProcessBlock 09-Feb-2026 14:36:46 CET  PostBeginProcessBlock
Setting validity for record "CSCAlignmentRcd" and corresponding label(s): starting at run: 380726 lumi: 0 event: 0, timestamp: 0, ending at run: 387803 lumi: 4294967295 event: 18446744073709551615, timestamp: 0, for run: 382216 lumi: 0 event: 0, timestamp: 7382394804334179328; from CondDBESSource::setIntervalFor
%MSG
%MSG-i CondDBESSource:  PostBeginProcessBlock 09-Feb-2026 14:36:46 CET  PostBeginProcessBlock
Getting data for record "CSCBadStripsRcd" to be consumed on Run: 382216 - Lumiblock:0 - Timestamp: 7382394804334179328; from CondDBESSource::setIntervalFor
%MSG
%MSG-i CondDBESSource:  PostBeginProcessBlock 09-Feb-2026 14:36:46 CET  PostBeginProcessBlock
Processing record "CSCBadStripsRcd" and label "" for run: 382216 lumi: 0 event: 0, timestamp: 7382394804334179328; from CondDBESSource::setIntervalFor
%MSG
%MSG-i CondDBESSource:  PostBeginProcessBlock 09-Feb-2026 14:36:46 CET  PostBeginProcessBlock
Validity coming from IOV sequence for record "CSCBadStripsRcd" and label "": (248826, 18446744073709551615) for time (type: runnumber) 382216; from CondDBESSource::setIntervalFor
%MSG
%MSG-i CondDBESSource:  PostBeginProcessBlock 09-Feb-2026 14:36:46 CET  PostBeginProcessBlock
Setting validity for record "CSCBadStripsRcd" and corresponding label(s): starting at run: 248826 lumi: 0 event: 0, timestamp: 0, ending at run: 4294967295 lumi: 4294967295 event: 18446744073709551615, timestamp: 0, for run: 382216 lumi: 0 event: 0, timestamp: 7382394804334179328; from CondDBESSource::setIntervalFor
%MSG
%MSG-i CondDBESSource:  PostBeginProcessBlock 09-Feb-2026 14:36:46 CET  PostBeginProcessBlock
Getting data for record "DTStatusFlagRcd" to be consumed on Run: 382216 - Lumiblock:0 - Timestamp: 7382394804334179328; from CondDBESSource::setIntervalFor
%MSG
%MSG-i CondDBESSource:  PostBeginProcessBlock 09-Feb-2026 14:36:46 CET  PostBeginProcessBlock
Processing record "DTStatusFlagRcd" and label "" for run: 382216 lumi: 0 event: 0, timestamp: 7382394804334179328; from CondDBESSource::setIntervalFor
%MSG
%MSG-i CondDBESSource:  PostBeginProcessBlock 09-Feb-2026 14:36:46 CET  PostBeginProcessBlock
Validity coming from IOV sequence for record "DTStatusFlagRcd" and label "": (70195, 18446744073709551615) for time (type: runnumber) 382216; from CondDBESSource::setIntervalFor
%MSG
%MSG-i CondDBESSource:  PostBeginProcessBlock 09-Feb-2026 14:36:46 CET  PostBeginProcessBlock
Setting validity for record "DTStatusFlagRcd" and corresponding label(s): starting at run: 70195 lumi: 0 event: 0, timestamp: 0, ending at run: 4294967295 lumi: 4294967295 event: 18446744073709551615, timestamp: 0, for run: 382216 lumi: 0 event: 0, timestamp: 7382394804334179328; from CondDBESSource::setIntervalFor
%MSG
%MSG-i CondDBESSource:  PostBeginProcessBlock 09-Feb-2026 14:36:46 CET  PostBeginProcessBlock
Getting data for record "DYTThrObjectRcd" to be consumed on Run: 382216 - Lumiblock:0 - Timestamp: 7382394804334179328; from CondDBESSource::setIntervalFor
%MSG
%MSG-i CondDBESSource:  PostBeginProcessBlock 09-Feb-2026 14:36:46 CET  PostBeginProcessBlock
Processing record "DYTThrObjectRcd" and label "" for run: 382216 lumi: 0 event: 0, timestamp: 7382394804334179328; from CondDBESSource::setIntervalFor
%MSG
%MSG-i CondDBESSource:  PostBeginProcessBlock 09-Feb-2026 14:36:46 CET  PostBeginProcessBlock
Validity coming from IOV sequence for record "DYTThrObjectRcd" and label "": (221421, 18446744073709551615) for time (type: runnumber) 382216; from CondDBESSource::setIntervalFor
%MSG
%MSG-i CondDBESSource:  PostBeginProcessBlock 09-Feb-2026 14:36:46 CET  PostBeginProcessBlock
Setting validity for record "DYTThrObjectRcd" and corresponding label(s): starting at run: 221421 lumi: 0 event: 0, timestamp: 0, ending at run: 4294967295 lumi: 4294967295 event: 18446744073709551615, timestamp: 0, for run: 382216 lumi: 0 event: 0, timestamp: 7382394804334179328; from CondDBESSource::setIntervalFor
%MSG
%MSG-i CondDBESSource:  PostBeginProcessBlock 09-Feb-2026 14:36:46 CET  PostBeginProcessBlock
Getting data for record "ESThresholdsRcd" to be consumed on Run: 382216 - Lumiblock:0 - Timestamp: 7382394804334179328; from CondDBESSource::setIntervalFor
%MSG
%MSG-i CondDBESSource:  PostBeginProcessBlock 09-Feb-2026 14:36:46 CET  PostBeginProcessBlock
Processing record "ESThresholdsRcd" and label "" for run: 382216 lumi: 0 event: 0, timestamp: 7382394804334179328; from CondDBESSource::setIntervalFor
%MSG
%MSG-i CondDBESSource:  PostBeginProcessBlock 09-Feb-2026 14:36:46 CET  PostBeginProcessBlock
Validity coming from IOV sequence for record "ESThresholdsRcd" and label "": (161096, 18446744073709551615) for time (type: runnumber) 382216; from CondDBESSource::setIntervalFor
%MSG
%MSG-i CondDBESSource:  PostBeginProcessBlock 09-Feb-2026 14:36:46 CET  PostBeginProcessBlock
Setting validity for record "ESThresholdsRcd" and corresponding label(s): starting at run: 161096 lumi: 0 event: 0, timestamp: 0, ending at run: 4294967295 lumi: 4294967295 event: 18446744073709551615, timestamp: 0, for run: 382216 lumi: 0 event: 0, timestamp: 7382394804334179328; from CondDBESSource::setIntervalFor
%MSG
%MSG-i CondDBESSource:  PostBeginProcessBlock 09-Feb-2026 14:36:46 CET  PostBeginProcessBlock
Getting data for record "EcalTPGSpikeRcd" to be consumed on Run: 382216 - Lumiblock:0 - Timestamp: 7382394804334179328; from CondDBESSource::setIntervalFor
%MSG
%MSG-i CondDBESSource:  PostBeginProcessBlock 09-Feb-2026 14:36:46 CET  PostBeginProcessBlock
Processing record "EcalTPGSpikeRcd" and label "" for run: 382216 lumi: 0 event: 0, timestamp: 7382394804334179328; from CondDBESSource::setIntervalFor
%MSG
%MSG-i CondDBESSource:  PostBeginProcessBlock 09-Feb-2026 14:36:46 CET  PostBeginProcessBlock
Validity coming from IOV sequence for record "EcalTPGSpikeRcd" and label "": (382215, 382234) for time (type: runnumber) 382216; from CondDBESSource::setIntervalFor
%MSG
%MSG-i CondDBESSource:  PostBeginProcessBlock 09-Feb-2026 14:36:46 CET  PostBeginProcessBlock
Setting validity for record "EcalTPGSpikeRcd" and corresponding label(s): starting at run: 382215 lumi: 0 event: 0, timestamp: 0, ending at run: 382234 lumi: 4294967295 event: 18446744073709551615, timestamp: 0, for run: 382216 lumi: 0 event: 0, timestamp: 7382394804334179328; from CondDBESSource::setIntervalFor
%MSG
%MSG-i CondDBESSource:  PostBeginProcessBlock 09-Feb-2026 14:36:46 CET  PostBeginProcessBlock
Getting data for record "GEMAlignmentRcd" to be consumed on Run: 382216 - Lumiblock:0 - Timestamp: 7382394804334179328; from CondDBESSource::setIntervalFor
%MSG
%MSG-i CondDBESSource:  PostBeginProcessBlock 09-Feb-2026 14:36:46 CET  PostBeginProcessBlock
Processing record "GEMAlignmentRcd" and label "" for run: 382216 lumi: 0 event: 0, timestamp: 7382394804334179328; from CondDBESSource::setIntervalFor
%MSG
%MSG-i CondDBESSource:  PostBeginProcessBlock 09-Feb-2026 14:36:46 CET  PostBeginProcessBlock
Validity coming from IOV sequence for record "GEMAlignmentRcd" and label "": (380644, 387710) for time (type: runnumber) 382216; from CondDBESSource::setIntervalFor
%MSG
%MSG-i CondDBESSource:  PostBeginProcessBlock 09-Feb-2026 14:36:46 CET  PostBeginProcessBlock
Setting validity for record "GEMAlignmentRcd" and corresponding label(s): starting at run: 380644 lumi: 0 event: 0, timestamp: 0, ending at run: 387710 lumi: 4294967295 event: 18446744073709551615, timestamp: 0, for run: 382216 lumi: 0 event: 0, timestamp: 7382394804334179328; from CondDBESSource::setIntervalFor
%MSG
%MSG-i CondDBESSource:  PostBeginProcessBlock 09-Feb-2026 14:36:46 CET  PostBeginProcessBlock
Getting data for record "L1GtPsbSetupRcd" to be consumed on Run: 382216 - Lumiblock:0 - Timestamp: 7382394804334179328; from CondDBESSource::setIntervalFor
%MSG
%MSG-i CondDBESSource:  PostBeginProcessBlock 09-Feb-2026 14:36:46 CET  PostBeginProcessBlock
Processing record "L1GtPsbSetupRcd" and label "" for run: 382216 lumi: 0 event: 0, timestamp: 7382394804334179328; from CondDBESSource::setIntervalFor
%MSG
%MSG-i CondDBESSource:  PostBeginProcessBlock 09-Feb-2026 14:36:46 CET  PostBeginProcessBlock
Validity coming from IOV sequence for record "L1GtPsbSetupRcd" and label "": (247955, 18446744073709551615) for time (type: runnumber) 382216; from CondDBESSource::setIntervalFor
%MSG
%MSG-i CondDBESSource:  PostBeginProcessBlock 09-Feb-2026 14:36:46 CET  PostBeginProcessBlock
Setting validity for record "L1GtPsbSetupRcd" and corresponding label(s): starting at run: 247955 lumi: 0 event: 0, timestamp: 0, ending at run: 4294967295 lumi: 4294967295 event: 18446744073709551615, timestamp: 0, for run: 382216 lumi: 0 event: 0, timestamp: 7382394804334179328; from CondDBESSource::setIntervalFor
%MSG
%MSG-i CondDBESSource:  PostBeginProcessBlock 09-Feb-2026 14:36:46 CET  PostBeginProcessBlock
Getting data for record "L1JetEtScaleRcd" to be consumed on Run: 382216 - Lumiblock:0 - Timestamp: 7382394804334179328; from CondDBESSource::setIntervalFor
%MSG
%MSG-i CondDBESSource:  PostBeginProcessBlock 09-Feb-2026 14:36:46 CET  PostBeginProcessBlock
Processing record "L1JetEtScaleRcd" and label "" for run: 382216 lumi: 0 event: 0, timestamp: 7382394804334179328; from CondDBESSource::setIntervalFor
%MSG
%MSG-i CondDBESSource:  PostBeginProcessBlock 09-Feb-2026 14:36:46 CET  PostBeginProcessBlock
Validity coming from IOV sequence for record "L1JetEtScaleRcd" and label "": (251622, 18446744073709551615) for time (type: runnumber) 382216; from CondDBESSource::setIntervalFor
%MSG
%MSG-i CondDBESSource:  PostBeginProcessBlock 09-Feb-2026 14:36:46 CET  PostBeginProcessBlock
Setting validity for record "L1JetEtScaleRcd" and corresponding label(s): starting at run: 251622 lumi: 0 event: 0, timestamp: 0, ending at run: 4294967295 lumi: 4294967295 event: 18446744073709551615, timestamp: 0, for run: 382216 lumi: 0 event: 0, timestamp: 7382394804334179328; from CondDBESSource::setIntervalFor
%MSG
%MSG-i CondDBESSource:  PostBeginProcessBlock 09-Feb-2026 14:36:46 CET  PostBeginProcessBlock
Getting data for record "L1MuCSCPtLutRcd" to be consumed on Run: 382216 - Lumiblock:0 - Timestamp: 7382394804334179328; from CondDBESSource::setIntervalFor
%MSG
%MSG-i CondDBESSource:  PostBeginProcessBlock 09-Feb-2026 14:36:46 CET  PostBeginProcessBlock
Processing record "L1MuCSCPtLutRcd" and label "" for run: 382216 lumi: 0 event: 0, timestamp: 7382394804334179328; from CondDBESSource::setIntervalFor
%MSG
%MSG-i CondDBESSource:  PostBeginProcessBlock 09-Feb-2026 14:36:46 CET  PostBeginProcessBlock
Validity coming from IOV sequence for record "L1MuCSCPtLutRcd" and label "": (226511, 18446744073709551615) for time (type: runnumber) 382216; from CondDBESSource::setIntervalFor
%MSG
%MSG-i CondDBESSource:  PostBeginProcessBlock 09-Feb-2026 14:36:46 CET  PostBeginProcessBlock
Setting validity for record "L1MuCSCPtLutRcd" and corresponding label(s): starting at run: 226511 lumi: 0 event: 0, timestamp: 0, ending at run: 4294967295 lumi: 4294967295 event: 18446744073709551615, timestamp: 0, for run: 382216 lumi: 0 event: 0, timestamp: 7382394804334179328; from CondDBESSource::setIntervalFor
%MSG
%MSG-i CondDBESSource:  PostBeginProcessBlock 09-Feb-2026 14:36:46 CET  PostBeginProcessBlock
Getting data for record "L1MuDTExtLutRcd" to be consumed on Run: 382216 - Lumiblock:0 - Timestamp: 7382394804334179328; from CondDBESSource::setIntervalFor
%MSG
%MSG-i CondDBESSource:  PostBeginProcessBlock 09-Feb-2026 14:36:46 CET  PostBeginProcessBlock
Processing record "L1MuDTExtLutRcd" and label "" for run: 382216 lumi: 0 event: 0, timestamp: 7382394804334179328; from CondDBESSource::setIntervalFor
%MSG
%MSG-i CondDBESSource:  PostBeginProcessBlock 09-Feb-2026 14:36:46 CET  PostBeginProcessBlock
Validity coming from IOV sequence for record "L1MuDTExtLutRcd" and label "": (220645, 18446744073709551615) for time (type: runnumber) 382216; from CondDBESSource::setIntervalFor
%MSG
%MSG-i CondDBESSource:  PostBeginProcessBlock 09-Feb-2026 14:36:46 CET  PostBeginProcessBlock
Setting validity for record "L1MuDTExtLutRcd" and corresponding label(s): starting at run: 220645 lumi: 0 event: 0, timestamp: 0, ending at run: 4294967295 lumi: 4294967295 event: 18446744073709551615, timestamp: 0, for run: 382216 lumi: 0 event: 0, timestamp: 7382394804334179328; from CondDBESSource::setIntervalFor
%MSG
%MSG-i CondDBESSource:  PostBeginProcessBlock 09-Feb-2026 14:36:46 CET  PostBeginProcessBlock
Getting data for record "L1MuDTPhiLutRcd" to be consumed on Run: 382216 - Lumiblock:0 - Timestamp: 7382394804334179328; from CondDBESSource::setIntervalFor
%MSG
%MSG-i CondDBESSource:  PostBeginProcessBlock 09-Feb-2026 14:36:46 CET  PostBeginProcessBlock
Processing record "L1MuDTPhiLutRcd" and label "" for run: 382216 lumi: 0 event: 0, timestamp: 7382394804334179328; from CondDBESSource::setIntervalFor
%MSG
%MSG-i CondDBESSource:  PostBeginProcessBlock 09-Feb-2026 14:36:46 CET  PostBeginProcessBlock
Validity coming from IOV sequence for record "L1MuDTPhiLutRcd" and label "": (220645, 18446744073709551615) for time (type: runnumber) 382216; from CondDBESSource::setIntervalFor
%MSG
%MSG-i CondDBESSource:  PostBeginProcessBlock 09-Feb-2026 14:36:46 CET  PostBeginProcessBlock
Setting validity for record "L1MuDTPhiLutRcd" and corresponding label(s): starting at run: 220645 lumi: 0 event: 0, timestamp: 0, ending at run: 4294967295 lumi: 4294967295 event: 18446744073709551615, timestamp: 0, for run: 382216 lumi: 0 event: 0, timestamp: 7382394804334179328; from CondDBESSource::setIntervalFor
%MSG
%MSG-i CondDBESSource:  PostBeginProcessBlock 09-Feb-2026 14:36:46 CET  PostBeginProcessBlock
Getting data for record "L1MuDTPtaLutRcd" to be consumed on Run: 382216 - Lumiblock:0 - Timestamp: 7382394804334179328; from CondDBESSource::setIntervalFor
%MSG
%MSG-i CondDBESSource:  PostBeginProcessBlock 09-Feb-2026 14:36:46 CET  PostBeginProcessBlock
Processing record "L1MuDTPtaLutRcd" and label "" for run: 382216 lumi: 0 event: 0, timestamp: 7382394804334179328; from CondDBESSource::setIntervalFor
%MSG
%MSG-i CondDBESSource:  PostBeginProcessBlock 09-Feb-2026 14:36:46 CET  PostBeginProcessBlock
Validity coming from IOV sequence for record "L1MuDTPtaLutRcd" and label "": (220645, 18446744073709551615) for time (type: runnumber) 382216; from CondDBESSource::setIntervalFor
%MSG
%MSG-i CondDBESSource:  PostBeginProcessBlock 09-Feb-2026 14:36:46 CET  PostBeginProcessBlock
Setting validity for record "L1MuDTPtaLutRcd" and corresponding label(s): starting at run: 220645 lumi: 0 event: 0, timestamp: 0, ending at run: 4294967295 lumi: 4294967295 event: 18446744073709551615, timestamp: 0, for run: 382216 lumi: 0 event: 0, timestamp: 7382394804334179328; from CondDBESSource::setIntervalFor
%MSG
%MSG-i CondDBESSource:  PostBeginProcessBlock 09-Feb-2026 14:36:46 CET  PostBeginProcessBlock
Getting data for record "LHCInfoPerLSRcd" to be consumed on Run: 382216 - Lumiblock:0 - Timestamp: 7382394804334179328; from CondDBESSource::setIntervalFor
%MSG
%MSG-i CondDBESSource:  PostBeginProcessBlock 09-Feb-2026 14:36:46 CET  PostBeginProcessBlock
Processing record "LHCInfoPerLSRcd" and label "" for run: 382216 lumi: 0 event: 0, timestamp: 7382394804334179328; from CondDBESSource::setIntervalFor
%MSG
%MSG-i CondDBESSource:  PostBeginProcessBlock 09-Feb-2026 14:36:46 CET  PostBeginProcessBlock
Validity coming from IOV sequence for record "LHCInfoPerLSRcd" and label "": (7382394722729328640, 7382394818218609151) for time (type: timestamp) 7382394804334179328; from CondDBESSource::setIntervalFor
%MSG
%MSG-i CondDBESSource:  PostBeginProcessBlock 09-Feb-2026 14:36:46 CET  PostBeginProcessBlock
Setting validity for record "LHCInfoPerLSRcd" and corresponding label(s): starting at run: 0 lumi: 0 event: 0, timestamp: 7382394722729328640, ending at run: 0 lumi: 0 event: 0, timestamp: 7382394818218609151, for run: 382216 lumi: 0 event: 0, timestamp: 7382394804334179328; from CondDBESSource::setIntervalFor
%MSG
%MSG-i CondDBESSource:  PostBeginProcessBlock 09-Feb-2026 14:36:46 CET  PostBeginProcessBlock
Getting data for record "QGLikelihoodRcd" to be consumed on Run: 382216 - Lumiblock:0 - Timestamp: 7382394804334179328; from CondDBESSource::setIntervalFor
%MSG
%MSG-i CondDBESSource:  PostBeginProcessBlock 09-Feb-2026 14:36:46 CET  PostBeginProcessBlock
Processing record "QGLikelihoodRcd" and label "QGL_AK4PF" for run: 382216 lumi: 0 event: 0, timestamp: 7382394804334179328; from CondDBESSource::setIntervalFor
%MSG
%MSG-i CondDBESSource:  PostBeginProcessBlock 09-Feb-2026 14:36:46 CET  PostBeginProcessBlock
Validity coming from IOV sequence for record "QGLikelihoodRcd" and label "QGL_AK4PF": (1, 18446744073709551615) for time (type: runnumber) 382216; from CondDBESSource::setIntervalFor
%MSG
%MSG-i CondDBESSource:  PostBeginProcessBlock 09-Feb-2026 14:36:46 CET  PostBeginProcessBlock
Processing record "QGLikelihoodRcd" and label "QGL_AK4PF_antib" for run: 382216 lumi: 0 event: 0, timestamp: 7382394804334179328; from CondDBESSource::setIntervalFor
%MSG
%MSG-i CondDBESSource:  PostBeginProcessBlock 09-Feb-2026 14:36:46 CET  PostBeginProcessBlock
Validity coming from IOV sequence for record "QGLikelihoodRcd" and label "QGL_AK4PF_antib": (1, 18446744073709551615) for time (type: runnumber) 382216; from CondDBESSource::setIntervalFor
%MSG
%MSG-i CondDBESSource:  PostBeginProcessBlock 09-Feb-2026 14:36:46 CET  PostBeginProcessBlock
Processing record "QGLikelihoodRcd" and label "QGL_AK4PFchs" for run: 382216 lumi: 0 event: 0, timestamp: 7382394804334179328; from CondDBESSource::setIntervalFor
%MSG
%MSG-i CondDBESSource:  PostBeginProcessBlock 09-Feb-2026 14:36:46 CET  PostBeginProcessBlock
Validity coming from IOV sequence for record "QGLikelihoodRcd" and label "QGL_AK4PFchs": (1, 18446744073709551615) for time (type: runnumber) 382216; from CondDBESSource::setIntervalFor
%MSG
%MSG-i CondDBESSource:  PostBeginProcessBlock 09-Feb-2026 14:36:46 CET  PostBeginProcessBlock
Processing record "QGLikelihoodRcd" and label "QGL_AK4PFchs_antib" for run: 382216 lumi: 0 event: 0, timestamp: 7382394804334179328; from CondDBESSource::setIntervalFor
%MSG
%MSG-i CondDBESSource:  PostBeginProcessBlock 09-Feb-2026 14:36:46 CET  PostBeginProcessBlock
Validity coming from IOV sequence for record "QGLikelihoodRcd" and label "QGL_AK4PFchs_antib": (1, 18446744073709551615) for time (type: runnumber) 382216; from CondDBESSource::setIntervalFor
%MSG
%MSG-i CondDBESSource:  PostBeginProcessBlock 09-Feb-2026 14:36:46 CET  PostBeginProcessBlock
Setting validity for record "QGLikelihoodRcd" and corresponding label(s): starting at run: 1 lumi: 0 event: 0, timestamp: 0, ending at run: 4294967295 lumi: 4294967295 event: 18446744073709551615, timestamp: 0, for run: 382216 lumi: 0 event: 0, timestamp: 7382394804334179328; from CondDBESSource::setIntervalFor
%MSG
%MSG-i CondDBESSource:  PostBeginProcessBlock 09-Feb-2026 14:36:46 CET  PostBeginProcessBlock
Getting data for record "RPCLBLinkMapRcd" to be consumed on Run: 382216 - Lumiblock:0 - Timestamp: 7382394804334179328; from CondDBESSource::setIntervalFor
%MSG
%MSG-i CondDBESSource:  PostBeginProcessBlock 09-Feb-2026 14:36:46 CET  PostBeginProcessBlock
Processing record "RPCLBLinkMapRcd" and label "" for run: 382216 lumi: 0 event: 0, timestamp: 7382394804334179328; from CondDBESSource::setIntervalFor
%MSG
%MSG-i CondDBESSource:  PostBeginProcessBlock 09-Feb-2026 14:36:46 CET  PostBeginProcessBlock
Validity coming from IOV sequence for record "RPCLBLinkMapRcd" and label "": (1, 18446744073709551615) for time (type: runnumber) 382216; from CondDBESSource::setIntervalFor
%MSG
%MSG-i CondDBESSource:  PostBeginProcessBlock 09-Feb-2026 14:36:46 CET  PostBeginProcessBlock
Setting validity for record "RPCLBLinkMapRcd" and corresponding label(s): starting at run: 1 lumi: 0 event: 0, timestamp: 0, ending at run: 4294967295 lumi: 4294967295 event: 18446744073709551615, timestamp: 0, for run: 382216 lumi: 0 event: 0, timestamp: 7382394804334179328; from CondDBESSource::setIntervalFor
%MSG
%MSG-i CondDBESSource:  PostBeginProcessBlock 09-Feb-2026 14:36:46 CET  PostBeginProcessBlock
Getting data for record "TotemReadoutRcd" to be consumed on Run: 382216 - Lumiblock:0 - Timestamp: 7382394804334179328; from CondDBESSource::setIntervalFor
%MSG
%MSG-i CondDBESSource:  PostBeginProcessBlock 09-Feb-2026 14:36:46 CET  PostBeginProcessBlock
Processing record "TotemReadoutRcd" and label "TimingDiamond" for run: 382216 lumi: 0 event: 0, timestamp: 7382394804334179328; from CondDBESSource::setIntervalFor
%MSG
%MSG-i CondDBESSource:  PostBeginProcessBlock 09-Feb-2026 14:36:46 CET  PostBeginProcessBlock
Validity coming from IOV sequence for record "TotemReadoutRcd" and label "TimingDiamond": (362920, 18446744073709551615) for time (type: runnumber) 382216; from CondDBESSource::setIntervalFor
%MSG
%MSG-i CondDBESSource:  PostBeginProcessBlock 09-Feb-2026 14:36:46 CET  PostBeginProcessBlock
Processing record "TotemReadoutRcd" and label "TotemT2" for run: 382216 lumi: 0 event: 0, timestamp: 7382394804334179328; from CondDBESSource::setIntervalFor
%MSG
%MSG-i CondDBESSource:  PostBeginProcessBlock 09-Feb-2026 14:36:46 CET  PostBeginProcessBlock
Validity coming from IOV sequence for record "TotemReadoutRcd" and label "TotemT2": (368023, 18446744073709551615) for time (type: runnumber) 382216; from CondDBESSource::setIntervalFor
%MSG
%MSG-i CondDBESSource:  PostBeginProcessBlock 09-Feb-2026 14:36:46 CET  PostBeginProcessBlock
Processing record "TotemReadoutRcd" and label "TotemTiming" for run: 382216 lumi: 0 event: 0, timestamp: 7382394804334179328; from CondDBESSource::setIntervalFor
%MSG
%MSG-i CondDBESSource:  PostBeginProcessBlock 09-Feb-2026 14:36:46 CET  PostBeginProcessBlock
Validity coming from IOV sequence for record "TotemReadoutRcd" and label "TotemTiming": (340000, 18446744073709551615) for time (type: runnumber) 382216; from CondDBESSource::setIntervalFor
%MSG
%MSG-i CondDBESSource:  PostBeginProcessBlock 09-Feb-2026 14:36:46 CET  PostBeginProcessBlock
Processing record "TotemReadoutRcd" and label "TrackingStrip" for run: 382216 lumi: 0 event: 0, timestamp: 7382394804334179328; from CondDBESSource::setIntervalFor
%MSG
%MSG-i CondDBESSource:  PostBeginProcessBlock 09-Feb-2026 14:36:46 CET  PostBeginProcessBlock
Validity coming from IOV sequence for record "TotemReadoutRcd" and label "TrackingStrip": (340000, 18446744073709551615) for time (type: runnumber) 382216; from CondDBESSource::setIntervalFor
%MSG
%MSG-i CondDBESSource:  PostBeginProcessBlock 09-Feb-2026 14:36:46 CET  PostBeginProcessBlock
Setting validity for record "TotemReadoutRcd" and corresponding label(s): starting at run: 368023 lumi: 0 event: 0, timestamp: 0, ending at run: 4294967295 lumi: 4294967295 event: 18446744073709551615, timestamp: 0, for run: 382216 lumi: 0 event: 0, timestamp: 7382394804334179328; from CondDBESSource::setIntervalFor
%MSG
%MSG-i CondDBESSource:  PostBeginProcessBlock 09-Feb-2026 14:36:46 CET  PostBeginProcessBlock
Getting data for record "CSCChamberMapRcd" to be consumed on Run: 382216 - Lumiblock:0 - Timestamp: 7382394804334179328; from CondDBESSource::setIntervalFor
%MSG
%MSG-i CondDBESSource:  PostBeginProcessBlock 09-Feb-2026 14:36:46 CET  PostBeginProcessBlock
Processing record "CSCChamberMapRcd" and label "" for run: 382216 lumi: 0 event: 0, timestamp: 7382394804334179328; from CondDBESSource::setIntervalFor
%MSG
%MSG-i CondDBESSource:  PostBeginProcessBlock 09-Feb-2026 14:36:46 CET  PostBeginProcessBlock
Validity coming from IOV sequence for record "CSCChamberMapRcd" and label "": (1, 18446744073709551615) for time (type: runnumber) 382216; from CondDBESSource::setIntervalFor
%MSG
%MSG-i CondDBESSource:  PostBeginProcessBlock 09-Feb-2026 14:36:46 CET  PostBeginProcessBlock
Setting validity for record "CSCChamberMapRcd" and corresponding label(s): starting at run: 1 lumi: 0 event: 0, timestamp: 0, ending at run: 4294967295 lumi: 4294967295 event: 18446744073709551615, timestamp: 0, for run: 382216 lumi: 0 event: 0, timestamp: 7382394804334179328; from CondDBESSource::setIntervalFor
%MSG
%MSG-i CondDBESSource:  PostBeginProcessBlock 09-Feb-2026 14:36:46 CET  PostBeginProcessBlock
Getting data for record "EcalPedestalsRcd" to be consumed on Run: 382216 - Lumiblock:0 - Timestamp: 7382394804334179328; from CondDBESSource::setIntervalFor
%MSG
%MSG-i CondDBESSource:  PostBeginProcessBlock 09-Feb-2026 14:36:46 CET  PostBeginProcessBlock
Processing record "EcalPedestalsRcd" and label "" for run: 382216 lumi: 0 event: 0, timestamp: 7382394804334179328; from CondDBESSource::setIntervalFor
%MSG
%MSG-i CondDBESSource:  PostBeginProcessBlock 09-Feb-2026 14:36:46 CET  PostBeginProcessBlock
Validity coming from IOV sequence for record "EcalPedestalsRcd" and label "": (382216, 382223) for time (type: runnumber) 382216; from CondDBESSource::setIntervalFor
%MSG
%MSG-i CondDBESSource:  PostBeginProcessBlock 09-Feb-2026 14:36:46 CET  PostBeginProcessBlock
Setting validity for record "EcalPedestalsRcd" and corresponding label(s): starting at run: 382216 lumi: 0 event: 0, timestamp: 0, ending at run: 382223 lumi: 4294967295 event: 18446744073709551615, timestamp: 0, for run: 382216 lumi: 0 event: 0, timestamp: 7382394804334179328; from CondDBESSource::setIntervalFor
%MSG
%MSG-i CondDBESSource:  PostBeginProcessBlock 09-Feb-2026 14:36:46 CET  PostBeginProcessBlock
Getting data for record "EcalTBWeightsRcd" to be consumed on Run: 382216 - Lumiblock:0 - Timestamp: 7382394804334179328; from CondDBESSource::setIntervalFor
%MSG
%MSG-i CondDBESSource:  PostBeginProcessBlock 09-Feb-2026 14:36:46 CET  PostBeginProcessBlock
Processing record "EcalTBWeightsRcd" and label "" for run: 382216 lumi: 0 event: 0, timestamp: 7382394804334179328; from CondDBESSource::setIntervalFor
%MSG
%MSG-i CondDBESSource:  PostBeginProcessBlock 09-Feb-2026 14:36:46 CET  PostBeginProcessBlock
Validity coming from IOV sequence for record "EcalTBWeightsRcd" and label "": (226083, 18446744073709551615) for time (type: runnumber) 382216; from CondDBESSource::setIntervalFor
%MSG
%MSG-i CondDBESSource:  PostBeginProcessBlock 09-Feb-2026 14:36:46 CET  PostBeginProcessBlock
Setting validity for record "EcalTBWeightsRcd" and corresponding label(s): starting at run: 226083 lumi: 0 event: 0, timestamp: 0, ending at run: 4294967295 lumi: 4294967295 event: 18446744073709551615, timestamp: 0, for run: 382216 lumi: 0 event: 0, timestamp: 7382394804334179328; from CondDBESSource::setIntervalFor
%MSG
%MSG-i CondDBESSource:  PostBeginProcessBlock 09-Feb-2026 14:36:46 CET  PostBeginProcessBlock
Getting data for record "EcalTPGTPModeRcd" to be consumed on Run: 382216 - Lumiblock:0 - Timestamp: 7382394804334179328; from CondDBESSource::setIntervalFor
%MSG
%MSG-i CondDBESSource:  PostBeginProcessBlock 09-Feb-2026 14:36:46 CET  PostBeginProcessBlock
Processing record "EcalTPGTPModeRcd" and label "" for run: 382216 lumi: 0 event: 0, timestamp: 7382394804334179328; from CondDBESSource::setIntervalFor
%MSG
%MSG-i CondDBESSource:  PostBeginProcessBlock 09-Feb-2026 14:36:46 CET  PostBeginProcessBlock
Validity coming from IOV sequence for record "EcalTPGTPModeRcd" and label "": (359689, 18446744073709551615) for time (type: runnumber) 382216; from CondDBESSource::setIntervalFor
%MSG
%MSG-i CondDBESSource:  PostBeginProcessBlock 09-Feb-2026 14:36:46 CET  PostBeginProcessBlock
Setting validity for record "EcalTPGTPModeRcd" and corresponding label(s): starting at run: 359689 lumi: 0 event: 0, timestamp: 0, ending at run: 4294967295 lumi: 4294967295 event: 18446744073709551615, timestamp: 0, for run: 382216 lumi: 0 event: 0, timestamp: 7382394804334179328; from CondDBESSource::setIntervalFor
%MSG
%MSG-i CondDBESSource:  PostBeginProcessBlock 09-Feb-2026 14:36:46 CET  PostBeginProcessBlock
Getting data for record "GEMDeadStripsRcd" to be consumed on Run: 382216 - Lumiblock:0 - Timestamp: 7382394804334179328; from CondDBESSource::setIntervalFor
%MSG
%MSG-i CondDBESSource:  PostBeginProcessBlock 09-Feb-2026 14:36:46 CET  PostBeginProcessBlock
Processing record "GEMDeadStripsRcd" and label "" for run: 382216 lumi: 0 event: 0, timestamp: 7382394804334179328; from CondDBESSource::setIntervalFor
%MSG
%MSG-i CondDBESSource:  PostBeginProcessBlock 09-Feb-2026 14:36:46 CET  PostBeginProcessBlock
Validity coming from IOV sequence for record "GEMDeadStripsRcd" and label "": (1, 18446744073709551615) for time (type: runnumber) 382216; from CondDBESSource::setIntervalFor
%MSG
%MSG-i CondDBESSource:  PostBeginProcessBlock 09-Feb-2026 14:36:46 CET  PostBeginProcessBlock
Setting validity for record "GEMDeadStripsRcd" and corresponding label(s): starting at run: 1 lumi: 0 event: 0, timestamp: 0, ending at run: 4294967295 lumi: 4294967295 event: 18446744073709551615, timestamp: 0, for run: 382216 lumi: 0 event: 0, timestamp: 7382394804334179328; from CondDBESSource::setIntervalFor
%MSG
%MSG-i CondDBESSource:  PostBeginProcessBlock 09-Feb-2026 14:36:46 CET  PostBeginProcessBlock
Getting data for record "JetResolutionRcd" to be consumed on Run: 382216 - Lumiblock:0 - Timestamp: 7382394804334179328; from CondDBESSource::setIntervalFor
%MSG
%MSG-i CondDBESSource:  PostBeginProcessBlock 09-Feb-2026 14:36:46 CET  PostBeginProcessBlock
Processing record "JetResolutionRcd" and label "AK4PFPuppi_phi" for run: 382216 lumi: 0 event: 0, timestamp: 7382394804334179328; from CondDBESSource::setIntervalFor
%MSG
%MSG-i CondDBESSource:  PostBeginProcessBlock 09-Feb-2026 14:36:46 CET  PostBeginProcessBlock
Validity coming from IOV sequence for record "JetResolutionRcd" and label "AK4PFPuppi_phi": (1, 18446744073709551615) for time (type: runnumber) 382216; from CondDBESSource::setIntervalFor
%MSG
%MSG-i CondDBESSource:  PostBeginProcessBlock 09-Feb-2026 14:36:46 CET  PostBeginProcessBlock
Processing record "JetResolutionRcd" and label "AK4PFPuppi_pt" for run: 382216 lumi: 0 event: 0, timestamp: 7382394804334179328; from CondDBESSource::setIntervalFor
%MSG
%MSG-i CondDBESSource:  PostBeginProcessBlock 09-Feb-2026 14:36:46 CET  PostBeginProcessBlock
Validity coming from IOV sequence for record "JetResolutionRcd" and label "AK4PFPuppi_pt": (1, 18446744073709551615) for time (type: runnumber) 382216; from CondDBESSource::setIntervalFor
%MSG
%MSG-i CondDBESSource:  PostBeginProcessBlock 09-Feb-2026 14:36:46 CET  PostBeginProcessBlock
Processing record "JetResolutionRcd" and label "AK4PF_phi" for run: 382216 lumi: 0 event: 0, timestamp: 7382394804334179328; from CondDBESSource::setIntervalFor
%MSG
%MSG-i CondDBESSource:  PostBeginProcessBlock 09-Feb-2026 14:36:46 CET  PostBeginProcessBlock
Validity coming from IOV sequence for record "JetResolutionRcd" and label "AK4PF_phi": (1, 18446744073709551615) for time (type: runnumber) 382216; from CondDBESSource::setIntervalFor
%MSG
%MSG-i CondDBESSource:  PostBeginProcessBlock 09-Feb-2026 14:36:46 CET  PostBeginProcessBlock
Processing record "JetResolutionRcd" and label "AK4PF_pt" for run: 382216 lumi: 0 event: 0, timestamp: 7382394804334179328; from CondDBESSource::setIntervalFor
%MSG
%MSG-i CondDBESSource:  PostBeginProcessBlock 09-Feb-2026 14:36:46 CET  PostBeginProcessBlock
Validity coming from IOV sequence for record "JetResolutionRcd" and label "AK4PF_pt": (1, 18446744073709551615) for time (type: runnumber) 382216; from CondDBESSource::setIntervalFor
%MSG
%MSG-i CondDBESSource:  PostBeginProcessBlock 09-Feb-2026 14:36:46 CET  PostBeginProcessBlock
Processing record "JetResolutionRcd" and label "AK4PFchs_phi" for run: 382216 lumi: 0 event: 0, timestamp: 7382394804334179328; from CondDBESSource::setIntervalFor
%MSG
%MSG-i CondDBESSource:  PostBeginProcessBlock 09-Feb-2026 14:36:46 CET  PostBeginProcessBlock
Validity coming from IOV sequence for record "JetResolutionRcd" and label "AK4PFchs_phi": (1, 18446744073709551615) for time (type: runnumber) 382216; from CondDBESSource::setIntervalFor
%MSG
%MSG-i CondDBESSource:  PostBeginProcessBlock 09-Feb-2026 14:36:46 CET  PostBeginProcessBlock
Processing record "JetResolutionRcd" and label "AK4PFchs_pt" for run: 382216 lumi: 0 event: 0, timestamp: 7382394804334179328; from CondDBESSource::setIntervalFor
%MSG
%MSG-i CondDBESSource:  PostBeginProcessBlock 09-Feb-2026 14:36:46 CET  PostBeginProcessBlock
Validity coming from IOV sequence for record "JetResolutionRcd" and label "AK4PFchs_pt": (1, 18446744073709551615) for time (type: runnumber) 382216; from CondDBESSource::setIntervalFor
%MSG
%MSG-i CondDBESSource:  PostBeginProcessBlock 09-Feb-2026 14:36:46 CET  PostBeginProcessBlock
Processing record "JetResolutionRcd" and label "AK8PFPuppi_phi" for run: 382216 lumi: 0 event: 0, timestamp: 7382394804334179328; from CondDBESSource::setIntervalFor
%MSG
%MSG-i CondDBESSource:  PostBeginProcessBlock 09-Feb-2026 14:36:46 CET  PostBeginProcessBlock
Validity coming from IOV sequence for record "JetResolutionRcd" and label "AK8PFPuppi_phi": (1, 18446744073709551615) for time (type: runnumber) 382216; from CondDBESSource::setIntervalFor
%MSG
%MSG-i CondDBESSource:  PostBeginProcessBlock 09-Feb-2026 14:36:46 CET  PostBeginProcessBlock
Processing record "JetResolutionRcd" and label "AK8PFPuppi_pt" for run: 382216 lumi: 0 event: 0, timestamp: 7382394804334179328; from CondDBESSource::setIntervalFor
%MSG
%MSG-i CondDBESSource:  PostBeginProcessBlock 09-Feb-2026 14:36:46 CET  PostBeginProcessBlock
Validity coming from IOV sequence for record "JetResolutionRcd" and label "AK8PFPuppi_pt": (1, 18446744073709551615) for time (type: runnumber) 382216; from CondDBESSource::setIntervalFor
%MSG
%MSG-i CondDBESSource:  PostBeginProcessBlock 09-Feb-2026 14:36:46 CET  PostBeginProcessBlock
Processing record "JetResolutionRcd" and label "AK8PF_phi" for run: 382216 lumi: 0 event: 0, timestamp: 7382394804334179328; from CondDBESSource::setIntervalFor
%MSG
%MSG-i CondDBESSource:  PostBeginProcessBlock 09-Feb-2026 14:36:46 CET  PostBeginProcessBlock
Validity coming from IOV sequence for record "JetResolutionRcd" and label "AK8PF_phi": (1, 18446744073709551615) for time (type: runnumber) 382216; from CondDBESSource::setIntervalFor
%MSG
%MSG-i CondDBESSource:  PostBeginProcessBlock 09-Feb-2026 14:36:46 CET  PostBeginProcessBlock
Processing record "JetResolutionRcd" and label "AK8PF_pt" for run: 382216 lumi: 0 event: 0, timestamp: 7382394804334179328; from CondDBESSource::setIntervalFor
%MSG
%MSG-i CondDBESSource:  PostBeginProcessBlock 09-Feb-2026 14:36:46 CET  PostBeginProcessBlock
Validity coming from IOV sequence for record "JetResolutionRcd" and label "AK8PF_pt": (1, 18446744073709551615) for time (type: runnumber) 382216; from CondDBESSource::setIntervalFor
%MSG
%MSG-i CondDBESSource:  PostBeginProcessBlock 09-Feb-2026 14:36:46 CET  PostBeginProcessBlock
Processing record "JetResolutionRcd" and label "AK8PFchs_phi" for run: 382216 lumi: 0 event: 0, timestamp: 7382394804334179328; from CondDBESSource::setIntervalFor
%MSG
%MSG-i CondDBESSource:  PostBeginProcessBlock 09-Feb-2026 14:36:46 CET  PostBeginProcessBlock
Validity coming from IOV sequence for record "JetResolutionRcd" and label "AK8PFchs_phi": (1, 18446744073709551615) for time (type: runnumber) 382216; from CondDBESSource::setIntervalFor
%MSG
%MSG-i CondDBESSource:  PostBeginProcessBlock 09-Feb-2026 14:36:46 CET  PostBeginProcessBlock
Processing record "JetResolutionRcd" and label "AK8PFchs_pt" for run: 382216 lumi: 0 event: 0, timestamp: 7382394804334179328; from CondDBESSource::setIntervalFor
%MSG
%MSG-i CondDBESSource:  PostBeginProcessBlock 09-Feb-2026 14:36:46 CET  PostBeginProcessBlock
Validity coming from IOV sequence for record "JetResolutionRcd" and label "AK8PFchs_pt": (1, 18446744073709551615) for time (type: runnumber) 382216; from CondDBESSource::setIntervalFor
%MSG
%MSG-i CondDBESSource:  PostBeginProcessBlock 09-Feb-2026 14:36:46 CET  PostBeginProcessBlock
Setting validity for record "JetResolutionRcd" and corresponding label(s): starting at run: 1 lumi: 0 event: 0, timestamp: 0, ending at run: 4294967295 lumi: 4294967295 event: 18446744073709551615, timestamp: 0, for run: 382216 lumi: 0 event: 0, timestamp: 7382394804334179328; from CondDBESSource::setIntervalFor
%MSG
%MSG-i CondDBESSource:  PostBeginProcessBlock 09-Feb-2026 14:36:46 CET  PostBeginProcessBlock
Getting data for record "L1GtBoardMapsRcd" to be consumed on Run: 382216 - Lumiblock:0 - Timestamp: 7382394804334179328; from CondDBESSource::setIntervalFor
%MSG
%MSG-i CondDBESSource:  PostBeginProcessBlock 09-Feb-2026 14:36:46 CET  PostBeginProcessBlock
Processing record "L1GtBoardMapsRcd" and label "" for run: 382216 lumi: 0 event: 0, timestamp: 7382394804334179328; from CondDBESSource::setIntervalFor
%MSG
%MSG-i CondDBESSource:  PostBeginProcessBlock 09-Feb-2026 14:36:46 CET  PostBeginProcessBlock
Validity coming from IOV sequence for record "L1GtBoardMapsRcd" and label "": (65674, 18446744073709551615) for time (type: runnumber) 382216; from CondDBESSource::setIntervalFor
%MSG
%MSG-i CondDBESSource:  PostBeginProcessBlock 09-Feb-2026 14:36:46 CET  PostBeginProcessBlock
Setting validity for record "L1GtBoardMapsRcd" and corresponding label(s): starting at run: 65674 lumi: 0 event: 0, timestamp: 0, ending at run: 4294967295 lumi: 4294967295 event: 18446744073709551615, timestamp: 0, for run: 382216 lumi: 0 event: 0, timestamp: 7382394804334179328; from CondDBESSource::setIntervalFor
%MSG
%MSG-i CondDBESSource:  PostBeginProcessBlock 09-Feb-2026 14:36:46 CET  PostBeginProcessBlock
Getting data for record "L1HtMissScaleRcd" to be consumed on Run: 382216 - Lumiblock:0 - Timestamp: 7382394804334179328; from CondDBESSource::setIntervalFor
%MSG
%MSG-i CondDBESSource:  PostBeginProcessBlock 09-Feb-2026 14:36:46 CET  PostBeginProcessBlock
Processing record "L1HtMissScaleRcd" and label "" for run: 382216 lumi: 0 event: 0, timestamp: 7382394804334179328; from CondDBESSource::setIntervalFor
%MSG
%MSG-i CondDBESSource:  PostBeginProcessBlock 09-Feb-2026 14:36:46 CET  PostBeginProcessBlock
Validity coming from IOV sequence for record "L1HtMissScaleRcd" and label "": (251622, 18446744073709551615) for time (type: runnumber) 382216; from CondDBESSource::setIntervalFor
%MSG
%MSG-i CondDBESSource:  PostBeginProcessBlock 09-Feb-2026 14:36:46 CET  PostBeginProcessBlock
Setting validity for record "L1HtMissScaleRcd" and corresponding label(s): starting at run: 251622 lumi: 0 event: 0, timestamp: 0, ending at run: 4294967295 lumi: 4294967295 event: 18446744073709551615, timestamp: 0, for run: 382216 lumi: 0 event: 0, timestamp: 7382394804334179328; from CondDBESSource::setIntervalFor
%MSG
%MSG-i CondDBESSource:  PostBeginProcessBlock 09-Feb-2026 14:36:46 CET  PostBeginProcessBlock
Getting data for record "L1MuDTTFMasksRcd" to be consumed on Run: 382216 - Lumiblock:0 - Timestamp: 7382394804334179328; from CondDBESSource::setIntervalFor
%MSG
%MSG-i CondDBESSource:  PostBeginProcessBlock 09-Feb-2026 14:36:46 CET  PostBeginProcessBlock
Processing record "L1MuDTTFMasksRcd" and label "" for run: 382216 lumi: 0 event: 0, timestamp: 7382394804334179328; from CondDBESSource::setIntervalFor
%MSG
%MSG-i CondDBESSource:  PostBeginProcessBlock 09-Feb-2026 14:36:46 CET  PostBeginProcessBlock
Validity coming from IOV sequence for record "L1MuDTTFMasksRcd" and label "": (263745, 18446744073709551615) for time (type: runnumber) 382216; from CondDBESSource::setIntervalFor
%MSG
%MSG-i CondDBESSource:  PostBeginProcessBlock 09-Feb-2026 14:36:46 CET  PostBeginProcessBlock
Setting validity for record "L1MuDTTFMasksRcd" and corresponding label(s): starting at run: 263745 lumi: 0 event: 0, timestamp: 0, ending at run: 4294967295 lumi: 4294967295 event: 18446744073709551615, timestamp: 0, for run: 382216 lumi: 0 event: 0, timestamp: 7382394804334179328; from CondDBESSource::setIntervalFor
%MSG
%MSG-i CondDBESSource:  PostBeginProcessBlock 09-Feb-2026 14:36:46 CET  PostBeginProcessBlock
Getting data for record "L1MuGMTScalesRcd" to be consumed on Run: 382216 - Lumiblock:0 - Timestamp: 7382394804334179328; from CondDBESSource::setIntervalFor
%MSG
%MSG-i CondDBESSource:  PostBeginProcessBlock 09-Feb-2026 14:36:46 CET  PostBeginProcessBlock
Processing record "L1MuGMTScalesRcd" and label "" for run: 382216 lumi: 0 event: 0, timestamp: 7382394804334179328; from CondDBESSource::setIntervalFor
%MSG
%MSG-i CondDBESSource:  PostBeginProcessBlock 09-Feb-2026 14:36:46 CET  PostBeginProcessBlock
Validity coming from IOV sequence for record "L1MuGMTScalesRcd" and label "": (65674, 18446744073709551615) for time (type: runnumber) 382216; from CondDBESSource::setIntervalFor
%MSG
%MSG-i CondDBESSource:  PostBeginProcessBlock 09-Feb-2026 14:36:46 CET  PostBeginProcessBlock
Setting validity for record "L1MuGMTScalesRcd" and corresponding label(s): starting at run: 65674 lumi: 0 event: 0, timestamp: 0, ending at run: 4294967295 lumi: 4294967295 event: 18446744073709551615, timestamp: 0, for run: 382216 lumi: 0 event: 0, timestamp: 7382394804334179328; from CondDBESSource::setIntervalFor
%MSG
%MSG-i CondDBESSource:  PostBeginProcessBlock 09-Feb-2026 14:36:46 CET  PostBeginProcessBlock
Getting data for record "L1RPCHwConfigRcd" to be consumed on Run: 382216 - Lumiblock:0 - Timestamp: 7382394804334179328; from CondDBESSource::setIntervalFor
%MSG
%MSG-i CondDBESSource:  PostBeginProcessBlock 09-Feb-2026 14:36:46 CET  PostBeginProcessBlock
Processing record "L1RPCHwConfigRcd" and label "" for run: 382216 lumi: 0 event: 0, timestamp: 7382394804334179328; from CondDBESSource::setIntervalFor
%MSG
%MSG-i CondDBESSource:  PostBeginProcessBlock 09-Feb-2026 14:36:46 CET  PostBeginProcessBlock
Validity coming from IOV sequence for record "L1RPCHwConfigRcd" and label "": (1, 18446744073709551615) for time (type: runnumber) 382216; from CondDBESSource::setIntervalFor
%MSG
%MSG-i CondDBESSource:  PostBeginProcessBlock 09-Feb-2026 14:36:46 CET  PostBeginProcessBlock
Setting validity for record "L1RPCHwConfigRcd" and corresponding label(s): starting at run: 1 lumi: 0 event: 0, timestamp: 0, ending at run: 4294967295 lumi: 4294967295 event: 18446744073709551615, timestamp: 0, for run: 382216 lumi: 0 event: 0, timestamp: 7382394804334179328; from CondDBESSource::setIntervalFor
%MSG
%MSG-i CondDBESSource:  PostBeginProcessBlock 09-Feb-2026 14:36:46 CET  PostBeginProcessBlock
Getting data for record "L1TCaloParamsRcd" to be consumed on Run: 382216 - Lumiblock:0 - Timestamp: 7382394804334179328; from CondDBESSource::setIntervalFor
%MSG
%MSG-i CondDBESSource:  PostBeginProcessBlock 09-Feb-2026 14:36:46 CET  PostBeginProcessBlock
Processing record "L1TCaloParamsRcd" and label "" for run: 382216 lumi: 0 event: 0, timestamp: 7382394804334179328; from CondDBESSource::setIntervalFor
%MSG
%MSG-i CondDBESSource:  PostBeginProcessBlock 09-Feb-2026 14:36:46 CET  PostBeginProcessBlock
Validity coming from IOV sequence for record "L1TCaloParamsRcd" and label "": (382126, 382415) for time (type: runnumber) 382216; from CondDBESSource::setIntervalFor
%MSG
%MSG-i CondDBESSource:  PostBeginProcessBlock 09-Feb-2026 14:36:46 CET  PostBeginProcessBlock
Setting validity for record "L1TCaloParamsRcd" and corresponding label(s): starting at run: 382126 lumi: 0 event: 0, timestamp: 0, ending at run: 382415 lumi: 4294967295 event: 18446744073709551615, timestamp: 0, for run: 382216 lumi: 0 event: 0, timestamp: 7382394804334179328; from CondDBESSource::setIntervalFor
%MSG
%MSG-i CondDBESSource:  PostBeginProcessBlock 09-Feb-2026 14:36:46 CET  PostBeginProcessBlock
Getting data for record "PFCalibrationRcd" to be consumed on Run: 382216 - Lumiblock:0 - Timestamp: 7382394804334179328; from CondDBESSource::setIntervalFor
%MSG
%MSG-i CondDBESSource:  PostBeginProcessBlock 09-Feb-2026 14:36:46 CET  PostBeginProcessBlock
Processing record "PFCalibrationRcd" and label "" for run: 382216 lumi: 0 event: 0, timestamp: 7382394804334179328; from CondDBESSource::setIntervalFor
%MSG
%MSG-i CondDBESSource:  PostBeginProcessBlock 09-Feb-2026 14:36:46 CET  PostBeginProcessBlock
Validity coming from IOV sequence for record "PFCalibrationRcd" and label "": (347998, 391853) for time (type: runnumber) 382216; from CondDBESSource::setIntervalFor
%MSG
%MSG-i CondDBESSource:  PostBeginProcessBlock 09-Feb-2026 14:36:46 CET  PostBeginProcessBlock
Processing record "PFCalibrationRcd" and label "HLT" for run: 382216 lumi: 0 event: 0, timestamp: 7382394804334179328; from CondDBESSource::setIntervalFor
%MSG
%MSG-i CondDBESSource:  PostBeginProcessBlock 09-Feb-2026 14:36:46 CET  PostBeginProcessBlock
Validity coming from IOV sequence for record "PFCalibrationRcd" and label "HLT": (380266, 391853) for time (type: runnumber) 382216; from CondDBESSource::setIntervalFor
%MSG
%MSG-i CondDBESSource:  PostBeginProcessBlock 09-Feb-2026 14:36:46 CET  PostBeginProcessBlock
Setting validity for record "PFCalibrationRcd" and corresponding label(s): starting at run: 380266 lumi: 0 event: 0, timestamp: 0, ending at run: 391853 lumi: 4294967295 event: 18446744073709551615, timestamp: 0, for run: 382216 lumi: 0 event: 0, timestamp: 7382394804334179328; from CondDBESSource::setIntervalFor
%MSG
%MSG-i CondDBESSource:  PostBeginProcessBlock 09-Feb-2026 14:36:46 CET  PostBeginProcessBlock
Getting data for record "RPCDCCLinkMapRcd" to be consumed on Run: 382216 - Lumiblock:0 - Timestamp: 7382394804334179328; from CondDBESSource::setIntervalFor
%MSG
%MSG-i CondDBESSource:  PostBeginProcessBlock 09-Feb-2026 14:36:46 CET  PostBeginProcessBlock
Processing record "RPCDCCLinkMapRcd" and label "" for run: 382216 lumi: 0 event: 0, timestamp: 7382394804334179328; from CondDBESSource::setIntervalFor
%MSG
%MSG-i CondDBESSource:  PostBeginProcessBlock 09-Feb-2026 14:36:46 CET  PostBeginProcessBlock
Validity coming from IOV sequence for record "RPCDCCLinkMapRcd" and label "": (1, 18446744073709551615) for time (type: runnumber) 382216; from CondDBESSource::setIntervalFor
%MSG
%MSG-i CondDBESSource:  PostBeginProcessBlock 09-Feb-2026 14:36:46 CET  PostBeginProcessBlock
Setting validity for record "RPCDCCLinkMapRcd" and corresponding label(s): starting at run: 1 lumi: 0 event: 0, timestamp: 0, ending at run: 4294967295 lumi: 4294967295 event: 18446744073709551615, timestamp: 0, for run: 382216 lumi: 0 event: 0, timestamp: 7382394804334179328; from CondDBESSource::setIntervalFor
%MSG
%MSG-i CondDBESSource:  PostBeginProcessBlock 09-Feb-2026 14:36:46 CET  PostBeginProcessBlock
Getting data for record "SiStripNoisesRcd" to be consumed on Run: 382216 - Lumiblock:0 - Timestamp: 7382394804334179328; from CondDBESSource::setIntervalFor
%MSG
%MSG-i CondDBESSource:  PostBeginProcessBlock 09-Feb-2026 14:36:46 CET  PostBeginProcessBlock
Processing record "SiStripNoisesRcd" and label "" for run: 382216 lumi: 0 event: 0, timestamp: 7382394804334179328; from CondDBESSource::setIntervalFor
%MSG
%MSG-i CondDBESSource:  PostBeginProcessBlock 09-Feb-2026 14:36:46 CET  PostBeginProcessBlock
Validity coming from IOV sequence for record "SiStripNoisesRcd" and label "": (381943, 383387) for time (type: runnumber) 382216; from CondDBESSource::setIntervalFor
%MSG
%MSG-i CondDBESSource:  PostBeginProcessBlock 09-Feb-2026 14:36:46 CET  PostBeginProcessBlock
Setting validity for record "SiStripNoisesRcd" and corresponding label(s): starting at run: 381943 lumi: 0 event: 0, timestamp: 0, ending at run: 383387 lumi: 4294967295 event: 18446744073709551615, timestamp: 0, for run: 382216 lumi: 0 event: 0, timestamp: 7382394804334179328; from CondDBESSource::setIntervalFor
%MSG
%MSG-i CondDBESSource:  PostBeginProcessBlock 09-Feb-2026 14:36:46 CET  PostBeginProcessBlock
Getting data for record "PTrackerParametersRcd" to be consumed on Run: 382216 - Lumiblock:0 - Timestamp: 7382394804334179328; from CondDBESSource::setIntervalFor
%MSG
%MSG-i CondDBESSource:  PostBeginProcessBlock 09-Feb-2026 14:36:46 CET  PostBeginProcessBlock
Processing record "PTrackerParametersRcd" and label "" for run: 382216 lumi: 0 event: 0, timestamp: 7382394804334179328; from CondDBESSource::setIntervalFor
%MSG
%MSG-i CondDBESSource:  PostBeginProcessBlock 09-Feb-2026 14:36:46 CET  PostBeginProcessBlock
Validity coming from IOV sequence for record "PTrackerParametersRcd" and label "": (347532, 18446744073709551615) for time (type: runnumber) 382216; from CondDBESSource::setIntervalFor
%MSG
%MSG-i CondDBESSource:  PostBeginProcessBlock 09-Feb-2026 14:36:46 CET  PostBeginProcessBlock
Setting validity for record "PTrackerParametersRcd" and corresponding label(s): starting at run: 347532 lumi: 0 event: 0, timestamp: 0, ending at run: 4294967295 lumi: 4294967295 event: 18446744073709551615, timestamp: 0, for run: 382216 lumi: 0 event: 0, timestamp: 7382394804334179328; from CondDBESSource::setIntervalFor
%MSG
%MSG-i CondDBESSource:  PostBeginProcessBlock 09-Feb-2026 14:36:46 CET  PostBeginProcessBlock
Getting data for record "SiPixelLorentzAngleRcd" to be consumed on Run: 382216 - Lumiblock:0 - Timestamp: 7382394804334179328; from CondDBESSource::setIntervalFor
%MSG
%MSG-i CondDBESSource:  PostBeginProcessBlock 09-Feb-2026 14:36:46 CET  PostBeginProcessBlock
Processing record "SiPixelLorentzAngleRcd" and label "" for run: 382216 lumi: 0 event: 0, timestamp: 7382394804334179328; from CondDBESSource::setIntervalFor
%MSG
%MSG-i CondDBESSource:  PostBeginProcessBlock 09-Feb-2026 14:36:46 CET  PostBeginProcessBlock
Validity coming from IOV sequence for record "SiPixelLorentzAngleRcd" and label "": (381090, 383859) for time (type: runnumber) 382216; from CondDBESSource::setIntervalFor
%MSG
%MSG-i CondDBESSource:  PostBeginProcessBlock 09-Feb-2026 14:36:46 CET  PostBeginProcessBlock
Processing record "SiPixelLorentzAngleRcd" and label "forWidth" for run: 382216 lumi: 0 event: 0, timestamp: 7382394804334179328; from CondDBESSource::setIntervalFor
%MSG
%MSG-i CondDBESSource:  PostBeginProcessBlock 09-Feb-2026 14:36:46 CET  PostBeginProcessBlock
Validity coming from IOV sequence for record "SiPixelLorentzAngleRcd" and label "forWidth": (330927, 18446744073709551615) for time (type: runnumber) 382216; from CondDBESSource::setIntervalFor
%MSG
%MSG-i CondDBESSource:  PostBeginProcessBlock 09-Feb-2026 14:36:46 CET  PostBeginProcessBlock
Processing record "SiPixelLorentzAngleRcd" and label "fromAlignment" for run: 382216 lumi: 0 event: 0, timestamp: 7382394804334179328; from CondDBESSource::setIntervalFor
%MSG
%MSG-i CondDBESSource:  PostBeginProcessBlock 09-Feb-2026 14:36:46 CET  PostBeginProcessBlock
Validity coming from IOV sequence for record "SiPixelLorentzAngleRcd" and label "fromAlignment": (290550, 18446744073709551615) for time (type: runnumber) 382216; from CondDBESSource::setIntervalFor
%MSG
%MSG-i CondDBESSource:  PostBeginProcessBlock 09-Feb-2026 14:36:46 CET  PostBeginProcessBlock
Setting validity for record "SiPixelLorentzAngleRcd" and corresponding label(s): starting at run: 381090 lumi: 0 event: 0, timestamp: 0, ending at run: 383859 lumi: 4294967295 event: 18446744073709551615, timestamp: 0, for run: 382216 lumi: 0 event: 0, timestamp: 7382394804334179328; from CondDBESSource::setIntervalFor
%MSG
%MSG-i CondDBESSource:  PostBeginProcessBlock 09-Feb-2026 14:36:46 CET  PostBeginProcessBlock
Getting data for record "MFGeometryFileRcd" to be consumed on Run: 382216 - Lumiblock:0 - Timestamp: 7382394804334179328; from CondDBESSource::setIntervalFor
%MSG
%MSG-i CondDBESSource:  PostBeginProcessBlock 09-Feb-2026 14:36:46 CET  PostBeginProcessBlock
Processing record "MFGeometryFileRcd" and label "160812" for run: 382216 lumi: 0 event: 0, timestamp: 7382394804334179328; from CondDBESSource::setIntervalFor
%MSG
%MSG-i CondDBESSource:  PostBeginProcessBlock 09-Feb-2026 14:36:46 CET  PostBeginProcessBlock
Validity coming from IOV sequence for record "MFGeometryFileRcd" and label "160812": (1, 18446744073709551615) for time (type: runnumber) 382216; from CondDBESSource::setIntervalFor
%MSG
%MSG-i CondDBESSource:  PostBeginProcessBlock 09-Feb-2026 14:36:46 CET  PostBeginProcessBlock
Processing record "MFGeometryFileRcd" and label "90322" for run: 382216 lumi: 0 event: 0, timestamp: 7382394804334179328; from CondDBESSource::setIntervalFor
%MSG
%MSG-i CondDBESSource:  PostBeginProcessBlock 09-Feb-2026 14:36:46 CET  PostBeginProcessBlock
Validity coming from IOV sequence for record "MFGeometryFileRcd" and label "90322": (1, 18446744073709551615) for time (type: runnumber) 382216; from CondDBESSource::setIntervalFor
%MSG
%MSG-i CondDBESSource:  PostBeginProcessBlock 09-Feb-2026 14:36:46 CET  PostBeginProcessBlock
Setting validity for record "MFGeometryFileRcd" and corresponding label(s): starting at run: 1 lumi: 0 event: 0, timestamp: 0, ending at run: 4294967295 lumi: 4294967295 event: 18446744073709551615, timestamp: 0, for run: 382216 lumi: 0 event: 0, timestamp: 7382394804334179328; from CondDBESSource::setIntervalFor
%MSG
%MSG-i CondDBESSource:  PostBeginProcessBlock 09-Feb-2026 14:36:46 CET  PostBeginProcessBlock
Getting data for record "MagFieldConfigRcd" to be consumed on Run: 382216 - Lumiblock:0 - Timestamp: 7382394804334179328; from CondDBESSource::setIntervalFor
%MSG
%MSG-i CondDBESSource:  PostBeginProcessBlock 09-Feb-2026 14:36:46 CET  PostBeginProcessBlock
Processing record "MagFieldConfigRcd" and label "0T" for run: 382216 lumi: 0 event: 0, timestamp: 7382394804334179328; from CondDBESSource::setIntervalFor
%MSG
%MSG-i CondDBESSource:  PostBeginProcessBlock 09-Feb-2026 14:36:46 CET  PostBeginProcessBlock
Validity coming from IOV sequence for record "MagFieldConfigRcd" and label "0T": (1, 18446744073709551615) for time (type: runnumber) 382216; from CondDBESSource::setIntervalFor
%MSG
%MSG-i CondDBESSource:  PostBeginProcessBlock 09-Feb-2026 14:36:46 CET  PostBeginProcessBlock
Processing record "MagFieldConfigRcd" and label "2T" for run: 382216 lumi: 0 event: 0, timestamp: 7382394804334179328; from CondDBESSource::setIntervalFor
%MSG
%MSG-i CondDBESSource:  PostBeginProcessBlock 09-Feb-2026 14:36:46 CET  PostBeginProcessBlock
Validity coming from IOV sequence for record "MagFieldConfigRcd" and label "2T": (1, 18446744073709551615) for time (type: runnumber) 382216; from CondDBESSource::setIntervalFor
%MSG
%MSG-i CondDBESSource:  PostBeginProcessBlock 09-Feb-2026 14:36:46 CET  PostBeginProcessBlock
Processing record "MagFieldConfigRcd" and label "3.5T" for run: 382216 lumi: 0 event: 0, timestamp: 7382394804334179328; from CondDBESSource::setIntervalFor
%MSG
%MSG-i CondDBESSource:  PostBeginProcessBlock 09-Feb-2026 14:36:46 CET  PostBeginProcessBlock
Validity coming from IOV sequence for record "MagFieldConfigRcd" and label "3.5T": (1, 18446744073709551615) for time (type: runnumber) 382216; from CondDBESSource::setIntervalFor
%MSG
%MSG-i CondDBESSource:  PostBeginProcessBlock 09-Feb-2026 14:36:46 CET  PostBeginProcessBlock
Processing record "MagFieldConfigRcd" and label "3.8T" for run: 382216 lumi: 0 event: 0, timestamp: 7382394804334179328; from CondDBESSource::setIntervalFor
%MSG
%MSG-i CondDBESSource:  PostBeginProcessBlock 09-Feb-2026 14:36:46 CET  PostBeginProcessBlock
Validity coming from IOV sequence for record "MagFieldConfigRcd" and label "3.8T": (220641, 18446744073709551615) for time (type: runnumber) 382216; from CondDBESSource::setIntervalFor
%MSG
%MSG-i CondDBESSource:  PostBeginProcessBlock 09-Feb-2026 14:36:46 CET  PostBeginProcessBlock
Processing record "MagFieldConfigRcd" and label "3T" for run: 382216 lumi: 0 event: 0, timestamp: 7382394804334179328; from CondDBESSource::setIntervalFor
%MSG
%MSG-i CondDBESSource:  PostBeginProcessBlock 09-Feb-2026 14:36:46 CET  PostBeginProcessBlock
Validity coming from IOV sequence for record "MagFieldConfigRcd" and label "3T": (1, 18446744073709551615) for time (type: runnumber) 382216; from CondDBESSource::setIntervalFor
%MSG
%MSG-i CondDBESSource:  PostBeginProcessBlock 09-Feb-2026 14:36:46 CET  PostBeginProcessBlock
Processing record "MagFieldConfigRcd" and label "4T" for run: 382216 lumi: 0 event: 0, timestamp: 7382394804334179328; from CondDBESSource::setIntervalFor
%MSG
%MSG-i CondDBESSource:  PostBeginProcessBlock 09-Feb-2026 14:36:46 CET  PostBeginProcessBlock
Validity coming from IOV sequence for record "MagFieldConfigRcd" and label "4T": (1, 18446744073709551615) for time (type: runnumber) 382216; from CondDBESSource::setIntervalFor
%MSG
%MSG-i CondDBESSource:  PostBeginProcessBlock 09-Feb-2026 14:36:46 CET  PostBeginProcessBlock
Setting validity for record "MagFieldConfigRcd" and corresponding label(s): starting at run: 220641 lumi: 0 event: 0, timestamp: 0, ending at run: 4294967295 lumi: 4294967295 event: 18446744073709551615, timestamp: 0, for run: 382216 lumi: 0 event: 0, timestamp: 7382394804334179328; from CondDBESSource::setIntervalFor
%MSG
%MSG-i CondDBESSource:  PostBeginProcessBlock 09-Feb-2026 14:36:46 CET  PostBeginProcessBlock
Getting data for record "GlobalPositionRcd" to be consumed on Run: 382216 - Lumiblock:0 - Timestamp: 7382394804334179328; from CondDBESSource::setIntervalFor
%MSG
%MSG-i CondDBESSource:  PostBeginProcessBlock 09-Feb-2026 14:36:46 CET  PostBeginProcessBlock
Processing record "GlobalPositionRcd" and label "" for run: 382216 lumi: 0 event: 0, timestamp: 7382394804334179328; from CondDBESSource::setIntervalFor
%MSG
%MSG-i CondDBESSource:  PostBeginProcessBlock 09-Feb-2026 14:36:46 CET  PostBeginProcessBlock
Validity coming from IOV sequence for record "GlobalPositionRcd" and label "": (380726, 18446744073709551615) for time (type: runnumber) 382216; from CondDBESSource::setIntervalFor
%MSG
%MSG-i CondDBESSource:  PostBeginProcessBlock 09-Feb-2026 14:36:46 CET  PostBeginProcessBlock
Setting validity for record "GlobalPositionRcd" and corresponding label(s): starting at run: 380726 lumi: 0 event: 0, timestamp: 0, ending at run: 4294967295 lumi: 4294967295 event: 18446744073709551615, timestamp: 0, for run: 382216 lumi: 0 event: 0, timestamp: 7382394804334179328; from CondDBESSource::setIntervalFor
%MSG
%MSG-i CondDBESSource:  PostBeginProcessBlock 09-Feb-2026 14:36:46 CET  PostBeginProcessBlock
Getting data for record "TrackerAlignmentRcd" to be consumed on Run: 382216 - Lumiblock:0 - Timestamp: 7382394804334179328; from CondDBESSource::setIntervalFor
%MSG
%MSG-i CondDBESSource:  PostBeginProcessBlock 09-Feb-2026 14:36:46 CET  PostBeginProcessBlock
Processing record "TrackerAlignmentRcd" and label "" for run: 382216 lumi: 0 event: 0, timestamp: 7382394804334179328; from CondDBESSource::setIntervalFor
%MSG
%MSG-i CondDBESSource:  PostBeginProcessBlock 09-Feb-2026 14:36:46 CET  PostBeginProcessBlock
Validity coming from IOV sequence for record "TrackerAlignmentRcd" and label "": (381598, 382250) for time (type: runnumber) 382216; from CondDBESSource::setIntervalFor
%MSG
%MSG-i CondDBESSource:  PostBeginProcessBlock 09-Feb-2026 14:36:46 CET  PostBeginProcessBlock
Setting validity for record "TrackerAlignmentRcd" and corresponding label(s): starting at run: 381598 lumi: 0 event: 0, timestamp: 0, ending at run: 382250 lumi: 4294967295 event: 18446744073709551615, timestamp: 0, for run: 382216 lumi: 0 event: 0, timestamp: 7382394804334179328; from CondDBESSource::setIntervalFor
%MSG
%MSG-i CondDBESSource:  PostBeginProcessBlock 09-Feb-2026 14:36:46 CET  PostBeginProcessBlock
Getting data for record "TrackerSurfaceDeformationRcd" to be consumed on Run: 382216 - Lumiblock:0 - Timestamp: 7382394804334179328; from CondDBESSource::setIntervalFor
%MSG
%MSG-i CondDBESSource:  PostBeginProcessBlock 09-Feb-2026 14:36:46 CET  PostBeginProcessBlock
Processing record "TrackerSurfaceDeformationRcd" and label "" for run: 382216 lumi: 0 event: 0, timestamp: 7382394804334179328; from CondDBESSource::setIntervalFor
%MSG
%MSG-i CondDBESSource:  PostBeginProcessBlock 09-Feb-2026 14:36:46 CET  PostBeginProcessBlock
Validity coming from IOV sequence for record "TrackerSurfaceDeformationRcd" and label "": (381090, 385355) for time (type: runnumber) 382216; from CondDBESSource::setIntervalFor
%MSG
%MSG-i CondDBESSource:  PostBeginProcessBlock 09-Feb-2026 14:36:46 CET  PostBeginProcessBlock
Setting validity for record "TrackerSurfaceDeformationRcd" and corresponding label(s): starting at run: 381090 lumi: 0 event: 0, timestamp: 0, ending at run: 385355 lumi: 4294967295 event: 18446744073709551615, timestamp: 0, for run: 382216 lumi: 0 event: 0, timestamp: 7382394804334179328; from CondDBESSource::setIntervalFor
%MSG
%MSG-i CondDBESSource:  PostBeginProcessBlock 09-Feb-2026 14:36:46 CET  PostBeginProcessBlock
Getting data for record "TrackerAlignmentErrorExtendedRcd" to be consumed on Run: 382216 - Lumiblock:0 - Timestamp: 7382394804334179328; from CondDBESSource::setIntervalFor
%MSG
%MSG-i CondDBESSource:  PostBeginProcessBlock 09-Feb-2026 14:36:46 CET  PostBeginProcessBlock
Processing record "TrackerAlignmentErrorExtendedRcd" and label "" for run: 382216 lumi: 0 event: 0, timestamp: 7382394804334179328; from CondDBESSource::setIntervalFor
%MSG
%MSG-i CondDBESSource:  PostBeginProcessBlock 09-Feb-2026 14:36:46 CET  PostBeginProcessBlock
Validity coming from IOV sequence for record "TrackerAlignmentErrorExtendedRcd" and label "": (375854, 388152) for time (type: runnumber) 382216; from CondDBESSource::setIntervalFor
%MSG
%MSG-i CondDBESSource:  PostBeginProcessBlock 09-Feb-2026 14:36:46 CET  PostBeginProcessBlock
Setting validity for record "TrackerAlignmentErrorExtendedRcd" and corresponding label(s): starting at run: 375854 lumi: 0 event: 0, timestamp: 0, ending at run: 388152 lumi: 4294967295 event: 18446744073709551615, timestamp: 0, for run: 382216 lumi: 0 event: 0, timestamp: 7382394804334179328; from CondDBESSource::setIntervalFor
%MSG
%MSG-i CondDBESSource:  PostBeginProcessBlock 09-Feb-2026 14:36:46 CET  PostBeginProcessBlock
Getting data for record "SiPixelGenErrorDBObjectRcd" to be consumed on Run: 382216 - Lumiblock:0 - Timestamp: 7382394804334179328; from CondDBESSource::setIntervalFor
%MSG
%MSG-i CondDBESSource:  PostBeginProcessBlock 09-Feb-2026 14:36:46 CET  PostBeginProcessBlock
Processing record "SiPixelGenErrorDBObjectRcd" and label "" for run: 382216 lumi: 0 event: 0, timestamp: 7382394804334179328; from CondDBESSource::setIntervalFor
%MSG
%MSG-i CondDBESSource:  PostBeginProcessBlock 09-Feb-2026 14:36:46 CET  PostBeginProcessBlock
Validity coming from IOV sequence for record "SiPixelGenErrorDBObjectRcd" and label "": (381090, 383859) for time (type: runnumber) 382216; from CondDBESSource::setIntervalFor
%MSG
%MSG-i CondDBESSource:  PostBeginProcessBlock 09-Feb-2026 14:36:46 CET  PostBeginProcessBlock
Setting validity for record "SiPixelGenErrorDBObjectRcd" and corresponding label(s): starting at run: 381090 lumi: 0 event: 0, timestamp: 0, ending at run: 383859 lumi: 4294967295 event: 18446744073709551615, timestamp: 0, for run: 382216 lumi: 0 event: 0, timestamp: 7382394804334179328; from CondDBESSource::setIntervalFor
%MSG
%MSG-i CondDBESSource:  PostBeginProcessBlock 09-Feb-2026 14:36:46 CET  PostBeginProcessBlock
Getting data for record "SiStripLatencyRcd" to be consumed on Run: 382216 - Lumiblock:0 - Timestamp: 7382394804334179328; from CondDBESSource::setIntervalFor
%MSG
%MSG-i CondDBESSource:  PostBeginProcessBlock 09-Feb-2026 14:36:46 CET  PostBeginProcessBlock
Processing record "SiStripLatencyRcd" and label "" for run: 382216 lumi: 0 event: 0, timestamp: 7382394804334179328; from CondDBESSource::setIntervalFor
%MSG
%MSG-i CondDBESSource:  PostBeginProcessBlock 09-Feb-2026 14:36:46 CET  PostBeginProcessBlock
Validity coming from IOV sequence for record "SiStripLatencyRcd" and label "": (381943, 383387) for time (type: runnumber) 382216; from CondDBESSource::setIntervalFor
%MSG
%MSG-i CondDBESSource:  PostBeginProcessBlock 09-Feb-2026 14:36:46 CET  PostBeginProcessBlock
Setting validity for record "SiStripLatencyRcd" and corresponding label(s): starting at run: 381943 lumi: 0 event: 0, timestamp: 0, ending at run: 383387 lumi: 4294967295 event: 18446744073709551615, timestamp: 0, for run: 382216 lumi: 0 event: 0, timestamp: 7382394804334179328; from CondDBESSource::setIntervalFor
%MSG
%MSG-i CondDBESSource:  PostBeginProcessBlock 09-Feb-2026 14:36:46 CET  PostBeginProcessBlock
Getting data for record "SiStripBadChannelRcd" to be consumed on Run: 382216 - Lumiblock:0 - Timestamp: 7382394804334179328; from CondDBESSource::setIntervalFor
%MSG
%MSG-i CondDBESSource:  PostBeginProcessBlock 09-Feb-2026 14:36:46 CET  PostBeginProcessBlock
Processing record "SiStripBadChannelRcd" and label "" for run: 382216 lumi: 0 event: 0, timestamp: 7382394804334179328; from CondDBESSource::setIntervalFor
%MSG
%MSG-i CondDBESSource:  PostBeginProcessBlock 09-Feb-2026 14:36:46 CET  PostBeginProcessBlock
Validity coming from IOV sequence for record "SiStripBadChannelRcd" and label "": (381943, 383387) for time (type: runnumber) 382216; from CondDBESSource::setIntervalFor
%MSG
%MSG-i CondDBESSource:  PostBeginProcessBlock 09-Feb-2026 14:36:46 CET  PostBeginProcessBlock
Setting validity for record "SiStripBadChannelRcd" and corresponding label(s): starting at run: 381943 lumi: 0 event: 0, timestamp: 0, ending at run: 383387 lumi: 4294967295 event: 18446744073709551615, timestamp: 0, for run: 382216 lumi: 0 event: 0, timestamp: 7382394804334179328; from CondDBESSource::setIntervalFor
%MSG
%MSG-i CondDBESSource:  PostBeginProcessBlock 09-Feb-2026 14:36:46 CET  PostBeginProcessBlock
Getting data for record "SiStripConfObjectRcd" to be consumed on Run: 382216 - Lumiblock:0 - Timestamp: 7382394804334179328; from CondDBESSource::setIntervalFor
%MSG
%MSG-i CondDBESSource:  PostBeginProcessBlock 09-Feb-2026 14:36:46 CET  PostBeginProcessBlock
Processing record "SiStripConfObjectRcd" and label "" for run: 382216 lumi: 0 event: 0, timestamp: 7382394804334179328; from CondDBESSource::setIntervalFor
%MSG
%MSG-i CondDBESSource:  PostBeginProcessBlock 09-Feb-2026 14:36:46 CET  PostBeginProcessBlock
Validity coming from IOV sequence for record "SiStripConfObjectRcd" and label "": (153690, 18446744073709551615) for time (type: runnumber) 382216; from CondDBESSource::setIntervalFor
%MSG
%MSG-i CondDBESSource:  PostBeginProcessBlock 09-Feb-2026 14:36:46 CET  PostBeginProcessBlock
Processing record "SiStripConfObjectRcd" and label "apvphaseoffsets" for run: 382216 lumi: 0 event: 0, timestamp: 7382394804334179328; from CondDBESSource::setIntervalFor
%MSG
%MSG-i CondDBESSource:  PostBeginProcessBlock 09-Feb-2026 14:36:46 CET  PostBeginProcessBlock
Validity coming from IOV sequence for record "SiStripConfObjectRcd" and label "apvphaseoffsets": (254296, 18446744073709551615) for time (type: runnumber) 382216; from CondDBESSource::setIntervalFor
%MSG
%MSG-i CondDBESSource:  PostBeginProcessBlock 09-Feb-2026 14:36:46 CET  PostBeginProcessBlock
Setting validity for record "SiStripConfObjectRcd" and corresponding label(s): starting at run: 254296 lumi: 0 event: 0, timestamp: 0, ending at run: 4294967295 lumi: 4294967295 event: 18446744073709551615, timestamp: 0, for run: 382216 lumi: 0 event: 0, timestamp: 7382394804334179328; from CondDBESSource::setIntervalFor
%MSG
%MSG-i CondDBESSource:  PostBeginProcessBlock 09-Feb-2026 14:36:46 CET  PostBeginProcessBlock
Getting data for record "SiStripLorentzAngleRcd" to be consumed on Run: 382216 - Lumiblock:0 - Timestamp: 7382394804334179328; from CondDBESSource::setIntervalFor
%MSG
%MSG-i CondDBESSource:  PostBeginProcessBlock 09-Feb-2026 14:36:46 CET  PostBeginProcessBlock
Processing record "SiStripLorentzAngleRcd" and label "deconvolution" for run: 382216 lumi: 0 event: 0, timestamp: 7382394804334179328; from CondDBESSource::setIntervalFor
%MSG
%MSG-i CondDBESSource:  PostBeginProcessBlock 09-Feb-2026 14:36:46 CET  PostBeginProcessBlock
Validity coming from IOV sequence for record "SiStripLorentzAngleRcd" and label "deconvolution": (254501, 18446744073709551615) for time (type: runnumber) 382216; from CondDBESSource::setIntervalFor
%MSG
%MSG-i CondDBESSource:  PostBeginProcessBlock 09-Feb-2026 14:36:46 CET  PostBeginProcessBlock
Processing record "SiStripLorentzAngleRcd" and label "peak" for run: 382216 lumi: 0 event: 0, timestamp: 7382394804334179328; from CondDBESSource::setIntervalFor
%MSG
%MSG-i CondDBESSource:  PostBeginProcessBlock 09-Feb-2026 14:36:46 CET  PostBeginProcessBlock
Validity coming from IOV sequence for record "SiStripLorentzAngleRcd" and label "peak": (132656, 18446744073709551615) for time (type: runnumber) 382216; from CondDBESSource::setIntervalFor
%MSG
%MSG-i CondDBESSource:  PostBeginProcessBlock 09-Feb-2026 14:36:46 CET  PostBeginProcessBlock
Setting validity for record "SiStripLorentzAngleRcd" and corresponding label(s): starting at run: 254501 lumi: 0 event: 0, timestamp: 0, ending at run: 4294967295 lumi: 4294967295 event: 18446744073709551615, timestamp: 0, for run: 382216 lumi: 0 event: 0, timestamp: 7382394804334179328; from CondDBESSource::setIntervalFor
%MSG
%MSG-i CondDBESSource:  PostBeginProcessBlock 09-Feb-2026 14:36:46 CET  PostBeginProcessBlock
Getting data for record "SiStripBackPlaneCorrectionRcd" to be consumed on Run: 382216 - Lumiblock:0 - Timestamp: 7382394804334179328; from CondDBESSource::setIntervalFor
%MSG
%MSG-i CondDBESSource:  PostBeginProcessBlock 09-Feb-2026 14:36:46 CET  PostBeginProcessBlock
Processing record "SiStripBackPlaneCorrectionRcd" and label "deconvolution" for run: 382216 lumi: 0 event: 0, timestamp: 7382394804334179328; from CondDBESSource::setIntervalFor
%MSG
%MSG-i CondDBESSource:  PostBeginProcessBlock 09-Feb-2026 14:36:46 CET  PostBeginProcessBlock
Validity coming from IOV sequence for record "SiStripBackPlaneCorrectionRcd" and label "deconvolution": (254501, 18446744073709551615) for time (type: runnumber) 382216; from CondDBESSource::setIntervalFor
%MSG
%MSG-i CondDBESSource:  PostBeginProcessBlock 09-Feb-2026 14:36:46 CET  PostBeginProcessBlock
Processing record "SiStripBackPlaneCorrectionRcd" and label "peak" for run: 382216 lumi: 0 event: 0, timestamp: 7382394804334179328; from CondDBESSource::setIntervalFor
%MSG
%MSG-i CondDBESSource:  PostBeginProcessBlock 09-Feb-2026 14:36:46 CET  PostBeginProcessBlock
Validity coming from IOV sequence for record "SiStripBackPlaneCorrectionRcd" and label "peak": (1, 18446744073709551615) for time (type: runnumber) 382216; from CondDBESSource::setIntervalFor
%MSG
%MSG-i CondDBESSource:  PostBeginProcessBlock 09-Feb-2026 14:36:46 CET  PostBeginProcessBlock
Setting validity for record "SiStripBackPlaneCorrectionRcd" and corresponding label(s): starting at run: 254501 lumi: 0 event: 0, timestamp: 0, ending at run: 4294967295 lumi: 4294967295 event: 18446744073709551615, timestamp: 0, for run: 382216 lumi: 0 event: 0, timestamp: 7382394804334179328; from CondDBESSource::setIntervalFor
%MSG
%MSG-i CondDBESSource:  PostBeginProcessBlock 09-Feb-2026 14:36:46 CET  PostBeginProcessBlock
Getting data for record "CSCBadChambersRcd" to be consumed on Run: 382216 - Lumiblock:0 - Timestamp: 7382394804334179328; from CondDBESSource::setIntervalFor
%MSG
%MSG-i CondDBESSource:  PostBeginProcessBlock 09-Feb-2026 14:36:46 CET  PostBeginProcessBlock
Processing record "CSCBadChambersRcd" and label "" for run: 382216 lumi: 0 event: 0, timestamp: 7382394804334179328; from CondDBESSource::setIntervalFor
%MSG
%MSG-i CondDBESSource:  PostBeginProcessBlock 09-Feb-2026 14:36:46 CET  PostBeginProcessBlock
Validity coming from IOV sequence for record "CSCBadChambersRcd" and label "": (253835, 18446744073709551615) for time (type: runnumber) 382216; from CondDBESSource::setIntervalFor
%MSG
%MSG-i CondDBESSource:  PostBeginProcessBlock 09-Feb-2026 14:36:46 CET  PostBeginProcessBlock
Setting validity for record "CSCBadChambersRcd" and corresponding label(s): starting at run: 253835 lumi: 0 event: 0, timestamp: 0, ending at run: 4294967295 lumi: 4294967295 event: 18446744073709551615, timestamp: 0, for run: 382216 lumi: 0 event: 0, timestamp: 7382394804334179328; from CondDBESSource::setIntervalFor
%MSG
%MSG-i CondDBESSource:  PostBeginProcessBlock 09-Feb-2026 14:36:46 CET  PostBeginProcessBlock
Getting data for record "CSCDBCrosstalkRcd" to be consumed on Run: 382216 - Lumiblock:0 - Timestamp: 7382394804334179328; from CondDBESSource::setIntervalFor
%MSG
%MSG-i CondDBESSource:  PostBeginProcessBlock 09-Feb-2026 14:36:46 CET  PostBeginProcessBlock
Processing record "CSCDBCrosstalkRcd" and label "" for run: 382216 lumi: 0 event: 0, timestamp: 7382394804334179328; from CondDBESSource::setIntervalFor
%MSG
%MSG-i CondDBESSource:  PostBeginProcessBlock 09-Feb-2026 14:36:46 CET  PostBeginProcessBlock
Validity coming from IOV sequence for record "CSCDBCrosstalkRcd" and label "": (376785, 18446744073709551615) for time (type: runnumber) 382216; from CondDBESSource::setIntervalFor
%MSG
%MSG-i CondDBESSource:  PostBeginProcessBlock 09-Feb-2026 14:36:46 CET  PostBeginProcessBlock
Setting validity for record "CSCDBCrosstalkRcd" and corresponding label(s): starting at run: 376785 lumi: 0 event: 0, timestamp: 0, ending at run: 4294967295 lumi: 4294967295 event: 18446744073709551615, timestamp: 0, for run: 382216 lumi: 0 event: 0, timestamp: 7382394804334179328; from CondDBESSource::setIntervalFor
%MSG
%MSG-i CondDBESSource:  PostBeginProcessBlock 09-Feb-2026 14:36:46 CET  PostBeginProcessBlock
Getting data for record "CSCDBPedestalsRcd" to be consumed on Run: 382216 - Lumiblock:0 - Timestamp: 7382394804334179328; from CondDBESSource::setIntervalFor
%MSG
%MSG-i CondDBESSource:  PostBeginProcessBlock 09-Feb-2026 14:36:46 CET  PostBeginProcessBlock
Processing record "CSCDBPedestalsRcd" and label "" for run: 382216 lumi: 0 event: 0, timestamp: 7382394804334179328; from CondDBESSource::setIntervalFor
%MSG
%MSG-i CondDBESSource:  PostBeginProcessBlock 09-Feb-2026 14:36:46 CET  PostBeginProcessBlock
Validity coming from IOV sequence for record "CSCDBPedestalsRcd" and label "": (376785, 18446744073709551615) for time (type: runnumber) 382216; from CondDBESSource::setIntervalFor
%MSG
%MSG-i CondDBESSource:  PostBeginProcessBlock 09-Feb-2026 14:36:46 CET  PostBeginProcessBlock
Setting validity for record "CSCDBPedestalsRcd" and corresponding label(s): starting at run: 376785 lumi: 0 event: 0, timestamp: 0, ending at run: 4294967295 lumi: 4294967295 event: 18446744073709551615, timestamp: 0, for run: 382216 lumi: 0 event: 0, timestamp: 7382394804334179328; from CondDBESSource::setIntervalFor
%MSG
%MSG-i CondDBESSource:  PostBeginProcessBlock 09-Feb-2026 14:36:46 CET  PostBeginProcessBlock
Getting data for record "DTRecoGeometryRcd" to be consumed on Run: 382216 - Lumiblock:0 - Timestamp: 7382394804334179328; from CondDBESSource::setIntervalFor
%MSG
%MSG-i CondDBESSource:  PostBeginProcessBlock 09-Feb-2026 14:36:46 CET  PostBeginProcessBlock
Processing record "DTRecoGeometryRcd" and label "" for run: 382216 lumi: 0 event: 0, timestamp: 7382394804334179328; from CondDBESSource::setIntervalFor
%MSG
%MSG-i CondDBESSource:  PostBeginProcessBlock 09-Feb-2026 14:36:46 CET  PostBeginProcessBlock
Validity coming from IOV sequence for record "DTRecoGeometryRcd" and label "": (347532, 18446744073709551615) for time (type: runnumber) 382216; from CondDBESSource::setIntervalFor
%MSG
%MSG-i CondDBESSource:  PostBeginProcessBlock 09-Feb-2026 14:36:46 CET  PostBeginProcessBlock
Setting validity for record "DTRecoGeometryRcd" and corresponding label(s): starting at run: 347532 lumi: 0 event: 0, timestamp: 0, ending at run: 4294967295 lumi: 4294967295 event: 18446744073709551615, timestamp: 0, for run: 382216 lumi: 0 event: 0, timestamp: 7382394804334179328; from CondDBESSource::setIntervalFor
%MSG
%MSG-i CondDBESSource:  PostBeginProcessBlock 09-Feb-2026 14:36:46 CET  PostBeginProcessBlock
Getting data for record "EcalGainRatiosRcd" to be consumed on Run: 382216 - Lumiblock:0 - Timestamp: 7382394804334179328; from CondDBESSource::setIntervalFor
%MSG
%MSG-i CondDBESSource:  PostBeginProcessBlock 09-Feb-2026 14:36:46 CET  PostBeginProcessBlock
Processing record "EcalGainRatiosRcd" and label "" for run: 382216 lumi: 0 event: 0, timestamp: 7382394804334179328; from CondDBESSource::setIntervalFor
%MSG
%MSG-i CondDBESSource:  PostBeginProcessBlock 09-Feb-2026 14:36:46 CET  PostBeginProcessBlock
Validity coming from IOV sequence for record "EcalGainRatiosRcd" and label "": (146999, 18446744073709551615) for time (type: runnumber) 382216; from CondDBESSource::setIntervalFor
%MSG
%MSG-i CondDBESSource:  PostBeginProcessBlock 09-Feb-2026 14:36:46 CET  PostBeginProcessBlock
Setting validity for record "EcalGainRatiosRcd" and corresponding label(s): starting at run: 146999 lumi: 0 event: 0, timestamp: 0, ending at run: 4294967295 lumi: 4294967295 event: 18446744073709551615, timestamp: 0, for run: 382216 lumi: 0 event: 0, timestamp: 7382394804334179328; from CondDBESSource::setIntervalFor
%MSG
%MSG-i CondDBESSource:  PostBeginProcessBlock 09-Feb-2026 14:36:46 CET  PostBeginProcessBlock
Getting data for record "EcalLaserAlphasRcd" to be consumed on Run: 382216 - Lumiblock:0 - Timestamp: 7382394804334179328; from CondDBESSource::setIntervalFor
%MSG
%MSG-i CondDBESSource:  PostBeginProcessBlock 09-Feb-2026 14:36:46 CET  PostBeginProcessBlock
Processing record "EcalLaserAlphasRcd" and label "" for run: 382216 lumi: 0 event: 0, timestamp: 7382394804334179328; from CondDBESSource::setIntervalFor
%MSG
%MSG-i CondDBESSource:  PostBeginProcessBlock 09-Feb-2026 14:36:46 CET  PostBeginProcessBlock
Validity coming from IOV sequence for record "EcalLaserAlphasRcd" and label "": (337427, 18446744073709551615) for time (type: runnumber) 382216; from CondDBESSource::setIntervalFor
%MSG
%MSG-i CondDBESSource:  PostBeginProcessBlock 09-Feb-2026 14:36:46 CET  PostBeginProcessBlock
Setting validity for record "EcalLaserAlphasRcd" and corresponding label(s): starting at run: 337427 lumi: 0 event: 0, timestamp: 0, ending at run: 4294967295 lumi: 4294967295 event: 18446744073709551615, timestamp: 0, for run: 382216 lumi: 0 event: 0, timestamp: 7382394804334179328; from CondDBESSource::setIntervalFor
%MSG
%MSG-i CondDBESSource:  PostBeginProcessBlock 09-Feb-2026 14:36:46 CET  PostBeginProcessBlock
Getting data for record "EcalLaserAPDPNRatiosRcd" to be consumed on Run: 382216 - Lumiblock:0 - Timestamp: 7382394804334179328; from CondDBESSource::setIntervalFor
%MSG
%MSG-i CondDBESSource:  PostBeginProcessBlock 09-Feb-2026 14:36:46 CET  PostBeginProcessBlock
Processing record "EcalLaserAPDPNRatiosRcd" and label "" for run: 382216 lumi: 0 event: 0, timestamp: 7382394804334179328; from CondDBESSource::setIntervalFor
%MSG
%MSG-i CondDBESSource:  PostBeginProcessBlock 09-Feb-2026 14:36:46 CET  PostBeginProcessBlock
Validity coming from IOV sequence for record "EcalLaserAPDPNRatiosRcd" and label "": (7382394718434361344, 7382406320141027839) for time (type: timestamp) 7382394804334179328; from CondDBESSource::setIntervalFor
%MSG
%MSG-i CondDBESSource:  PostBeginProcessBlock 09-Feb-2026 14:36:46 CET  PostBeginProcessBlock
Setting validity for record "EcalLaserAPDPNRatiosRcd" and corresponding label(s): starting at run: 0 lumi: 0 event: 0, timestamp: 7382394718434361344, ending at run: 0 lumi: 0 event: 0, timestamp: 7382406320141027839, for run: 382216 lumi: 0 event: 0, timestamp: 7382394804334179328; from CondDBESSource::setIntervalFor
%MSG
%MSG-i CondDBESSource:  PostBeginProcessBlock 09-Feb-2026 14:36:46 CET  PostBeginProcessBlock
Getting data for record "EcalLinearCorrectionsRcd" to be consumed on Run: 382216 - Lumiblock:0 - Timestamp: 7382394804334179328; from CondDBESSource::setIntervalFor
%MSG
%MSG-i CondDBESSource:  PostBeginProcessBlock 09-Feb-2026 14:36:46 CET  PostBeginProcessBlock
Processing record "EcalLinearCorrectionsRcd" and label "" for run: 382216 lumi: 0 event: 0, timestamp: 7382394804334179328; from CondDBESSource::setIntervalFor
%MSG
%MSG-i CondDBESSource:  PostBeginProcessBlock 09-Feb-2026 14:36:46 CET  PostBeginProcessBlock
Validity coming from IOV sequence for record "EcalLinearCorrectionsRcd" and label "": (1, 18446744073709551615) for time (type: runnumber) 382216; from CondDBESSource::setIntervalFor
%MSG
%MSG-i CondDBESSource:  PostBeginProcessBlock 09-Feb-2026 14:36:46 CET  PostBeginProcessBlock
Setting validity for record "EcalLinearCorrectionsRcd" and corresponding label(s): starting at run: 1 lumi: 0 event: 0, timestamp: 0, ending at run: 4294967295 lumi: 4294967295 event: 18446744073709551615, timestamp: 0, for run: 382216 lumi: 0 event: 0, timestamp: 7382394804334179328; from CondDBESSource::setIntervalFor
%MSG
%MSG-i CondDBESSource:  PostBeginProcessBlock 09-Feb-2026 14:36:46 CET  PostBeginProcessBlock
Getting data for record "EcalLaserAPDPNRatiosRefRcd" to be consumed on Run: 382216 - Lumiblock:0 - Timestamp: 7382394804334179328; from CondDBESSource::setIntervalFor
%MSG
%MSG-i CondDBESSource:  PostBeginProcessBlock 09-Feb-2026 14:36:46 CET  PostBeginProcessBlock
Processing record "EcalLaserAPDPNRatiosRefRcd" and label "" for run: 382216 lumi: 0 event: 0, timestamp: 7382394804334179328; from CondDBESSource::setIntervalFor
%MSG
%MSG-i CondDBESSource:  PostBeginProcessBlock 09-Feb-2026 14:36:46 CET  PostBeginProcessBlock
Validity coming from IOV sequence for record "EcalLaserAPDPNRatiosRefRcd" and label "": (1, 18446744073709551615) for time (type: runnumber) 382216; from CondDBESSource::setIntervalFor
%MSG
%MSG-i CondDBESSource:  PostBeginProcessBlock 09-Feb-2026 14:36:46 CET  PostBeginProcessBlock
Setting validity for record "EcalLaserAPDPNRatiosRefRcd" and corresponding label(s): starting at run: 1 lumi: 0 event: 0, timestamp: 0, ending at run: 4294967295 lumi: 4294967295 event: 18446744073709551615, timestamp: 0, for run: 382216 lumi: 0 event: 0, timestamp: 7382394804334179328; from CondDBESSource::setIntervalFor
%MSG
%MSG-i CondDBESSource:  PostBeginProcessBlock 09-Feb-2026 14:36:46 CET  PostBeginProcessBlock
Getting data for record "EcalSRSettingsRcd" to be consumed on Run: 382216 - Lumiblock:0 - Timestamp: 7382394804334179328; from CondDBESSource::setIntervalFor
%MSG
%MSG-i CondDBESSource:  PostBeginProcessBlock 09-Feb-2026 14:36:46 CET  PostBeginProcessBlock
Processing record "EcalSRSettingsRcd" and label "" for run: 382216 lumi: 0 event: 0, timestamp: 7382394804334179328; from CondDBESSource::setIntervalFor
%MSG
%MSG-i CondDBESSource:  PostBeginProcessBlock 09-Feb-2026 14:36:46 CET  PostBeginProcessBlock
Validity coming from IOV sequence for record "EcalSRSettingsRcd" and label "": (264524, 18446744073709551615) for time (type: runnumber) 382216; from CondDBESSource::setIntervalFor
%MSG
%MSG-i CondDBESSource:  PostBeginProcessBlock 09-Feb-2026 14:36:46 CET  PostBeginProcessBlock
Setting validity for record "EcalSRSettingsRcd" and corresponding label(s): starting at run: 264524 lumi: 0 event: 0, timestamp: 0, ending at run: 4294967295 lumi: 4294967295 event: 18446744073709551615, timestamp: 0, for run: 382216 lumi: 0 event: 0, timestamp: 7382394804334179328; from CondDBESSource::setIntervalFor
%MSG
%MSG-i CondDBESSource:  PostBeginProcessBlock 09-Feb-2026 14:36:46 CET  PostBeginProcessBlock
Getting data for record "EcalSampleMaskRcd" to be consumed on Run: 382216 - Lumiblock:0 - Timestamp: 7382394804334179328; from CondDBESSource::setIntervalFor
%MSG
%MSG-i CondDBESSource:  PostBeginProcessBlock 09-Feb-2026 14:36:46 CET  PostBeginProcessBlock
Processing record "EcalSampleMaskRcd" and label "" for run: 382216 lumi: 0 event: 0, timestamp: 7382394804334179328; from CondDBESSource::setIntervalFor
%MSG
%MSG-i CondDBESSource:  PostBeginProcessBlock 09-Feb-2026 14:36:46 CET  PostBeginProcessBlock
Validity coming from IOV sequence for record "EcalSampleMaskRcd" and label "": (191039, 18446744073709551615) for time (type: runnumber) 382216; from CondDBESSource::setIntervalFor
%MSG
%MSG-i CondDBESSource:  PostBeginProcessBlock 09-Feb-2026 14:36:46 CET  PostBeginProcessBlock
Setting validity for record "EcalSampleMaskRcd" and corresponding label(s): starting at run: 191039 lumi: 0 event: 0, timestamp: 0, ending at run: 4294967295 lumi: 4294967295 event: 18446744073709551615, timestamp: 0, for run: 382216 lumi: 0 event: 0, timestamp: 7382394804334179328; from CondDBESSource::setIntervalFor
%MSG
%MSG-i CondDBESSource:  PostBeginProcessBlock 09-Feb-2026 14:36:46 CET  PostBeginProcessBlock
Getting data for record "L1GtParametersRcd" to be consumed on Run: 382216 - Lumiblock:0 - Timestamp: 7382394804334179328; from CondDBESSource::setIntervalFor
%MSG
%MSG-i CondDBESSource:  PostBeginProcessBlock 09-Feb-2026 14:36:46 CET  PostBeginProcessBlock
Processing record "L1GtParametersRcd" and label "" for run: 382216 lumi: 0 event: 0, timestamp: 7382394804334179328; from CondDBESSource::setIntervalFor
%MSG
%MSG-i CondDBESSource:  PostBeginProcessBlock 09-Feb-2026 14:36:46 CET  PostBeginProcessBlock
Validity coming from IOV sequence for record "L1GtParametersRcd" and label "": (258956, 18446744073709551615) for time (type: runnumber) 382216; from CondDBESSource::setIntervalFor
%MSG
%MSG-i CondDBESSource:  PostBeginProcessBlock 09-Feb-2026 14:36:46 CET  PostBeginProcessBlock
Setting validity for record "L1GtParametersRcd" and corresponding label(s): starting at run: 258956 lumi: 0 event: 0, timestamp: 0, ending at run: 4294967295 lumi: 4294967295 event: 18446744073709551615, timestamp: 0, for run: 382216 lumi: 0 event: 0, timestamp: 7382394804334179328; from CondDBESSource::setIntervalFor
%MSG
%MSG-i CondDBESSource:  PostBeginProcessBlock 09-Feb-2026 14:36:46 CET  PostBeginProcessBlock
Getting data for record "L1RPCHsbConfigRcd" to be consumed on Run: 382216 - Lumiblock:0 - Timestamp: 7382394804334179328; from CondDBESSource::setIntervalFor
%MSG
%MSG-i CondDBESSource:  PostBeginProcessBlock 09-Feb-2026 14:36:46 CET  PostBeginProcessBlock
Processing record "L1RPCHsbConfigRcd" and label "" for run: 382216 lumi: 0 event: 0, timestamp: 7382394804334179328; from CondDBESSource::setIntervalFor
%MSG
%MSG-i CondDBESSource:  PostBeginProcessBlock 09-Feb-2026 14:36:46 CET  PostBeginProcessBlock
Validity coming from IOV sequence for record "L1RPCHsbConfigRcd" and label "": (263773, 18446744073709551615) for time (type: runnumber) 382216; from CondDBESSource::setIntervalFor
%MSG
%MSG-i CondDBESSource:  PostBeginProcessBlock 09-Feb-2026 14:36:46 CET  PostBeginProcessBlock
Setting validity for record "L1RPCHsbConfigRcd" and corresponding label(s): starting at run: 263773 lumi: 0 event: 0, timestamp: 0, ending at run: 4294967295 lumi: 4294967295 event: 18446744073709551615, timestamp: 0, for run: 382216 lumi: 0 event: 0, timestamp: 7382394804334179328; from CondDBESSource::setIntervalFor
%MSG
%MSG-i CondDBESSource:  PostBeginProcessBlock 09-Feb-2026 14:36:46 CET  PostBeginProcessBlock
Getting data for record "LHCInfoPerFillRcd" to be consumed on Run: 382216 - Lumiblock:0 - Timestamp: 7382394804334179328; from CondDBESSource::setIntervalFor
%MSG
%MSG-i CondDBESSource:  PostBeginProcessBlock 09-Feb-2026 14:36:46 CET  PostBeginProcessBlock
Processing record "LHCInfoPerFillRcd" and label "" for run: 382216 lumi: 0 event: 0, timestamp: 7382394804334179328; from CondDBESSource::setIntervalFor
%MSG
%MSG-i CondDBESSource:  PostBeginProcessBlock 09-Feb-2026 14:36:46 CET  PostBeginProcessBlock
Validity coming from IOV sequence for record "LHCInfoPerFillRcd" and label "": (7382371495546191872, 7382398924207344127) for time (type: timestamp) 7382394804334179328; from CondDBESSource::setIntervalFor
%MSG
%MSG-i CondDBESSource:  PostBeginProcessBlock 09-Feb-2026 14:36:46 CET  PostBeginProcessBlock
Setting validity for record "LHCInfoPerFillRcd" and corresponding label(s): starting at run: 0 lumi: 0 event: 0, timestamp: 7382371495546191872, ending at run: 0 lumi: 0 event: 0, timestamp: 7382398924207344127, for run: 382216 lumi: 0 event: 0, timestamp: 7382394804334179328; from CondDBESSource::setIntervalFor
%MSG
%MSG-i CondDBESSource:  PostBeginProcessBlock 09-Feb-2026 14:36:46 CET  PostBeginProcessBlock
Getting data for record "PEcalPreshowerRcd" to be consumed on Run: 382216 - Lumiblock:0 - Timestamp: 7382394804334179328; from CondDBESSource::setIntervalFor
%MSG
%MSG-i CondDBESSource:  PostBeginProcessBlock 09-Feb-2026 14:36:46 CET  PostBeginProcessBlock
Processing record "PEcalPreshowerRcd" and label "" for run: 382216 lumi: 0 event: 0, timestamp: 7382394804334179328; from CondDBESSource::setIntervalFor
%MSG
%MSG-i CondDBESSource:  PostBeginProcessBlock 09-Feb-2026 14:36:46 CET  PostBeginProcessBlock
Validity coming from IOV sequence for record "PEcalPreshowerRcd" and label "": (347532, 18446744073709551615) for time (type: runnumber) 382216; from CondDBESSource::setIntervalFor
%MSG
%MSG-i CondDBESSource:  PostBeginProcessBlock 09-Feb-2026 14:36:46 CET  PostBeginProcessBlock
Setting validity for record "PEcalPreshowerRcd" and corresponding label(s): starting at run: 347532 lumi: 0 event: 0, timestamp: 0, ending at run: 4294967295 lumi: 4294967295 event: 18446744073709551615, timestamp: 0, for run: 382216 lumi: 0 event: 0, timestamp: 7382394804334179328; from CondDBESSource::setIntervalFor
%MSG
%MSG-i CondDBESSource:  PostBeginProcessBlock 09-Feb-2026 14:36:46 CET  PostBeginProcessBlock
Getting data for record "RPCCPPFLinkMapRcd" to be consumed on Run: 382216 - Lumiblock:0 - Timestamp: 7382394804334179328; from CondDBESSource::setIntervalFor
%MSG
%MSG-i CondDBESSource:  PostBeginProcessBlock 09-Feb-2026 14:36:46 CET  PostBeginProcessBlock
Processing record "RPCCPPFLinkMapRcd" and label "" for run: 382216 lumi: 0 event: 0, timestamp: 7382394804334179328; from CondDBESSource::setIntervalFor
%MSG
%MSG-i CondDBESSource:  PostBeginProcessBlock 09-Feb-2026 14:36:46 CET  PostBeginProcessBlock
Validity coming from IOV sequence for record "RPCCPPFLinkMapRcd" and label "": (1, 18446744073709551615) for time (type: runnumber) 382216; from CondDBESSource::setIntervalFor
%MSG
%MSG-i CondDBESSource:  PostBeginProcessBlock 09-Feb-2026 14:36:46 CET  PostBeginProcessBlock
Setting validity for record "RPCCPPFLinkMapRcd" and corresponding label(s): starting at run: 1 lumi: 0 event: 0, timestamp: 0, ending at run: 4294967295 lumi: 4294967295 event: 18446744073709551615, timestamp: 0, for run: 382216 lumi: 0 event: 0, timestamp: 7382394804334179328; from CondDBESSource::setIntervalFor
%MSG
%MSG-i CondDBESSource:  PostBeginProcessBlock 09-Feb-2026 14:36:46 CET  PostBeginProcessBlock
Getting data for record "RPCOMTFLinkMapRcd" to be consumed on Run: 382216 - Lumiblock:0 - Timestamp: 7382394804334179328; from CondDBESSource::setIntervalFor
%MSG
%MSG-i CondDBESSource:  PostBeginProcessBlock 09-Feb-2026 14:36:46 CET  PostBeginProcessBlock
Processing record "RPCOMTFLinkMapRcd" and label "" for run: 382216 lumi: 0 event: 0, timestamp: 7382394804334179328; from CondDBESSource::setIntervalFor
%MSG
%MSG-i CondDBESSource:  PostBeginProcessBlock 09-Feb-2026 14:36:46 CET  PostBeginProcessBlock
Validity coming from IOV sequence for record "RPCOMTFLinkMapRcd" and label "": (1, 18446744073709551615) for time (type: runnumber) 382216; from CondDBESSource::setIntervalFor
%MSG
%MSG-i CondDBESSource:  PostBeginProcessBlock 09-Feb-2026 14:36:46 CET  PostBeginProcessBlock
Setting validity for record "RPCOMTFLinkMapRcd" and corresponding label(s): starting at run: 1 lumi: 0 event: 0, timestamp: 0, ending at run: 4294967295 lumi: 4294967295 event: 18446744073709551615, timestamp: 0, for run: 382216 lumi: 0 event: 0, timestamp: 7382394804334179328; from CondDBESSource::setIntervalFor
%MSG
%MSG-i CondDBESSource:  PostBeginProcessBlock 09-Feb-2026 14:36:46 CET  PostBeginProcessBlock
Getting data for record "SiPixelDetVOffRcd" to be consumed on Run: 382216 - Lumiblock:0 - Timestamp: 7382394804334179328; from CondDBESSource::setIntervalFor
%MSG
%MSG-i CondDBESSource:  PostBeginProcessBlock 09-Feb-2026 14:36:46 CET  PostBeginProcessBlock
Processing record "SiPixelDetVOffRcd" and label "" for run: 382216 lumi: 0 event: 0, timestamp: 7382394804334179328; from CondDBESSource::setIntervalFor
%MSG
%MSG-i CondDBESSource:  PostBeginProcessBlock 09-Feb-2026 14:36:46 CET  PostBeginProcessBlock
Validity coming from IOV sequence for record "SiPixelDetVOffRcd" and label "": (1, 18446744073709551615) for time (type: runnumber) 382216; from CondDBESSource::setIntervalFor
%MSG
%MSG-i CondDBESSource:  PostBeginProcessBlock 09-Feb-2026 14:36:46 CET  PostBeginProcessBlock
Setting validity for record "SiPixelDetVOffRcd" and corresponding label(s): starting at run: 1 lumi: 0 event: 0, timestamp: 0, ending at run: 4294967295 lumi: 4294967295 event: 18446744073709551615, timestamp: 0, for run: 382216 lumi: 0 event: 0, timestamp: 7382394804334179328; from CondDBESSource::setIntervalFor
%MSG
%MSG-i CondDBESSource:  PostBeginProcessBlock 09-Feb-2026 14:36:46 CET  PostBeginProcessBlock
Getting data for record "SiPixelQualityFromDbRcd" to be consumed on Run: 382216 - Lumiblock:0 - Timestamp: 7382394804334179328; from CondDBESSource::setIntervalFor
%MSG
%MSG-i CondDBESSource:  PostBeginProcessBlock 09-Feb-2026 14:36:46 CET  PostBeginProcessBlock
Processing record "SiPixelQualityFromDbRcd" and label "" for run: 382216 lumi: 0 event: 0, timestamp: 7382394804334179328; from CondDBESSource::setIntervalFor
%MSG
%MSG-i CondDBESSource:  PostBeginProcessBlock 09-Feb-2026 14:36:46 CET  PostBeginProcessBlock
Validity coming from IOV sequence for record "SiPixelQualityFromDbRcd" and label "": (1641592335106777, 1641605220007980) for time (type: lumiid) 1641605220007936; from CondDBESSource::setIntervalFor
%MSG
%MSG-i CondDBESSource:  PostBeginProcessBlock 09-Feb-2026 14:36:46 CET  PostBeginProcessBlock
Processing record "SiPixelQualityFromDbRcd" and label "forRawToDigi" for run: 382216 lumi: 0 event: 0, timestamp: 7382394804334179328; from CondDBESSource::setIntervalFor
%MSG
%MSG-i CondDBESSource:  PostBeginProcessBlock 09-Feb-2026 14:36:46 CET  PostBeginProcessBlock
Validity coming from IOV sequence for record "SiPixelQualityFromDbRcd" and label "forRawToDigi": (346513, 18446744073709551615) for time (type: runnumber) 382216; from CondDBESSource::setIntervalFor
%MSG
%MSG-i CondDBESSource:  PostBeginProcessBlock 09-Feb-2026 14:36:46 CET  PostBeginProcessBlock
Setting validity for record "SiPixelQualityFromDbRcd" and corresponding label(s): starting at run: 729 lumi: 0 event: 0, timestamp: 0, ending at run: 44 lumi: 4294967295 event: 18446744073709551615, timestamp: 0, for run: 382216 lumi: 0 event: 0, timestamp: 7382394804334179328; from CondDBESSource::setIntervalFor
%MSG
%MSG-i CondDBESSource:  PostBeginProcessBlock 09-Feb-2026 14:36:46 CET  PostBeginProcessBlock
Getting data for record "SiStripDetVOffRcd" to be consumed on Run: 382216 - Lumiblock:0 - Timestamp: 7382394804334179328; from CondDBESSource::setIntervalFor
%MSG
%MSG-i CondDBESSource:  PostBeginProcessBlock 09-Feb-2026 14:36:46 CET  PostBeginProcessBlock
Processing record "SiStripDetVOffRcd" and label "" for run: 382216 lumi: 0 event: 0, timestamp: 7382394804334179328; from CondDBESSource::setIntervalFor
%MSG
%MSG-i CondDBESSource:  PostBeginProcessBlock 09-Feb-2026 14:36:46 CET  PostBeginProcessBlock
Validity coming from IOV sequence for record "SiStripDetVOffRcd" and label "": (7382379149407913344, 7382398889620605759) for time (type: timestamp) 7382394804334179328; from CondDBESSource::setIntervalFor
%MSG
%MSG-i CondDBESSource:  PostBeginProcessBlock 09-Feb-2026 14:36:46 CET  PostBeginProcessBlock
Setting validity for record "SiStripDetVOffRcd" and corresponding label(s): starting at run: 0 lumi: 0 event: 0, timestamp: 7382379149407913344, ending at run: 0 lumi: 0 event: 0, timestamp: 7382398889620605759, for run: 382216 lumi: 0 event: 0, timestamp: 7382394804334179328; from CondDBESSource::setIntervalFor
%MSG
%MSG-i CondDBESSource:  PostBeginProcessBlock 09-Feb-2026 14:36:46 CET  PostBeginProcessBlock
Getting data for record "SiStripBadFiberRcd" to be consumed on Run: 382216 - Lumiblock:0 - Timestamp: 7382394804334179328; from CondDBESSource::setIntervalFor
%MSG
%MSG-i CondDBESSource:  PostBeginProcessBlock 09-Feb-2026 14:36:46 CET  PostBeginProcessBlock
Processing record "SiStripBadFiberRcd" and label "" for run: 382216 lumi: 0 event: 0, timestamp: 7382394804334179328; from CondDBESSource::setIntervalFor
%MSG
%MSG-i CondDBESSource:  PostBeginProcessBlock 09-Feb-2026 14:36:46 CET  PostBeginProcessBlock
Validity coming from IOV sequence for record "SiStripBadFiberRcd" and label "": (382216, 382223) for time (type: runnumber) 382216; from CondDBESSource::setIntervalFor
%MSG
%MSG-i CondDBESSource:  PostBeginProcessBlock 09-Feb-2026 14:36:46 CET  PostBeginProcessBlock
Setting validity for record "SiStripBadFiberRcd" and corresponding label(s): starting at run: 382216 lumi: 0 event: 0, timestamp: 0, ending at run: 382223 lumi: 4294967295 event: 18446744073709551615, timestamp: 0, for run: 382216 lumi: 0 event: 0, timestamp: 7382394804334179328; from CondDBESSource::setIntervalFor
%MSG
%MSG-i CondDBESSource:  PostBeginProcessBlock 09-Feb-2026 14:36:46 CET  PostBeginProcessBlock
Getting data for record "SiStripBadStripRcd" to be consumed on Run: 382216 - Lumiblock:0 - Timestamp: 7382394804334179328; from CondDBESSource::setIntervalFor
%MSG
%MSG-i CondDBESSource:  PostBeginProcessBlock 09-Feb-2026 14:36:46 CET  PostBeginProcessBlock
Processing record "SiStripBadStripRcd" and label "" for run: 382216 lumi: 0 event: 0, timestamp: 7382394804334179328; from CondDBESSource::setIntervalFor
%MSG
%MSG-i CondDBESSource:  PostBeginProcessBlock 09-Feb-2026 14:36:46 CET  PostBeginProcessBlock
Validity coming from IOV sequence for record "SiStripBadStripRcd" and label "": (198544, 18446744073709551615) for time (type: runnumber) 382216; from CondDBESSource::setIntervalFor
%MSG
%MSG-i CondDBESSource:  PostBeginProcessBlock 09-Feb-2026 14:36:46 CET  PostBeginProcessBlock
Setting validity for record "SiStripBadStripRcd" and corresponding label(s): starting at run: 198544 lumi: 0 event: 0, timestamp: 0, ending at run: 4294967295 lumi: 4294967295 event: 18446744073709551615, timestamp: 0, for run: 382216 lumi: 0 event: 0, timestamp: 7382394804334179328; from CondDBESSource::setIntervalFor
%MSG
%MSG-i CondDBESSource:  PostBeginProcessBlock 09-Feb-2026 14:36:46 CET  PostBeginProcessBlock
Getting data for record "SiStripBadModuleRcd" to be consumed on Run: 382216 - Lumiblock:0 - Timestamp: 7382394804334179328; from CondDBESSource::setIntervalFor
%MSG
%MSG-i CondDBESSource:  PostBeginProcessBlock 09-Feb-2026 14:36:46 CET  PostBeginProcessBlock
Processing record "SiStripBadModuleRcd" and label "" for run: 382216 lumi: 0 event: 0, timestamp: 7382394804334179328; from CondDBESSource::setIntervalFor
%MSG
%MSG-i CondDBESSource:  PostBeginProcessBlock 09-Feb-2026 14:36:46 CET  PostBeginProcessBlock
Validity coming from IOV sequence for record "SiStripBadModuleRcd" and label "": (1, 18446744073709551615) for time (type: runnumber) 382216; from CondDBESSource::setIntervalFor
%MSG
%MSG-i CondDBESSource:  PostBeginProcessBlock 09-Feb-2026 14:36:46 CET  PostBeginProcessBlock
Setting validity for record "SiStripBadModuleRcd" and corresponding label(s): starting at run: 1 lumi: 0 event: 0, timestamp: 0, ending at run: 4294967295 lumi: 4294967295 event: 18446744073709551615, timestamp: 0, for run: 382216 lumi: 0 event: 0, timestamp: 7382394804334179328; from CondDBESSource::setIntervalFor
%MSG
%MSG-i CondDBESSource:  PostBeginProcessBlock 09-Feb-2026 14:36:46 CET  PostBeginProcessBlock
Getting data for record "SiStripFedCablingRcd" to be consumed on Run: 382216 - Lumiblock:0 - Timestamp: 7382394804334179328; from CondDBESSource::setIntervalFor
%MSG
%MSG-i CondDBESSource:  PostBeginProcessBlock 09-Feb-2026 14:36:46 CET  PostBeginProcessBlock
Processing record "SiStripFedCablingRcd" and label "" for run: 382216 lumi: 0 event: 0, timestamp: 7382394804334179328; from CondDBESSource::setIntervalFor
%MSG
%MSG-i CondDBESSource:  PostBeginProcessBlock 09-Feb-2026 14:36:47 CET  PostBeginProcessBlock
Validity coming from IOV sequence for record "SiStripFedCablingRcd" and label "": (381943, 383387) for time (type: runnumber) 382216; from CondDBESSource::setIntervalFor
%MSG
%MSG-i CondDBESSource:  PostBeginProcessBlock 09-Feb-2026 14:36:47 CET  PostBeginProcessBlock
Setting validity for record "SiStripFedCablingRcd" and corresponding label(s): starting at run: 381943 lumi: 0 event: 0, timestamp: 0, ending at run: 383387 lumi: 4294967295 event: 18446744073709551615, timestamp: 0, for run: 382216 lumi: 0 event: 0, timestamp: 7382394804334179328; from CondDBESSource::setIntervalFor
%MSG
%MSG-i CondDBESSource:  PostBeginProcessBlock 09-Feb-2026 14:36:47 CET  PostBeginProcessBlock
Getting data for record "PZdcRcd" to be consumed on Run: 382216 - Lumiblock:0 - Timestamp: 7382394804334179328; from CondDBESSource::setIntervalFor
%MSG
%MSG-i CondDBESSource:  PostBeginProcessBlock 09-Feb-2026 14:36:47 CET  PostBeginProcessBlock
Processing record "PZdcRcd" and label "" for run: 382216 lumi: 0 event: 0, timestamp: 7382394804334179328; from CondDBESSource::setIntervalFor
%MSG
%MSG-i CondDBESSource:  PostBeginProcessBlock 09-Feb-2026 14:36:47 CET  PostBeginProcessBlock
Validity coming from IOV sequence for record "PZdcRcd" and label "": (372425, 18446744073709551615) for time (type: runnumber) 382216; from CondDBESSource::setIntervalFor
%MSG
%MSG-i CondDBESSource:  PostBeginProcessBlock 09-Feb-2026 14:36:47 CET  PostBeginProcessBlock
Setting validity for record "PZdcRcd" and corresponding label(s): starting at run: 372425 lumi: 0 event: 0, timestamp: 0, ending at run: 4294967295 lumi: 4294967295 event: 18446744073709551615, timestamp: 0, for run: 382216 lumi: 0 event: 0, timestamp: 7382394804334179328; from CondDBESSource::setIntervalFor
%MSG
%MSG-i CondDBESSource:  PostBeginProcessBlock 09-Feb-2026 14:36:47 CET  PostBeginProcessBlock
Getting data for record "BeamSpotObjectsRcd" to be consumed on Run: 382216 - Lumiblock:0 - Timestamp: 7382394804334179328; from CondDBESSource::setIntervalFor
%MSG
%MSG-i CondDBESSource:  PostBeginProcessBlock 09-Feb-2026 14:36:47 CET  PostBeginProcessBlock
Processing record "BeamSpotObjectsRcd" and label "" for run: 382216 lumi: 0 event: 0, timestamp: 7382394804334179328; from CondDBESSource::setIntervalFor
%MSG
%MSG-i CondDBESSource:  PostBeginProcessBlock 09-Feb-2026 14:36:47 CET  PostBeginProcessBlock
Validity coming from IOV sequence for record "BeamSpotObjectsRcd" and label "": (1641592335106762, 1641605220007980) for time (type: lumiid) 1641605220007936; from CondDBESSource::setIntervalFor
%MSG
%MSG-i CondDBESSource:  PostBeginProcessBlock 09-Feb-2026 14:36:47 CET  PostBeginProcessBlock
Setting validity for record "BeamSpotObjectsRcd" and corresponding label(s): starting at run: 382213 lumi: 714 event: 0, timestamp: 0, ending at run: 382216 lumi: 44 event: 18446744073709551615, timestamp: 0, for run: 382216 lumi: 0 event: 0, timestamp: 7382394804334179328; from CondDBESSource::setIntervalFor
%MSG
%MSG-i CondDBESSource:  PostBeginProcessBlock 09-Feb-2026 14:36:47 CET  PostBeginProcessBlock
Getting data for record "CSCChamberIndexRcd" to be consumed on Run: 382216 - Lumiblock:0 - Timestamp: 7382394804334179328; from CondDBESSource::setIntervalFor
%MSG
%MSG-i CondDBESSource:  PostBeginProcessBlock 09-Feb-2026 14:36:47 CET  PostBeginProcessBlock
Processing record "CSCChamberIndexRcd" and label "" for run: 382216 lumi: 0 event: 0, timestamp: 7382394804334179328; from CondDBESSource::setIntervalFor
%MSG
%MSG-i CondDBESSource:  PostBeginProcessBlock 09-Feb-2026 14:36:47 CET  PostBeginProcessBlock
Validity coming from IOV sequence for record "CSCChamberIndexRcd" and label "": (1, 18446744073709551615) for time (type: runnumber) 382216; from CondDBESSource::setIntervalFor
%MSG
%MSG-i CondDBESSource:  PostBeginProcessBlock 09-Feb-2026 14:36:47 CET  PostBeginProcessBlock
Setting validity for record "CSCChamberIndexRcd" and corresponding label(s): starting at run: 1 lumi: 0 event: 0, timestamp: 0, ending at run: 4294967295 lumi: 4294967295 event: 18446744073709551615, timestamp: 0, for run: 382216 lumi: 0 event: 0, timestamp: 7382394804334179328; from CondDBESSource::setIntervalFor
%MSG
%MSG-i CondDBESSource:  PostBeginProcessBlock 09-Feb-2026 14:36:47 CET  PostBeginProcessBlock
Getting data for record "CSCRecoGeometryRcd" to be consumed on Run: 382216 - Lumiblock:0 - Timestamp: 7382394804334179328; from CondDBESSource::setIntervalFor
%MSG
%MSG-i CondDBESSource:  PostBeginProcessBlock 09-Feb-2026 14:36:47 CET  PostBeginProcessBlock
Processing record "CSCRecoGeometryRcd" and label "" for run: 382216 lumi: 0 event: 0, timestamp: 7382394804334179328; from CondDBESSource::setIntervalFor
%MSG
%MSG-i CondDBESSource:  PostBeginProcessBlock 09-Feb-2026 14:36:47 CET  PostBeginProcessBlock
Validity coming from IOV sequence for record "CSCRecoGeometryRcd" and label "": (347532, 18446744073709551615) for time (type: runnumber) 382216; from CondDBESSource::setIntervalFor
%MSG
%MSG-i CondDBESSource:  PostBeginProcessBlock 09-Feb-2026 14:36:47 CET  PostBeginProcessBlock
Setting validity for record "CSCRecoGeometryRcd" and corresponding label(s): starting at run: 347532 lumi: 0 event: 0, timestamp: 0, ending at run: 4294967295 lumi: 4294967295 event: 18446744073709551615, timestamp: 0, for run: 382216 lumi: 0 event: 0, timestamp: 7382394804334179328; from CondDBESSource::setIntervalFor
%MSG
%MSG-i CondDBESSource:  PostBeginProcessBlock 09-Feb-2026 14:36:47 CET  PostBeginProcessBlock
Getting data for record "PHcalRcd" to be consumed on Run: 382216 - Lumiblock:0 - Timestamp: 7382394804334179328; from CondDBESSource::setIntervalFor
%MSG
%MSG-i CondDBESSource:  PostBeginProcessBlock 09-Feb-2026 14:36:47 CET  PostBeginProcessBlock
Processing record "PHcalRcd" and label "" for run: 382216 lumi: 0 event: 0, timestamp: 7382394804334179328; from CondDBESSource::setIntervalFor
%MSG
%MSG-i CondDBESSource:  PostBeginProcessBlock 09-Feb-2026 14:36:47 CET  PostBeginProcessBlock
Validity coming from IOV sequence for record "PHcalRcd" and label "": (347532, 18446744073709551615) for time (type: runnumber) 382216; from CondDBESSource::setIntervalFor
%MSG
%MSG-i CondDBESSource:  PostBeginProcessBlock 09-Feb-2026 14:36:47 CET  PostBeginProcessBlock
Setting validity for record "PHcalRcd" and corresponding label(s): starting at run: 347532 lumi: 0 event: 0, timestamp: 0, ending at run: 4294967295 lumi: 4294967295 event: 18446744073709551615, timestamp: 0, for run: 382216 lumi: 0 event: 0, timestamp: 7382394804334179328; from CondDBESSource::setIntervalFor
%MSG
%MSG-i CondDBESSource:  PostBeginProcessBlock 09-Feb-2026 14:36:47 CET  PostBeginProcessBlock
Getting data for record "DTTPGParametersRcd" to be consumed on Run: 382216 - Lumiblock:0 - Timestamp: 7382394804334179328; from CondDBESSource::setIntervalFor
%MSG
%MSG-i CondDBESSource:  PostBeginProcessBlock 09-Feb-2026 14:36:47 CET  PostBeginProcessBlock
Processing record "DTTPGParametersRcd" and label "" for run: 382216 lumi: 0 event: 0, timestamp: 7382394804334179328; from CondDBESSource::setIntervalFor
%MSG
%MSG-i CondDBESSource:  PostBeginProcessBlock 09-Feb-2026 14:36:47 CET  PostBeginProcessBlock
Validity coming from IOV sequence for record "DTTPGParametersRcd" and label "": (1, 18446744073709551615) for time (type: runnumber) 382216; from CondDBESSource::setIntervalFor
%MSG
%MSG-i CondDBESSource:  PostBeginProcessBlock 09-Feb-2026 14:36:47 CET  PostBeginProcessBlock
Setting validity for record "DTTPGParametersRcd" and corresponding label(s): starting at run: 1 lumi: 0 event: 0, timestamp: 0, ending at run: 4294967295 lumi: 4294967295 event: 18446744073709551615, timestamp: 0, for run: 382216 lumi: 0 event: 0, timestamp: 7382394804334179328; from CondDBESSource::setIntervalFor
%MSG
%MSG-i CondDBESSource:  PostBeginProcessBlock 09-Feb-2026 14:36:47 CET  PostBeginProcessBlock
Getting data for record "DeDxCalibrationRcd" to be consumed on Run: 382216 - Lumiblock:0 - Timestamp: 7382394804334179328; from CondDBESSource::setIntervalFor
%MSG
%MSG-i CondDBESSource:  PostBeginProcessBlock 09-Feb-2026 14:36:47 CET  PostBeginProcessBlock
Processing record "DeDxCalibrationRcd" and label "" for run: 382216 lumi: 0 event: 0, timestamp: 7382394804334179328; from CondDBESSource::setIntervalFor
%MSG
%MSG-i CondDBESSource:  PostBeginProcessBlock 09-Feb-2026 14:36:47 CET  PostBeginProcessBlock
Validity coming from IOV sequence for record "DeDxCalibrationRcd" and label "": (1, 18446744073709551615) for time (type: runnumber) 382216; from CondDBESSource::setIntervalFor
%MSG
%MSG-i CondDBESSource:  PostBeginProcessBlock 09-Feb-2026 14:36:47 CET  PostBeginProcessBlock
Setting validity for record "DeDxCalibrationRcd" and corresponding label(s): starting at run: 1 lumi: 0 event: 0, timestamp: 0, ending at run: 4294967295 lumi: 4294967295 event: 18446744073709551615, timestamp: 0, for run: 382216 lumi: 0 event: 0, timestamp: 7382394804334179328; from CondDBESSource::setIntervalFor
%MSG
%MSG-i CondDBESSource:  PostBeginProcessBlock 09-Feb-2026 14:36:47 CET  PostBeginProcessBlock
Getting data for record "DropBoxMetadataRcd" to be consumed on Run: 382216 - Lumiblock:0 - Timestamp: 7382394804334179328; from CondDBESSource::setIntervalFor
%MSG
%MSG-i CondDBESSource:  PostBeginProcessBlock 09-Feb-2026 14:36:47 CET  PostBeginProcessBlock
Processing record "DropBoxMetadataRcd" and label "" for run: 382216 lumi: 0 event: 0, timestamp: 7382394804334179328; from CondDBESSource::setIntervalFor
%MSG
%MSG-i CondDBESSource:  PostBeginProcessBlock 09-Feb-2026 14:36:47 CET  PostBeginProcessBlock
Validity coming from IOV sequence for record "DropBoxMetadataRcd" and label "": (1, 390758) for time (type: runnumber) 382216; from CondDBESSource::setIntervalFor
%MSG
%MSG-i CondDBESSource:  PostBeginProcessBlock 09-Feb-2026 14:36:47 CET  PostBeginProcessBlock
Setting validity for record "DropBoxMetadataRcd" and corresponding label(s): starting at run: 1 lumi: 0 event: 0, timestamp: 0, ending at run: 390758 lumi: 4294967295 event: 18446744073709551615, timestamp: 0, for run: 382216 lumi: 0 event: 0, timestamp: 7382394804334179328; from CondDBESSource::setIntervalFor
%MSG
%MSG-i CondDBESSource:  PostBeginProcessBlock 09-Feb-2026 14:36:47 CET  PostBeginProcessBlock
Getting data for record "ESChannelStatusRcd" to be consumed on Run: 382216 - Lumiblock:0 - Timestamp: 7382394804334179328; from CondDBESSource::setIntervalFor
%MSG
%MSG-i CondDBESSource:  PostBeginProcessBlock 09-Feb-2026 14:36:47 CET  PostBeginProcessBlock
Processing record "ESChannelStatusRcd" and label "" for run: 382216 lumi: 0 event: 0, timestamp: 7382394804334179328; from CondDBESSource::setIntervalFor
%MSG
%MSG-i CondDBESSource:  PostBeginProcessBlock 09-Feb-2026 14:36:47 CET  PostBeginProcessBlock
Validity coming from IOV sequence for record "ESChannelStatusRcd" and label "": (381131, 382298) for time (type: runnumber) 382216; from CondDBESSource::setIntervalFor
%MSG
%MSG-i CondDBESSource:  PostBeginProcessBlock 09-Feb-2026 14:36:47 CET  PostBeginProcessBlock
Setting validity for record "ESChannelStatusRcd" and corresponding label(s): starting at run: 381131 lumi: 0 event: 0, timestamp: 0, ending at run: 382298 lumi: 4294967295 event: 18446744073709551615, timestamp: 0, for run: 382216 lumi: 0 event: 0, timestamp: 7382394804334179328; from CondDBESSource::setIntervalFor
%MSG
%MSG-i CondDBESSource:  PostBeginProcessBlock 09-Feb-2026 14:36:47 CET  PostBeginProcessBlock
Getting data for record "EcalPulseShapesRcd" to be consumed on Run: 382216 - Lumiblock:0 - Timestamp: 7382394804334179328; from CondDBESSource::setIntervalFor
%MSG
%MSG-i CondDBESSource:  PostBeginProcessBlock 09-Feb-2026 14:36:47 CET  PostBeginProcessBlock
Processing record "EcalPulseShapesRcd" and label "" for run: 382216 lumi: 0 event: 0, timestamp: 7382394804334179328; from CondDBESSource::setIntervalFor
%MSG
%MSG-i CondDBESSource:  PostBeginProcessBlock 09-Feb-2026 14:36:47 CET  PostBeginProcessBlock
Validity coming from IOV sequence for record "EcalPulseShapesRcd" and label "": (382209, 382298) for time (type: runnumber) 382216; from CondDBESSource::setIntervalFor
%MSG
%MSG-i CondDBESSource:  PostBeginProcessBlock 09-Feb-2026 14:36:47 CET  PostBeginProcessBlock
Setting validity for record "EcalPulseShapesRcd" and corresponding label(s): starting at run: 382209 lumi: 0 event: 0, timestamp: 0, ending at run: 382298 lumi: 4294967295 event: 18446744073709551615, timestamp: 0, for run: 382216 lumi: 0 event: 0, timestamp: 7382394804334179328; from CondDBESSource::setIntervalFor
%MSG
%MSG-i CondDBESSource:  PostBeginProcessBlock 09-Feb-2026 14:36:47 CET  PostBeginProcessBlock
Getting data for record "EcalTPGLutGroupRcd" to be consumed on Run: 382216 - Lumiblock:0 - Timestamp: 7382394804334179328; from CondDBESSource::setIntervalFor
%MSG
%MSG-i CondDBESSource:  PostBeginProcessBlock 09-Feb-2026 14:36:47 CET  PostBeginProcessBlock
Processing record "EcalTPGLutGroupRcd" and label "" for run: 382216 lumi: 0 event: 0, timestamp: 7382394804334179328; from CondDBESSource::setIntervalFor
%MSG
%MSG-i CondDBESSource:  PostBeginProcessBlock 09-Feb-2026 14:36:47 CET  PostBeginProcessBlock
Validity coming from IOV sequence for record "EcalTPGLutGroupRcd" and label "": (382215, 382234) for time (type: runnumber) 382216; from CondDBESSource::setIntervalFor
%MSG
%MSG-i CondDBESSource:  PostBeginProcessBlock 09-Feb-2026 14:36:47 CET  PostBeginProcessBlock
Setting validity for record "EcalTPGLutGroupRcd" and corresponding label(s): starting at run: 382215 lumi: 0 event: 0, timestamp: 0, ending at run: 382234 lumi: 4294967295 event: 18446744073709551615, timestamp: 0, for run: 382216 lumi: 0 event: 0, timestamp: 7382394804334179328; from CondDBESSource::setIntervalFor
%MSG
%MSG-i CondDBESSource:  PostBeginProcessBlock 09-Feb-2026 14:36:47 CET  PostBeginProcessBlock
Getting data for record "EcalTPGLutIdMapRcd" to be consumed on Run: 382216 - Lumiblock:0 - Timestamp: 7382394804334179328; from CondDBESSource::setIntervalFor
%MSG
%MSG-i CondDBESSource:  PostBeginProcessBlock 09-Feb-2026 14:36:47 CET  PostBeginProcessBlock
Processing record "EcalTPGLutIdMapRcd" and label "" for run: 382216 lumi: 0 event: 0, timestamp: 7382394804334179328; from CondDBESSource::setIntervalFor
%MSG
%MSG-i CondDBESSource:  PostBeginProcessBlock 09-Feb-2026 14:36:47 CET  PostBeginProcessBlock
Validity coming from IOV sequence for record "EcalTPGLutIdMapRcd" and label "": (382215, 382234) for time (type: runnumber) 382216; from CondDBESSource::setIntervalFor
%MSG
%MSG-i CondDBESSource:  PostBeginProcessBlock 09-Feb-2026 14:36:47 CET  PostBeginProcessBlock
Setting validity for record "EcalTPGLutIdMapRcd" and corresponding label(s): starting at run: 382215 lumi: 0 event: 0, timestamp: 0, ending at run: 382234 lumi: 4294967295 event: 18446744073709551615, timestamp: 0, for run: 382216 lumi: 0 event: 0, timestamp: 7382394804334179328; from CondDBESSource::setIntervalFor
%MSG
%MSG-i CondDBESSource:  PostBeginProcessBlock 09-Feb-2026 14:36:47 CET  PostBeginProcessBlock
Getting data for record "GEMMaskedStripsRcd" to be consumed on Run: 382216 - Lumiblock:0 - Timestamp: 7382394804334179328; from CondDBESSource::setIntervalFor
%MSG
%MSG-i CondDBESSource:  PostBeginProcessBlock 09-Feb-2026 14:36:47 CET  PostBeginProcessBlock
Processing record "GEMMaskedStripsRcd" and label "" for run: 382216 lumi: 0 event: 0, timestamp: 7382394804334179328; from CondDBESSource::setIntervalFor
%MSG
%MSG-i CondDBESSource:  PostBeginProcessBlock 09-Feb-2026 14:36:47 CET  PostBeginProcessBlock
Validity coming from IOV sequence for record "GEMMaskedStripsRcd" and label "": (1, 18446744073709551615) for time (type: runnumber) 382216; from CondDBESSource::setIntervalFor
%MSG
%MSG-i CondDBESSource:  PostBeginProcessBlock 09-Feb-2026 14:36:47 CET  PostBeginProcessBlock
Setting validity for record "GEMMaskedStripsRcd" and corresponding label(s): starting at run: 1 lumi: 0 event: 0, timestamp: 0, ending at run: 4294967295 lumi: 4294967295 event: 18446744073709551615, timestamp: 0, for run: 382216 lumi: 0 event: 0, timestamp: 7382394804334179328; from CondDBESSource::setIntervalFor
%MSG
%MSG-i CondDBESSource:  PostBeginProcessBlock 09-Feb-2026 14:36:47 CET  PostBeginProcessBlock
Getting data for record "GEMRecoGeometryRcd" to be consumed on Run: 382216 - Lumiblock:0 - Timestamp: 7382394804334179328; from CondDBESSource::setIntervalFor
%MSG
%MSG-i CondDBESSource:  PostBeginProcessBlock 09-Feb-2026 14:36:47 CET  PostBeginProcessBlock
Processing record "GEMRecoGeometryRcd" and label "" for run: 382216 lumi: 0 event: 0, timestamp: 7382394804334179328; from CondDBESSource::setIntervalFor
%MSG
%MSG-i CondDBESSource:  PostBeginProcessBlock 09-Feb-2026 14:36:47 CET  PostBeginProcessBlock
Validity coming from IOV sequence for record "GEMRecoGeometryRcd" and label "": (379621, 391848) for time (type: runnumber) 382216; from CondDBESSource::setIntervalFor
%MSG
%MSG-i CondDBESSource:  PostBeginProcessBlock 09-Feb-2026 14:36:47 CET  PostBeginProcessBlock
Setting validity for record "GEMRecoGeometryRcd" and corresponding label(s): starting at run: 379621 lumi: 0 event: 0, timestamp: 0, ending at run: 391848 lumi: 4294967295 event: 18446744073709551615, timestamp: 0, for run: 382216 lumi: 0 event: 0, timestamp: 7382394804334179328; from CondDBESSource::setIntervalFor
%MSG
%MSG-i CondDBESSource:  PostBeginProcessBlock 09-Feb-2026 14:36:47 CET  PostBeginProcessBlock
Getting data for record "L1CaloEcalScaleRcd" to be consumed on Run: 382216 - Lumiblock:0 - Timestamp: 7382394804334179328; from CondDBESSource::setIntervalFor
%MSG
%MSG-i CondDBESSource:  PostBeginProcessBlock 09-Feb-2026 14:36:47 CET  PostBeginProcessBlock
Processing record "L1CaloEcalScaleRcd" and label "" for run: 382216 lumi: 0 event: 0, timestamp: 7382394804334179328; from CondDBESSource::setIntervalFor
%MSG
%MSG-i CondDBESSource:  PostBeginProcessBlock 09-Feb-2026 14:36:47 CET  PostBeginProcessBlock
Validity coming from IOV sequence for record "L1CaloEcalScaleRcd" and label "": (232320, 18446744073709551615) for time (type: runnumber) 382216; from CondDBESSource::setIntervalFor
%MSG
%MSG-i CondDBESSource:  PostBeginProcessBlock 09-Feb-2026 14:36:47 CET  PostBeginProcessBlock
Setting validity for record "L1CaloEcalScaleRcd" and corresponding label(s): starting at run: 232320 lumi: 0 event: 0, timestamp: 0, ending at run: 4294967295 lumi: 4294967295 event: 18446744073709551615, timestamp: 0, for run: 382216 lumi: 0 event: 0, timestamp: 7382394804334179328; from CondDBESSource::setIntervalFor
%MSG
%MSG-i CondDBESSource:  PostBeginProcessBlock 09-Feb-2026 14:36:47 CET  PostBeginProcessBlock
Getting data for record "L1CaloHcalScaleRcd" to be consumed on Run: 382216 - Lumiblock:0 - Timestamp: 7382394804334179328; from CondDBESSource::setIntervalFor
%MSG
%MSG-i CondDBESSource:  PostBeginProcessBlock 09-Feb-2026 14:36:47 CET  PostBeginProcessBlock
Processing record "L1CaloHcalScaleRcd" and label "" for run: 382216 lumi: 0 event: 0, timestamp: 7382394804334179328; from CondDBESSource::setIntervalFor
%MSG
%MSG-i CondDBESSource:  PostBeginProcessBlock 09-Feb-2026 14:36:47 CET  PostBeginProcessBlock
Validity coming from IOV sequence for record "L1CaloHcalScaleRcd" and label "": (238480, 18446744073709551615) for time (type: runnumber) 382216; from CondDBESSource::setIntervalFor
%MSG
%MSG-i CondDBESSource:  PostBeginProcessBlock 09-Feb-2026 14:36:47 CET  PostBeginProcessBlock
Setting validity for record "L1CaloHcalScaleRcd" and corresponding label(s): starting at run: 238480 lumi: 0 event: 0, timestamp: 0, ending at run: 4294967295 lumi: 4294967295 event: 18446744073709551615, timestamp: 0, for run: 382216 lumi: 0 event: 0, timestamp: 7382394804334179328; from CondDBESSource::setIntervalFor
%MSG
%MSG-i CondDBESSource:  PostBeginProcessBlock 09-Feb-2026 14:36:47 CET  PostBeginProcessBlock
Getting data for record "L1GtTriggerMenuRcd" to be consumed on Run: 382216 - Lumiblock:0 - Timestamp: 7382394804334179328; from CondDBESSource::setIntervalFor
%MSG
%MSG-i CondDBESSource:  PostBeginProcessBlock 09-Feb-2026 14:36:47 CET  PostBeginProcessBlock
Processing record "L1GtTriggerMenuRcd" and label "" for run: 382216 lumi: 0 event: 0, timestamp: 7382394804334179328; from CondDBESSource::setIntervalFor
%MSG
%MSG-i CondDBESSource:  PostBeginProcessBlock 09-Feb-2026 14:36:47 CET  PostBeginProcessBlock
Validity coming from IOV sequence for record "L1GtTriggerMenuRcd" and label "": (264291, 18446744073709551615) for time (type: runnumber) 382216; from CondDBESSource::setIntervalFor
%MSG
%MSG-i CondDBESSource:  PostBeginProcessBlock 09-Feb-2026 14:36:47 CET  PostBeginProcessBlock
Setting validity for record "L1GtTriggerMenuRcd" and corresponding label(s): starting at run: 264291 lumi: 0 event: 0, timestamp: 0, ending at run: 4294967295 lumi: 4294967295 event: 18446744073709551615, timestamp: 0, for run: 382216 lumi: 0 event: 0, timestamp: 7382394804334179328; from CondDBESSource::setIntervalFor
%MSG
%MSG-i CondDBESSource:  PostBeginProcessBlock 09-Feb-2026 14:36:47 CET  PostBeginProcessBlock
Getting data for record "L1GtStableParametersRcd" to be consumed on Run: 382216 - Lumiblock:0 - Timestamp: 7382394804334179328; from CondDBESSource::setIntervalFor
%MSG
%MSG-i CondDBESSource:  PostBeginProcessBlock 09-Feb-2026 14:36:47 CET  PostBeginProcessBlock
Processing record "L1GtStableParametersRcd" and label "" for run: 382216 lumi: 0 event: 0, timestamp: 7382394804334179328; from CondDBESSource::setIntervalFor
%MSG
%MSG-i CondDBESSource:  PostBeginProcessBlock 09-Feb-2026 14:36:47 CET  PostBeginProcessBlock
Validity coming from IOV sequence for record "L1GtStableParametersRcd" and label "": (65674, 18446744073709551615) for time (type: runnumber) 382216; from CondDBESSource::setIntervalFor
%MSG
%MSG-i CondDBESSource:  PostBeginProcessBlock 09-Feb-2026 14:36:47 CET  PostBeginProcessBlock
Setting validity for record "L1GtStableParametersRcd" and corresponding label(s): starting at run: 65674 lumi: 0 event: 0, timestamp: 0, ending at run: 4294967295 lumi: 4294967295 event: 18446744073709551615, timestamp: 0, for run: 382216 lumi: 0 event: 0, timestamp: 7382394804334179328; from CondDBESSource::setIntervalFor
%MSG
%MSG-i CondDBESSource:  PostBeginProcessBlock 09-Feb-2026 14:36:47 CET  PostBeginProcessBlock
Getting data for record "L1HfRingEtScaleRcd" to be consumed on Run: 382216 - Lumiblock:0 - Timestamp: 7382394804334179328; from CondDBESSource::setIntervalFor
%MSG
%MSG-i CondDBESSource:  PostBeginProcessBlock 09-Feb-2026 14:36:47 CET  PostBeginProcessBlock
Processing record "L1HfRingEtScaleRcd" and label "" for run: 382216 lumi: 0 event: 0, timestamp: 7382394804334179328; from CondDBESSource::setIntervalFor
%MSG
%MSG-i CondDBESSource:  PostBeginProcessBlock 09-Feb-2026 14:36:47 CET  PostBeginProcessBlock
Validity coming from IOV sequence for record "L1HfRingEtScaleRcd" and label "": (251622, 18446744073709551615) for time (type: runnumber) 382216; from CondDBESSource::setIntervalFor
%MSG
%MSG-i CondDBESSource:  PostBeginProcessBlock 09-Feb-2026 14:36:47 CET  PostBeginProcessBlock
Setting validity for record "L1HfRingEtScaleRcd" and corresponding label(s): starting at run: 251622 lumi: 0 event: 0, timestamp: 0, ending at run: 4294967295 lumi: 4294967295 event: 18446744073709551615, timestamp: 0, for run: 382216 lumi: 0 event: 0, timestamp: 7382394804334179328; from CondDBESSource::setIntervalFor
%MSG
%MSG-i CondDBESSource:  PostBeginProcessBlock 09-Feb-2026 14:36:47 CET  PostBeginProcessBlock
Getting data for record "L1RCTParametersRcd" to be consumed on Run: 382216 - Lumiblock:0 - Timestamp: 7382394804334179328; from CondDBESSource::setIntervalFor
%MSG
%MSG-i CondDBESSource:  PostBeginProcessBlock 09-Feb-2026 14:36:47 CET  PostBeginProcessBlock
Processing record "L1RCTParametersRcd" and label "" for run: 382216 lumi: 0 event: 0, timestamp: 7382394804334179328; from CondDBESSource::setIntervalFor
%MSG
%MSG-i CondDBESSource:  PostBeginProcessBlock 09-Feb-2026 14:36:47 CET  PostBeginProcessBlock
Validity coming from IOV sequence for record "L1RCTParametersRcd" and label "": (264291, 18446744073709551615) for time (type: runnumber) 382216; from CondDBESSource::setIntervalFor
%MSG
%MSG-i CondDBESSource:  PostBeginProcessBlock 09-Feb-2026 14:36:47 CET  PostBeginProcessBlock
Setting validity for record "L1RCTParametersRcd" and corresponding label(s): starting at run: 264291 lumi: 0 event: 0, timestamp: 0, ending at run: 4294967295 lumi: 4294967295 event: 18446744073709551615, timestamp: 0, for run: 382216 lumi: 0 event: 0, timestamp: 7382394804334179328; from CondDBESSource::setIntervalFor
%MSG
%MSG-i CondDBESSource:  PostBeginProcessBlock 09-Feb-2026 14:36:47 CET  PostBeginProcessBlock
Getting data for record "L1RPCBxOrConfigRcd" to be consumed on Run: 382216 - Lumiblock:0 - Timestamp: 7382394804334179328; from CondDBESSource::setIntervalFor
%MSG
%MSG-i CondDBESSource:  PostBeginProcessBlock 09-Feb-2026 14:36:47 CET  PostBeginProcessBlock
Processing record "L1RPCBxOrConfigRcd" and label "" for run: 382216 lumi: 0 event: 0, timestamp: 7382394804334179328; from CondDBESSource::setIntervalFor
%MSG
%MSG-i CondDBESSource:  PostBeginProcessBlock 09-Feb-2026 14:36:47 CET  PostBeginProcessBlock
Validity coming from IOV sequence for record "L1RPCBxOrConfigRcd" and label "": (252813, 18446744073709551615) for time (type: runnumber) 382216; from CondDBESSource::setIntervalFor
%MSG
%MSG-i CondDBESSource:  PostBeginProcessBlock 09-Feb-2026 14:36:47 CET  PostBeginProcessBlock
Setting validity for record "L1RPCBxOrConfigRcd" and corresponding label(s): starting at run: 252813 lumi: 0 event: 0, timestamp: 0, ending at run: 4294967295 lumi: 4294967295 event: 18446744073709551615, timestamp: 0, for run: 382216 lumi: 0 event: 0, timestamp: 7382394804334179328; from CondDBESSource::setIntervalFor
%MSG
%MSG-i CondDBESSource:  PostBeginProcessBlock 09-Feb-2026 14:36:47 CET  PostBeginProcessBlock
Getting data for record "LumiCorrectionsRcd" to be consumed on Run: 382216 - Lumiblock:0 - Timestamp: 7382394804334179328; from CondDBESSource::setIntervalFor
%MSG
%MSG-i CondDBESSource:  PostBeginProcessBlock 09-Feb-2026 14:36:47 CET  PostBeginProcessBlock
Processing record "LumiCorrectionsRcd" and label "" for run: 382216 lumi: 0 event: 0, timestamp: 7382394804334179328; from CondDBESSource::setIntervalFor
%MSG
%MSG-i CondDBESSource:  PostBeginProcessBlock 09-Feb-2026 14:36:47 CET  PostBeginProcessBlock
Validity coming from IOV sequence for record "LumiCorrectionsRcd" and label "": (1641592335106719, 1641605220007936) for time (type: lumiid) 1641605220007936; from CondDBESSource::setIntervalFor
%MSG
%MSG-i CondDBESSource:  PostBeginProcessBlock 09-Feb-2026 14:36:47 CET  PostBeginProcessBlock
Setting validity for record "LumiCorrectionsRcd" and corresponding label(s): starting at run: 382213 lumi: 671 event: 0, timestamp: 0, ending at run: 382216 lumi: 0 event: 18446744073709551615, timestamp: 0, for run: 382216 lumi: 0 event: 0, timestamp: 7382394804334179328; from CondDBESSource::setIntervalFor
%MSG
%MSG-i CondDBESSource:  PostBeginProcessBlock 09-Feb-2026 14:36:47 CET  PostBeginProcessBlock
Getting data for record "RPCRecoGeometryRcd" to be consumed on Run: 382216 - Lumiblock:0 - Timestamp: 7382394804334179328; from CondDBESSource::setIntervalFor
%MSG
%MSG-i CondDBESSource:  PostBeginProcessBlock 09-Feb-2026 14:36:47 CET  PostBeginProcessBlock
Processing record "RPCRecoGeometryRcd" and label "" for run: 382216 lumi: 0 event: 0, timestamp: 7382394804334179328; from CondDBESSource::setIntervalFor
%MSG
%MSG-i CondDBESSource:  PostBeginProcessBlock 09-Feb-2026 14:36:47 CET  PostBeginProcessBlock
Validity coming from IOV sequence for record "RPCRecoGeometryRcd" and label "": (369374, 18446744073709551615) for time (type: runnumber) 382216; from CondDBESSource::setIntervalFor
%MSG
%MSG-i CondDBESSource:  PostBeginProcessBlock 09-Feb-2026 14:36:47 CET  PostBeginProcessBlock
Setting validity for record "RPCRecoGeometryRcd" and corresponding label(s): starting at run: 369374 lumi: 0 event: 0, timestamp: 0, ending at run: 4294967295 lumi: 4294967295 event: 18446744073709551615, timestamp: 0, for run: 382216 lumi: 0 event: 0, timestamp: 7382394804334179328; from CondDBESSource::setIntervalFor
%MSG
%MSG-i CondDBESSource:  PostBeginProcessBlock 09-Feb-2026 14:36:47 CET  PostBeginProcessBlock
Getting data for record "CSCRecoDigiParametersRcd" to be consumed on Run: 382216 - Lumiblock:0 - Timestamp: 7382394804334179328; from CondDBESSource::setIntervalFor
%MSG
%MSG-i CondDBESSource:  PostBeginProcessBlock 09-Feb-2026 14:36:47 CET  PostBeginProcessBlock
Processing record "CSCRecoDigiParametersRcd" and label "" for run: 382216 lumi: 0 event: 0, timestamp: 7382394804334179328; from CondDBESSource::setIntervalFor
%MSG
%MSG-i CondDBESSource:  PostBeginProcessBlock 09-Feb-2026 14:36:47 CET  PostBeginProcessBlock
Validity coming from IOV sequence for record "CSCRecoDigiParametersRcd" and label "": (347532, 18446744073709551615) for time (type: runnumber) 382216; from CondDBESSource::setIntervalFor
%MSG
%MSG-i CondDBESSource:  PostBeginProcessBlock 09-Feb-2026 14:36:47 CET  PostBeginProcessBlock
Setting validity for record "CSCRecoDigiParametersRcd" and corresponding label(s): starting at run: 347532 lumi: 0 event: 0, timestamp: 0, ending at run: 4294967295 lumi: 4294967295 event: 18446744073709551615, timestamp: 0, for run: 382216 lumi: 0 event: 0, timestamp: 7382394804334179328; from CondDBESSource::setIntervalFor
%MSG
%MSG-i CondDBESSource:  PostBeginProcessBlock 09-Feb-2026 14:36:47 CET  PostBeginProcessBlock
Getting data for record "DTAlignmentErrorExtendedRcd" to be consumed on Run: 382216 - Lumiblock:0 - Timestamp: 7382394804334179328; from CondDBESSource::setIntervalFor
%MSG
%MSG-i CondDBESSource:  PostBeginProcessBlock 09-Feb-2026 14:36:47 CET  PostBeginProcessBlock
Processing record "DTAlignmentErrorExtendedRcd" and label "" for run: 382216 lumi: 0 event: 0, timestamp: 7382394804334179328; from CondDBESSource::setIntervalFor
%MSG
%MSG-i CondDBESSource:  PostBeginProcessBlock 09-Feb-2026 14:36:47 CET  PostBeginProcessBlock
Validity coming from IOV sequence for record "DTAlignmentErrorExtendedRcd" and label "": (355222, 18446744073709551615) for time (type: runnumber) 382216; from CondDBESSource::setIntervalFor
%MSG
%MSG-i CondDBESSource:  PostBeginProcessBlock 09-Feb-2026 14:36:47 CET  PostBeginProcessBlock
Setting validity for record "DTAlignmentErrorExtendedRcd" and corresponding label(s): starting at run: 355222 lumi: 0 event: 0, timestamp: 0, ending at run: 4294967295 lumi: 4294967295 event: 18446744073709551615, timestamp: 0, for run: 382216 lumi: 0 event: 0, timestamp: 7382394804334179328; from CondDBESSource::setIntervalFor
%MSG
%MSG-i CondDBESSource:  PostBeginProcessBlock 09-Feb-2026 14:36:47 CET  PostBeginProcessBlock
Getting data for record "CSCAlignmentErrorExtendedRcd" to be consumed on Run: 382216 - Lumiblock:0 - Timestamp: 7382394804334179328; from CondDBESSource::setIntervalFor
%MSG
%MSG-i CondDBESSource:  PostBeginProcessBlock 09-Feb-2026 14:36:47 CET  PostBeginProcessBlock
Processing record "CSCAlignmentErrorExtendedRcd" and label "" for run: 382216 lumi: 0 event: 0, timestamp: 7382394804334179328; from CondDBESSource::setIntervalFor
%MSG
%MSG-i CondDBESSource:  PostBeginProcessBlock 09-Feb-2026 14:36:47 CET  PostBeginProcessBlock
Validity coming from IOV sequence for record "CSCAlignmentErrorExtendedRcd" and label "": (355222, 18446744073709551615) for time (type: runnumber) 382216; from CondDBESSource::setIntervalFor
%MSG
%MSG-i CondDBESSource:  PostBeginProcessBlock 09-Feb-2026 14:36:47 CET  PostBeginProcessBlock
Setting validity for record "CSCAlignmentErrorExtendedRcd" and corresponding label(s): starting at run: 355222 lumi: 0 event: 0, timestamp: 0, ending at run: 4294967295 lumi: 4294967295 event: 18446744073709551615, timestamp: 0, for run: 382216 lumi: 0 event: 0, timestamp: 7382394804334179328; from CondDBESSource::setIntervalFor
%MSG
%MSG-i CondDBESSource:  PostBeginProcessBlock 09-Feb-2026 14:36:47 CET  PostBeginProcessBlock
Getting data for record "GEMAlignmentErrorExtendedRcd" to be consumed on Run: 382216 - Lumiblock:0 - Timestamp: 7382394804334179328; from CondDBESSource::setIntervalFor
%MSG
%MSG-i CondDBESSource:  PostBeginProcessBlock 09-Feb-2026 14:36:47 CET  PostBeginProcessBlock
Processing record "GEMAlignmentErrorExtendedRcd" and label "" for run: 382216 lumi: 0 event: 0, timestamp: 7382394804334179328; from CondDBESSource::setIntervalFor
%MSG
%MSG-i CondDBESSource:  PostBeginProcessBlock 09-Feb-2026 14:36:47 CET  PostBeginProcessBlock
Validity coming from IOV sequence for record "GEMAlignmentErrorExtendedRcd" and label "": (379621, 391847) for time (type: runnumber) 382216; from CondDBESSource::setIntervalFor
%MSG
%MSG-i CondDBESSource:  PostBeginProcessBlock 09-Feb-2026 14:36:47 CET  PostBeginProcessBlock
Setting validity for record "GEMAlignmentErrorExtendedRcd" and corresponding label(s): starting at run: 379621 lumi: 0 event: 0, timestamp: 0, ending at run: 391847 lumi: 4294967295 event: 18446744073709551615, timestamp: 0, for run: 382216 lumi: 0 event: 0, timestamp: 7382394804334179328; from CondDBESSource::setIntervalFor
%MSG
%MSG-i CondDBESSource:  PostBeginProcessBlock 09-Feb-2026 14:36:47 CET  PostBeginProcessBlock
Getting data for record "CSCDBNoiseMatrixRcd" to be consumed on Run: 382216 - Lumiblock:0 - Timestamp: 7382394804334179328; from CondDBESSource::setIntervalFor
%MSG
%MSG-i CondDBESSource:  PostBeginProcessBlock 09-Feb-2026 14:36:47 CET  PostBeginProcessBlock
Processing record "CSCDBNoiseMatrixRcd" and label "" for run: 382216 lumi: 0 event: 0, timestamp: 7382394804334179328; from CondDBESSource::setIntervalFor
%MSG
%MSG-i CondDBESSource:  PostBeginProcessBlock 09-Feb-2026 14:36:47 CET  PostBeginProcessBlock
Validity coming from IOV sequence for record "CSCDBNoiseMatrixRcd" and label "": (266575, 18446744073709551615) for time (type: runnumber) 382216; from CondDBESSource::setIntervalFor
%MSG
%MSG-i CondDBESSource:  PostBeginProcessBlock 09-Feb-2026 14:36:47 CET  PostBeginProcessBlock
Setting validity for record "CSCDBNoiseMatrixRcd" and corresponding label(s): starting at run: 266575 lumi: 0 event: 0, timestamp: 0, ending at run: 4294967295 lumi: 4294967295 event: 18446744073709551615, timestamp: 0, for run: 382216 lumi: 0 event: 0, timestamp: 7382394804334179328; from CondDBESSource::setIntervalFor
%MSG
%MSG-i CondDBESSource:  PostBeginProcessBlock 09-Feb-2026 14:36:47 CET  PostBeginProcessBlock
Getting data for record "DTReadOutMappingRcd" to be consumed on Run: 382216 - Lumiblock:0 - Timestamp: 7382394804334179328; from CondDBESSource::setIntervalFor
%MSG
%MSG-i CondDBESSource:  PostBeginProcessBlock 09-Feb-2026 14:36:47 CET  PostBeginProcessBlock
Processing record "DTReadOutMappingRcd" and label "" for run: 382216 lumi: 0 event: 0, timestamp: 7382394804334179328; from CondDBESSource::setIntervalFor
%MSG
%MSG-i CondDBESSource:  PostBeginProcessBlock 09-Feb-2026 14:36:47 CET  PostBeginProcessBlock
Validity coming from IOV sequence for record "DTReadOutMappingRcd" and label "": (222438, 18446744073709551615) for time (type: runnumber) 382216; from CondDBESSource::setIntervalFor
%MSG
%MSG-i CondDBESSource:  PostBeginProcessBlock 09-Feb-2026 14:36:47 CET  PostBeginProcessBlock
Setting validity for record "DTReadOutMappingRcd" and corresponding label(s): starting at run: 222438 lumi: 0 event: 0, timestamp: 0, ending at run: 4294967295 lumi: 4294967295 event: 18446744073709551615, timestamp: 0, for run: 382216 lumi: 0 event: 0, timestamp: 7382394804334179328; from CondDBESSource::setIntervalFor
%MSG
%MSG-i CondDBESSource:  PostBeginProcessBlock 09-Feb-2026 14:36:47 CET  PostBeginProcessBlock
Getting data for record "EcalTPGPedestalsRcd" to be consumed on Run: 382216 - Lumiblock:0 - Timestamp: 7382394804334179328; from CondDBESSource::setIntervalFor
%MSG
%MSG-i CondDBESSource:  PostBeginProcessBlock 09-Feb-2026 14:36:47 CET  PostBeginProcessBlock
Processing record "EcalTPGPedestalsRcd" and label "" for run: 382216 lumi: 0 event: 0, timestamp: 7382394804334179328; from CondDBESSource::setIntervalFor
%MSG
%MSG-i CondDBESSource:  PostBeginProcessBlock 09-Feb-2026 14:36:47 CET  PostBeginProcessBlock
Validity coming from IOV sequence for record "EcalTPGPedestalsRcd" and label "": (382215, 382234) for time (type: runnumber) 382216; from CondDBESSource::setIntervalFor
%MSG
%MSG-i CondDBESSource:  PostBeginProcessBlock 09-Feb-2026 14:36:47 CET  PostBeginProcessBlock
Setting validity for record "EcalTPGPedestalsRcd" and corresponding label(s): starting at run: 382215 lumi: 0 event: 0, timestamp: 0, ending at run: 382234 lumi: 4294967295 event: 18446744073709551615, timestamp: 0, for run: 382216 lumi: 0 event: 0, timestamp: 7382394804334179328; from CondDBESSource::setIntervalFor
%MSG
%MSG-i CondDBESSource:  PostBeginProcessBlock 09-Feb-2026 14:36:47 CET  PostBeginProcessBlock
Getting data for record "L1GctChannelMaskRcd" to be consumed on Run: 382216 - Lumiblock:0 - Timestamp: 7382394804334179328; from CondDBESSource::setIntervalFor
%MSG
%MSG-i CondDBESSource:  PostBeginProcessBlock 09-Feb-2026 14:36:47 CET  PostBeginProcessBlock
Processing record "L1GctChannelMaskRcd" and label "" for run: 382216 lumi: 0 event: 0, timestamp: 7382394804334179328; from CondDBESSource::setIntervalFor
%MSG
%MSG-i CondDBESSource:  PostBeginProcessBlock 09-Feb-2026 14:36:47 CET  PostBeginProcessBlock
Validity coming from IOV sequence for record "L1GctChannelMaskRcd" and label "": (163261, 18446744073709551615) for time (type: runnumber) 382216; from CondDBESSource::setIntervalFor
%MSG
%MSG-i CondDBESSource:  PostBeginProcessBlock 09-Feb-2026 14:36:47 CET  PostBeginProcessBlock
Setting validity for record "L1GctChannelMaskRcd" and corresponding label(s): starting at run: 163261 lumi: 0 event: 0, timestamp: 0, ending at run: 4294967295 lumi: 4294967295 event: 18446744073709551615, timestamp: 0, for run: 382216 lumi: 0 event: 0, timestamp: 7382394804334179328; from CondDBESSource::setIntervalFor
%MSG
%MSG-i CondDBESSource:  PostBeginProcessBlock 09-Feb-2026 14:36:47 CET  PostBeginProcessBlock
Getting data for record "L1RCTChannelMaskRcd" to be consumed on Run: 382216 - Lumiblock:0 - Timestamp: 7382394804334179328; from CondDBESSource::setIntervalFor
%MSG
%MSG-i CondDBESSource:  PostBeginProcessBlock 09-Feb-2026 14:36:47 CET  PostBeginProcessBlock
Processing record "L1RCTChannelMaskRcd" and label "" for run: 382216 lumi: 0 event: 0, timestamp: 7382394804334179328; from CondDBESSource::setIntervalFor
%MSG
%MSG-i CondDBESSource:  PostBeginProcessBlock 09-Feb-2026 14:36:47 CET  PostBeginProcessBlock
Validity coming from IOV sequence for record "L1RCTChannelMaskRcd" and label "": (262466, 18446744073709551615) for time (type: runnumber) 382216; from CondDBESSource::setIntervalFor
%MSG
%MSG-i CondDBESSource:  PostBeginProcessBlock 09-Feb-2026 14:36:47 CET  PostBeginProcessBlock
Setting validity for record "L1RCTChannelMaskRcd" and corresponding label(s): starting at run: 262466 lumi: 0 event: 0, timestamp: 0, ending at run: 4294967295 lumi: 4294967295 event: 18446744073709551615, timestamp: 0, for run: 382216 lumi: 0 event: 0, timestamp: 7382394804334179328; from CondDBESSource::setIntervalFor
%MSG
%MSG-i CondDBESSource:  PostBeginProcessBlock 09-Feb-2026 14:36:47 CET  PostBeginProcessBlock
Getting data for record "L1TCaloParamsO2ORcd" to be consumed on Run: 382216 - Lumiblock:0 - Timestamp: 7382394804334179328; from CondDBESSource::setIntervalFor
%MSG
%MSG-i CondDBESSource:  PostBeginProcessBlock 09-Feb-2026 14:36:47 CET  PostBeginProcessBlock
Processing record "L1TCaloParamsO2ORcd" and label "" for run: 382216 lumi: 0 event: 0, timestamp: 7382394804334179328; from CondDBESSource::setIntervalFor
%MSG
%MSG-i CondDBESSource:  PostBeginProcessBlock 09-Feb-2026 14:36:47 CET  PostBeginProcessBlock
Validity coming from IOV sequence for record "L1TCaloParamsO2ORcd" and label "": (1, 18446744073709551615) for time (type: runnumber) 382216; from CondDBESSource::setIntervalFor
%MSG
%MSG-i CondDBESSource:  PostBeginProcessBlock 09-Feb-2026 14:36:47 CET  PostBeginProcessBlock
Setting validity for record "L1TCaloParamsO2ORcd" and corresponding label(s): starting at run: 1 lumi: 0 event: 0, timestamp: 0, ending at run: 4294967295 lumi: 4294967295 event: 18446744073709551615, timestamp: 0, for run: 382216 lumi: 0 event: 0, timestamp: 7382394804334179328; from CondDBESSource::setIntervalFor
%MSG
%MSG-i CondDBESSource:  PostBeginProcessBlock 09-Feb-2026 14:36:47 CET  PostBeginProcessBlock
Getting data for record "SiStripPedestalsRcd" to be consumed on Run: 382216 - Lumiblock:0 - Timestamp: 7382394804334179328; from CondDBESSource::setIntervalFor
%MSG
%MSG-i CondDBESSource:  PostBeginProcessBlock 09-Feb-2026 14:36:47 CET  PostBeginProcessBlock
Processing record "SiStripPedestalsRcd" and label "" for run: 382216 lumi: 0 event: 0, timestamp: 7382394804334179328; from CondDBESSource::setIntervalFor
%MSG
%MSG-i CondDBESSource:  PostBeginProcessBlock 09-Feb-2026 14:36:47 CET  PostBeginProcessBlock
Validity coming from IOV sequence for record "SiStripPedestalsRcd" and label "": (381943, 383387) for time (type: runnumber) 382216; from CondDBESSource::setIntervalFor
%MSG
%MSG-i CondDBESSource:  PostBeginProcessBlock 09-Feb-2026 14:36:47 CET  PostBeginProcessBlock
Setting validity for record "SiStripPedestalsRcd" and corresponding label(s): starting at run: 381943 lumi: 0 event: 0, timestamp: 0, ending at run: 383387 lumi: 4294967295 event: 18446744073709551615, timestamp: 0, for run: 382216 lumi: 0 event: 0, timestamp: 7382394804334179328; from CondDBESSource::setIntervalFor
%MSG
%MSG-i CondDBESSource:  PostBeginProcessBlock 09-Feb-2026 14:36:47 CET  PostBeginProcessBlock
Getting data for record "SiStripThresholdRcd" to be consumed on Run: 382216 - Lumiblock:0 - Timestamp: 7382394804334179328; from CondDBESSource::setIntervalFor
%MSG
%MSG-i CondDBESSource:  PostBeginProcessBlock 09-Feb-2026 14:36:47 CET  PostBeginProcessBlock
Processing record "SiStripThresholdRcd" and label "" for run: 382216 lumi: 0 event: 0, timestamp: 7382394804334179328; from CondDBESSource::setIntervalFor
%MSG
%MSG-i CondDBESSource:  PostBeginProcessBlock 09-Feb-2026 14:36:47 CET  PostBeginProcessBlock
Validity coming from IOV sequence for record "SiStripThresholdRcd" and label "": (381943, 383387) for time (type: runnumber) 382216; from CondDBESSource::setIntervalFor
%MSG
%MSG-i CondDBESSource:  PostBeginProcessBlock 09-Feb-2026 14:36:47 CET  PostBeginProcessBlock
Setting validity for record "SiStripThresholdRcd" and corresponding label(s): starting at run: 381943 lumi: 0 event: 0, timestamp: 0, ending at run: 383387 lumi: 4294967295 event: 18446744073709551615, timestamp: 0, for run: 382216 lumi: 0 event: 0, timestamp: 7382394804334179328; from CondDBESSource::setIntervalFor
%MSG
%MSG-i CondDBESSource:  PostBeginProcessBlock 09-Feb-2026 14:36:47 CET  PostBeginProcessBlock
Getting data for record "DTKeyedConfigListRcd" to be consumed on Run: 382216 - Lumiblock:0 - Timestamp: 7382394804334179328; from CondDBESSource::setIntervalFor
%MSG
%MSG-i CondDBESSource:  PostBeginProcessBlock 09-Feb-2026 14:36:47 CET  PostBeginProcessBlock
Processing record "DTKeyedConfigListRcd" and label "" for run: 382216 lumi: 0 event: 0, timestamp: 7382394804334179328; from CondDBESSource::setIntervalFor
%MSG
%MSG-i CondDBESSource:  PostBeginProcessBlock 09-Feb-2026 14:36:47 CET  PostBeginProcessBlock
Validity coming from IOV sequence for record "DTKeyedConfigListRcd" and label "": (1, 18446744073709551615) for time (type: runnumber) 382216; from CondDBESSource::setIntervalFor
%MSG
%MSG-i CondDBESSource:  PostBeginProcessBlock 09-Feb-2026 14:36:47 CET  PostBeginProcessBlock
Setting validity for record "DTKeyedConfigListRcd" and corresponding label(s): starting at run: 1 lumi: 0 event: 0, timestamp: 0, ending at run: 4294967295 lumi: 4294967295 event: 18446744073709551615, timestamp: 0, for run: 382216 lumi: 0 event: 0, timestamp: 7382394804334179328; from CondDBESSource::setIntervalFor
%MSG
%MSG-i CondDBESSource:  PostBeginProcessBlock 09-Feb-2026 14:36:47 CET  PostBeginProcessBlock
Getting data for record "ESRecHitRatioCutsRcd" to be consumed on Run: 382216 - Lumiblock:0 - Timestamp: 7382394804334179328; from CondDBESSource::setIntervalFor
%MSG
%MSG-i CondDBESSource:  PostBeginProcessBlock 09-Feb-2026 14:36:47 CET  PostBeginProcessBlock
Processing record "ESRecHitRatioCutsRcd" and label "" for run: 382216 lumi: 0 event: 0, timestamp: 7382394804334179328; from CondDBESSource::setIntervalFor
%MSG
%MSG-i CondDBESSource:  PostBeginProcessBlock 09-Feb-2026 14:36:47 CET  PostBeginProcessBlock
Validity coming from IOV sequence for record "ESRecHitRatioCutsRcd" and label "": (382105, 382643) for time (type: runnumber) 382216; from CondDBESSource::setIntervalFor
%MSG
%MSG-i CondDBESSource:  PostBeginProcessBlock 09-Feb-2026 14:36:47 CET  PostBeginProcessBlock
Setting validity for record "ESRecHitRatioCutsRcd" and corresponding label(s): starting at run: 382105 lumi: 0 event: 0, timestamp: 0, ending at run: 382643 lumi: 4294967295 event: 18446744073709551615, timestamp: 0, for run: 382216 lumi: 0 event: 0, timestamp: 7382394804334179328; from CondDBESSource::setIntervalFor
%MSG
%MSG-i CondDBESSource:  PostBeginProcessBlock 09-Feb-2026 14:36:47 CET  PostBeginProcessBlock
Getting data for record "EcalChannelStatusRcd" to be consumed on Run: 382216 - Lumiblock:0 - Timestamp: 7382394804334179328; from CondDBESSource::setIntervalFor
%MSG
%MSG-i CondDBESSource:  PostBeginProcessBlock 09-Feb-2026 14:36:47 CET  PostBeginProcessBlock
Processing record "EcalChannelStatusRcd" and label "" for run: 382216 lumi: 0 event: 0, timestamp: 7382394804334179328; from CondDBESSource::setIntervalFor
%MSG
%MSG-i CondDBESSource:  PostBeginProcessBlock 09-Feb-2026 14:36:47 CET  PostBeginProcessBlock
Validity coming from IOV sequence for record "EcalChannelStatusRcd" and label "": (382203, 382298) for time (type: runnumber) 382216; from CondDBESSource::setIntervalFor
%MSG
%MSG-i CondDBESSource:  PostBeginProcessBlock 09-Feb-2026 14:36:47 CET  PostBeginProcessBlock
Setting validity for record "EcalChannelStatusRcd" and corresponding label(s): starting at run: 382203 lumi: 0 event: 0, timestamp: 0, ending at run: 382298 lumi: 4294967295 event: 18446744073709551615, timestamp: 0, for run: 382216 lumi: 0 event: 0, timestamp: 7382394804334179328; from CondDBESSource::setIntervalFor
%MSG
%MSG-i CondDBESSource:  PostBeginProcessBlock 09-Feb-2026 14:36:47 CET  PostBeginProcessBlock
Getting data for record "EcalSimPulseShapeRcd" to be consumed on Run: 382216 - Lumiblock:0 - Timestamp: 7382394804334179328; from CondDBESSource::setIntervalFor
%MSG
%MSG-i CondDBESSource:  PostBeginProcessBlock 09-Feb-2026 14:36:47 CET  PostBeginProcessBlock
Processing record "EcalSimPulseShapeRcd" and label "" for run: 382216 lumi: 0 event: 0, timestamp: 7382394804334179328; from CondDBESSource::setIntervalFor
%MSG
%MSG-i CondDBESSource:  PostBeginProcessBlock 09-Feb-2026 14:36:47 CET  PostBeginProcessBlock
Validity coming from IOV sequence for record "EcalSimPulseShapeRcd" and label "": (1, 18446744073709551615) for time (type: runnumber) 382216; from CondDBESSource::setIntervalFor
%MSG
%MSG-i CondDBESSource:  PostBeginProcessBlock 09-Feb-2026 14:36:47 CET  PostBeginProcessBlock
Setting validity for record "EcalSimPulseShapeRcd" and corresponding label(s): starting at run: 1 lumi: 0 event: 0, timestamp: 0, ending at run: 4294967295 lumi: 4294967295 event: 18446744073709551615, timestamp: 0, for run: 382216 lumi: 0 event: 0, timestamp: 7382394804334179328; from CondDBESSource::setIntervalFor
%MSG
%MSG-i CondDBESSource:  PostBeginProcessBlock 09-Feb-2026 14:36:47 CET  PostBeginProcessBlock
Getting data for record "HFPhase1PMTParamsRcd" to be consumed on Run: 382216 - Lumiblock:0 - Timestamp: 7382394804334179328; from CondDBESSource::setIntervalFor
%MSG
%MSG-i CondDBESSource:  PostBeginProcessBlock 09-Feb-2026 14:36:47 CET  PostBeginProcessBlock
Processing record "HFPhase1PMTParamsRcd" and label "" for run: 382216 lumi: 0 event: 0, timestamp: 7382394804334179328; from CondDBESSource::setIntervalFor
%MSG
%MSG-i CondDBESSource:  PostBeginProcessBlock 09-Feb-2026 14:36:47 CET  PostBeginProcessBlock
Validity coming from IOV sequence for record "HFPhase1PMTParamsRcd" and label "": (360239, 18446744073709551615) for time (type: runnumber) 382216; from CondDBESSource::setIntervalFor
%MSG
%MSG-i CondDBESSource:  PostBeginProcessBlock 09-Feb-2026 14:36:47 CET  PostBeginProcessBlock
Setting validity for record "HFPhase1PMTParamsRcd" and corresponding label(s): starting at run: 360239 lumi: 0 event: 0, timestamp: 0, ending at run: 4294967295 lumi: 4294967295 event: 18446744073709551615, timestamp: 0, for run: 382216 lumi: 0 event: 0, timestamp: 7382394804334179328; from CondDBESSource::setIntervalFor
%MSG
%MSG-i CondDBESSource:  PostBeginProcessBlock 09-Feb-2026 14:36:47 CET  PostBeginProcessBlock
Getting data for record "JetCorrectionsRecord" to be consumed on Run: 382216 - Lumiblock:0 - Timestamp: 7382394804334179328; from CondDBESSource::setIntervalFor
%MSG
%MSG-i CondDBESSource:  PostBeginProcessBlock 09-Feb-2026 14:36:47 CET  PostBeginProcessBlock
Processing record "JetCorrectionsRecord" and label "AK10PF" for run: 382216 lumi: 0 event: 0, timestamp: 7382394804334179328; from CondDBESSource::setIntervalFor
%MSG
%MSG-i CondDBESSource:  PostBeginProcessBlock 09-Feb-2026 14:36:47 CET  PostBeginProcessBlock
Validity coming from IOV sequence for record "JetCorrectionsRecord" and label "AK10PF": (1, 18446744073709551615) for time (type: runnumber) 382216; from CondDBESSource::setIntervalFor
%MSG
%MSG-i CondDBESSource:  PostBeginProcessBlock 09-Feb-2026 14:36:47 CET  PostBeginProcessBlock
Processing record "JetCorrectionsRecord" and label "AK10PFchs" for run: 382216 lumi: 0 event: 0, timestamp: 7382394804334179328; from CondDBESSource::setIntervalFor
%MSG
%MSG-i CondDBESSource:  PostBeginProcessBlock 09-Feb-2026 14:36:47 CET  PostBeginProcessBlock
Validity coming from IOV sequence for record "JetCorrectionsRecord" and label "AK10PFchs": (1, 18446744073709551615) for time (type: runnumber) 382216; from CondDBESSource::setIntervalFor
%MSG
%MSG-i CondDBESSource:  PostBeginProcessBlock 09-Feb-2026 14:36:47 CET  PostBeginProcessBlock
Processing record "JetCorrectionsRecord" and label "AK1PF" for run: 382216 lumi: 0 event: 0, timestamp: 7382394804334179328; from CondDBESSource::setIntervalFor
%MSG
%MSG-i CondDBESSource:  PostBeginProcessBlock 09-Feb-2026 14:36:47 CET  PostBeginProcessBlock
Validity coming from IOV sequence for record "JetCorrectionsRecord" and label "AK1PF": (1, 18446744073709551615) for time (type: runnumber) 382216; from CondDBESSource::setIntervalFor
%MSG
%MSG-i CondDBESSource:  PostBeginProcessBlock 09-Feb-2026 14:36:47 CET  PostBeginProcessBlock
Processing record "JetCorrectionsRecord" and label "AK1PFchs" for run: 382216 lumi: 0 event: 0, timestamp: 7382394804334179328; from CondDBESSource::setIntervalFor
%MSG
%MSG-i CondDBESSource:  PostBeginProcessBlock 09-Feb-2026 14:36:47 CET  PostBeginProcessBlock
Validity coming from IOV sequence for record "JetCorrectionsRecord" and label "AK1PFchs": (1, 18446744073709551615) for time (type: runnumber) 382216; from CondDBESSource::setIntervalFor
%MSG
%MSG-i CondDBESSource:  PostBeginProcessBlock 09-Feb-2026 14:36:47 CET  PostBeginProcessBlock
Processing record "JetCorrectionsRecord" and label "AK2PF" for run: 382216 lumi: 0 event: 0, timestamp: 7382394804334179328; from CondDBESSource::setIntervalFor
%MSG
%MSG-i CondDBESSource:  PostBeginProcessBlock 09-Feb-2026 14:36:47 CET  PostBeginProcessBlock
Validity coming from IOV sequence for record "JetCorrectionsRecord" and label "AK2PF": (1, 18446744073709551615) for time (type: runnumber) 382216; from CondDBESSource::setIntervalFor
%MSG
%MSG-i CondDBESSource:  PostBeginProcessBlock 09-Feb-2026 14:36:47 CET  PostBeginProcessBlock
Processing record "JetCorrectionsRecord" and label "AK2PFchs" for run: 382216 lumi: 0 event: 0, timestamp: 7382394804334179328; from CondDBESSource::setIntervalFor
%MSG
%MSG-i CondDBESSource:  PostBeginProcessBlock 09-Feb-2026 14:36:47 CET  PostBeginProcessBlock
Validity coming from IOV sequence for record "JetCorrectionsRecord" and label "AK2PFchs": (1, 18446744073709551615) for time (type: runnumber) 382216; from CondDBESSource::setIntervalFor
%MSG
%MSG-i CondDBESSource:  PostBeginProcessBlock 09-Feb-2026 14:36:47 CET  PostBeginProcessBlock
Processing record "JetCorrectionsRecord" and label "AK3PF" for run: 382216 lumi: 0 event: 0, timestamp: 7382394804334179328; from CondDBESSource::setIntervalFor
%MSG
%MSG-i CondDBESSource:  PostBeginProcessBlock 09-Feb-2026 14:36:47 CET  PostBeginProcessBlock
Validity coming from IOV sequence for record "JetCorrectionsRecord" and label "AK3PF": (1, 18446744073709551615) for time (type: runnumber) 382216; from CondDBESSource::setIntervalFor
%MSG
%MSG-i CondDBESSource:  PostBeginProcessBlock 09-Feb-2026 14:36:47 CET  PostBeginProcessBlock
Processing record "JetCorrectionsRecord" and label "AK3PFTowers_hiGoodTightTracks" for run: 382216 lumi: 0 event: 0, timestamp: 7382394804334179328; from CondDBESSource::setIntervalFor
%MSG
%MSG-i CondDBESSource:  PostBeginProcessBlock 09-Feb-2026 14:36:47 CET  PostBeginProcessBlock
Validity coming from IOV sequence for record "JetCorrectionsRecord" and label "AK3PFTowers_hiGoodTightTracks": (1, 18446744073709551615) for time (type: runnumber) 382216; from CondDBESSource::setIntervalFor
%MSG
%MSG-i CondDBESSource:  PostBeginProcessBlock 09-Feb-2026 14:36:47 CET  PostBeginProcessBlock
Processing record "JetCorrectionsRecord" and label "AK3PFchs" for run: 382216 lumi: 0 event: 0, timestamp: 7382394804334179328; from CondDBESSource::setIntervalFor
%MSG
%MSG-i CondDBESSource:  PostBeginProcessBlock 09-Feb-2026 14:36:47 CET  PostBeginProcessBlock
Validity coming from IOV sequence for record "JetCorrectionsRecord" and label "AK3PFchs": (1, 18446744073709551615) for time (type: runnumber) 382216; from CondDBESSource::setIntervalFor
%MSG
%MSG-i CondDBESSource:  PostBeginProcessBlock 09-Feb-2026 14:36:47 CET  PostBeginProcessBlock
Processing record "JetCorrectionsRecord" and label "AK4Calo" for run: 382216 lumi: 0 event: 0, timestamp: 7382394804334179328; from CondDBESSource::setIntervalFor
%MSG
%MSG-i CondDBESSource:  PostBeginProcessBlock 09-Feb-2026 14:36:47 CET  PostBeginProcessBlock
Validity coming from IOV sequence for record "JetCorrectionsRecord" and label "AK4Calo": (280919, 18446744073709551615) for time (type: runnumber) 382216; from CondDBESSource::setIntervalFor
%MSG
%MSG-i CondDBESSource:  PostBeginProcessBlock 09-Feb-2026 14:36:47 CET  PostBeginProcessBlock
Processing record "JetCorrectionsRecord" and label "AK4CaloHLT" for run: 382216 lumi: 0 event: 0, timestamp: 7382394804334179328; from CondDBESSource::setIntervalFor
%MSG
%MSG-i CondDBESSource:  PostBeginProcessBlock 09-Feb-2026 14:36:47 CET  PostBeginProcessBlock
Validity coming from IOV sequence for record "JetCorrectionsRecord" and label "AK4CaloHLT": (380266, 391853) for time (type: runnumber) 382216; from CondDBESSource::setIntervalFor
%MSG
%MSG-i CondDBESSource:  PostBeginProcessBlock 09-Feb-2026 14:36:47 CET  PostBeginProcessBlock
Processing record "JetCorrectionsRecord" and label "AK4JPT" for run: 382216 lumi: 0 event: 0, timestamp: 7382394804334179328; from CondDBESSource::setIntervalFor
%MSG
%MSG-i CondDBESSource:  PostBeginProcessBlock 09-Feb-2026 14:36:47 CET  PostBeginProcessBlock
Validity coming from IOV sequence for record "JetCorrectionsRecord" and label "AK4JPT": (280919, 18446744073709551615) for time (type: runnumber) 382216; from CondDBESSource::setIntervalFor
%MSG
%MSG-i CondDBESSource:  PostBeginProcessBlock 09-Feb-2026 14:36:47 CET  PostBeginProcessBlock
Processing record "JetCorrectionsRecord" and label "AK4PF" for run: 382216 lumi: 0 event: 0, timestamp: 7382394804334179328; from CondDBESSource::setIntervalFor
%MSG
%MSG-i CondDBESSource:  PostBeginProcessBlock 09-Feb-2026 14:36:47 CET  PostBeginProcessBlock
Validity coming from IOV sequence for record "JetCorrectionsRecord" and label "AK4PF": (280919, 18446744073709551615) for time (type: runnumber) 382216; from CondDBESSource::setIntervalFor
%MSG
%MSG-i CondDBESSource:  PostBeginProcessBlock 09-Feb-2026 14:36:47 CET  PostBeginProcessBlock
Processing record "JetCorrectionsRecord" and label "AK4PFClusterHLT" for run: 382216 lumi: 0 event: 0, timestamp: 7382394804334179328; from CondDBESSource::setIntervalFor
%MSG
%MSG-i CondDBESSource:  PostBeginProcessBlock 09-Feb-2026 14:36:47 CET  PostBeginProcessBlock
Validity coming from IOV sequence for record "JetCorrectionsRecord" and label "AK4PFClusterHLT": (359534, 18446744073709551615) for time (type: runnumber) 382216; from CondDBESSource::setIntervalFor
%MSG
%MSG-i CondDBESSource:  PostBeginProcessBlock 09-Feb-2026 14:36:47 CET  PostBeginProcessBlock
Processing record "JetCorrectionsRecord" and label "AK4PFHLT" for run: 382216 lumi: 0 event: 0, timestamp: 7382394804334179328; from CondDBESSource::setIntervalFor
%MSG
%MSG-i CondDBESSource:  PostBeginProcessBlock 09-Feb-2026 14:36:47 CET  PostBeginProcessBlock
Validity coming from IOV sequence for record "JetCorrectionsRecord" and label "AK4PFHLT": (380266, 391853) for time (type: runnumber) 382216; from CondDBESSource::setIntervalFor
%MSG
%MSG-i CondDBESSource:  PostBeginProcessBlock 09-Feb-2026 14:36:47 CET  PostBeginProcessBlock
Processing record "JetCorrectionsRecord" and label "AK4PFPuppi" for run: 382216 lumi: 0 event: 0, timestamp: 7382394804334179328; from CondDBESSource::setIntervalFor
%MSG
%MSG-i CondDBESSource:  PostBeginProcessBlock 09-Feb-2026 14:36:47 CET  PostBeginProcessBlock
Validity coming from IOV sequence for record "JetCorrectionsRecord" and label "AK4PFPuppi": (380852, 391851) for time (type: runnumber) 382216; from CondDBESSource::setIntervalFor
%MSG
%MSG-i CondDBESSource:  PostBeginProcessBlock 09-Feb-2026 14:36:47 CET  PostBeginProcessBlock
Processing record "JetCorrectionsRecord" and label "AK4PFPuppiHLT" for run: 382216 lumi: 0 event: 0, timestamp: 7382394804334179328; from CondDBESSource::setIntervalFor
%MSG
%MSG-i CondDBESSource:  PostBeginProcessBlock 09-Feb-2026 14:36:47 CET  PostBeginProcessBlock
Validity coming from IOV sequence for record "JetCorrectionsRecord" and label "AK4PFPuppiHLT": (359534, 18446744073709551615) for time (type: runnumber) 382216; from CondDBESSource::setIntervalFor
%MSG
%MSG-i CondDBESSource:  PostBeginProcessBlock 09-Feb-2026 14:36:47 CET  PostBeginProcessBlock
Processing record "JetCorrectionsRecord" and label "AK4PFTowers_hiGoodTightTracks" for run: 382216 lumi: 0 event: 0, timestamp: 7382394804334179328; from CondDBESSource::setIntervalFor
%MSG
%MSG-i CondDBESSource:  PostBeginProcessBlock 09-Feb-2026 14:36:47 CET  PostBeginProcessBlock
Validity coming from IOV sequence for record "JetCorrectionsRecord" and label "AK4PFTowers_hiGoodTightTracks": (1, 18446744073709551615) for time (type: runnumber) 382216; from CondDBESSource::setIntervalFor
%MSG
%MSG-i CondDBESSource:  PostBeginProcessBlock 09-Feb-2026 14:36:47 CET  PostBeginProcessBlock
Processing record "JetCorrectionsRecord" and label "AK4PFchs" for run: 382216 lumi: 0 event: 0, timestamp: 7382394804334179328; from CondDBESSource::setIntervalFor
%MSG
%MSG-i CondDBESSource:  PostBeginProcessBlock 09-Feb-2026 14:36:47 CET  PostBeginProcessBlock
Validity coming from IOV sequence for record "JetCorrectionsRecord" and label "AK4PFchs": (380852, 18446744073709551615) for time (type: runnumber) 382216; from CondDBESSource::setIntervalFor
%MSG
%MSG-i CondDBESSource:  PostBeginProcessBlock 09-Feb-2026 14:36:47 CET  PostBeginProcessBlock
Processing record "JetCorrectionsRecord" and label "AK4PFchsHLT" for run: 382216 lumi: 0 event: 0, timestamp: 7382394804334179328; from CondDBESSource::setIntervalFor
%MSG
%MSG-i CondDBESSource:  PostBeginProcessBlock 09-Feb-2026 14:36:47 CET  PostBeginProcessBlock
Validity coming from IOV sequence for record "JetCorrectionsRecord" and label "AK4PFchsHLT": (359534, 18446744073709551615) for time (type: runnumber) 382216; from CondDBESSource::setIntervalFor
%MSG
%MSG-i CondDBESSource:  PostBeginProcessBlock 09-Feb-2026 14:36:47 CET  PostBeginProcessBlock
Processing record "JetCorrectionsRecord" and label "AK5Calo" for run: 382216 lumi: 0 event: 0, timestamp: 7382394804334179328; from CondDBESSource::setIntervalFor
%MSG
%MSG-i CondDBESSource:  PostBeginProcessBlock 09-Feb-2026 14:36:47 CET  PostBeginProcessBlock
Validity coming from IOV sequence for record "JetCorrectionsRecord" and label "AK5Calo": (1, 18446744073709551615) for time (type: runnumber) 382216; from CondDBESSource::setIntervalFor
%MSG
%MSG-i CondDBESSource:  PostBeginProcessBlock 09-Feb-2026 14:36:47 CET  PostBeginProcessBlock
Processing record "JetCorrectionsRecord" and label "AK5CaloHLT" for run: 382216 lumi: 0 event: 0, timestamp: 7382394804334179328; from CondDBESSource::setIntervalFor
%MSG
%MSG-i CondDBESSource:  PostBeginProcessBlock 09-Feb-2026 14:36:47 CET  PostBeginProcessBlock
Validity coming from IOV sequence for record "JetCorrectionsRecord" and label "AK5CaloHLT": (189257, 18446744073709551615) for time (type: runnumber) 382216; from CondDBESSource::setIntervalFor
%MSG
%MSG-i CondDBESSource:  PostBeginProcessBlock 09-Feb-2026 14:36:47 CET  PostBeginProcessBlock
Processing record "JetCorrectionsRecord" and label "AK5PF" for run: 382216 lumi: 0 event: 0, timestamp: 7382394804334179328; from CondDBESSource::setIntervalFor
%MSG
%MSG-i CondDBESSource:  PostBeginProcessBlock 09-Feb-2026 14:36:47 CET  PostBeginProcessBlock
Validity coming from IOV sequence for record "JetCorrectionsRecord" and label "AK5PF": (1, 18446744073709551615) for time (type: runnumber) 382216; from CondDBESSource::setIntervalFor
%MSG
%MSG-i CondDBESSource:  PostBeginProcessBlock 09-Feb-2026 14:36:47 CET  PostBeginProcessBlock
Processing record "JetCorrectionsRecord" and label "AK5PFHLT" for run: 382216 lumi: 0 event: 0, timestamp: 7382394804334179328; from CondDBESSource::setIntervalFor
%MSG
%MSG-i CondDBESSource:  PostBeginProcessBlock 09-Feb-2026 14:36:47 CET  PostBeginProcessBlock
Validity coming from IOV sequence for record "JetCorrectionsRecord" and label "AK5PFHLT": (1, 18446744073709551615) for time (type: runnumber) 382216; from CondDBESSource::setIntervalFor
%MSG
%MSG-i CondDBESSource:  PostBeginProcessBlock 09-Feb-2026 14:36:47 CET  PostBeginProcessBlock
Processing record "JetCorrectionsRecord" and label "AK5PFTowers_hiGoodTightTracks" for run: 382216 lumi: 0 event: 0, timestamp: 7382394804334179328; from CondDBESSource::setIntervalFor
%MSG
%MSG-i CondDBESSource:  PostBeginProcessBlock 09-Feb-2026 14:36:47 CET  PostBeginProcessBlock
Validity coming from IOV sequence for record "JetCorrectionsRecord" and label "AK5PFTowers_hiGoodTightTracks": (1, 18446744073709551615) for time (type: runnumber) 382216; from CondDBESSource::setIntervalFor
%MSG
%MSG-i CondDBESSource:  PostBeginProcessBlock 09-Feb-2026 14:36:47 CET  PostBeginProcessBlock
Processing record "JetCorrectionsRecord" and label "AK5PFchs" for run: 382216 lumi: 0 event: 0, timestamp: 7382394804334179328; from CondDBESSource::setIntervalFor
%MSG
%MSG-i CondDBESSource:  PostBeginProcessBlock 09-Feb-2026 14:36:47 CET  PostBeginProcessBlock
Validity coming from IOV sequence for record "JetCorrectionsRecord" and label "AK5PFchs": (1, 18446744073709551615) for time (type: runnumber) 382216; from CondDBESSource::setIntervalFor
%MSG
%MSG-i CondDBESSource:  PostBeginProcessBlock 09-Feb-2026 14:36:47 CET  PostBeginProcessBlock
Processing record "JetCorrectionsRecord" and label "AK5PFchsHLT" for run: 382216 lumi: 0 event: 0, timestamp: 7382394804334179328; from CondDBESSource::setIntervalFor
%MSG
%MSG-i CondDBESSource:  PostBeginProcessBlock 09-Feb-2026 14:36:47 CET  PostBeginProcessBlock
Validity coming from IOV sequence for record "JetCorrectionsRecord" and label "AK5PFchsHLT": (1, 18446744073709551615) for time (type: runnumber) 382216; from CondDBESSource::setIntervalFor
%MSG
%MSG-i CondDBESSource:  PostBeginProcessBlock 09-Feb-2026 14:36:47 CET  PostBeginProcessBlock
Processing record "JetCorrectionsRecord" and label "AK6PF" for run: 382216 lumi: 0 event: 0, timestamp: 7382394804334179328; from CondDBESSource::setIntervalFor
%MSG
%MSG-i CondDBESSource:  PostBeginProcessBlock 09-Feb-2026 14:36:47 CET  PostBeginProcessBlock
Validity coming from IOV sequence for record "JetCorrectionsRecord" and label "AK6PF": (1, 18446744073709551615) for time (type: runnumber) 382216; from CondDBESSource::setIntervalFor
%MSG
%MSG-i CondDBESSource:  PostBeginProcessBlock 09-Feb-2026 14:36:47 CET  PostBeginProcessBlock
Processing record "JetCorrectionsRecord" and label "AK6PFchs" for run: 382216 lumi: 0 event: 0, timestamp: 7382394804334179328; from CondDBESSource::setIntervalFor
%MSG
%MSG-i CondDBESSource:  PostBeginProcessBlock 09-Feb-2026 14:36:47 CET  PostBeginProcessBlock
Validity coming from IOV sequence for record "JetCorrectionsRecord" and label "AK6PFchs": (1, 18446744073709551615) for time (type: runnumber) 382216; from CondDBESSource::setIntervalFor
%MSG
%MSG-i CondDBESSource:  PostBeginProcessBlock 09-Feb-2026 14:36:47 CET  PostBeginProcessBlock
Processing record "JetCorrectionsRecord" and label "AK7Calo" for run: 382216 lumi: 0 event: 0, timestamp: 7382394804334179328; from CondDBESSource::setIntervalFor
%MSG
%MSG-i CondDBESSource:  PostBeginProcessBlock 09-Feb-2026 14:36:47 CET  PostBeginProcessBlock
Validity coming from IOV sequence for record "JetCorrectionsRecord" and label "AK7Calo": (1, 18446744073709551615) for time (type: runnumber) 382216; from CondDBESSource::setIntervalFor
%MSG
%MSG-i CondDBESSource:  PostBeginProcessBlock 09-Feb-2026 14:36:47 CET  PostBeginProcessBlock
Processing record "JetCorrectionsRecord" and label "AK7PF" for run: 382216 lumi: 0 event: 0, timestamp: 7382394804334179328; from CondDBESSource::setIntervalFor
%MSG
%MSG-i CondDBESSource:  PostBeginProcessBlock 09-Feb-2026 14:36:47 CET  PostBeginProcessBlock
Validity coming from IOV sequence for record "JetCorrectionsRecord" and label "AK7PF": (1, 18446744073709551615) for time (type: runnumber) 382216; from CondDBESSource::setIntervalFor
%MSG
%MSG-i CondDBESSource:  PostBeginProcessBlock 09-Feb-2026 14:36:47 CET  PostBeginProcessBlock
Processing record "JetCorrectionsRecord" and label "AK7PFchs" for run: 382216 lumi: 0 event: 0, timestamp: 7382394804334179328; from CondDBESSource::setIntervalFor
%MSG
%MSG-i CondDBESSource:  PostBeginProcessBlock 09-Feb-2026 14:36:47 CET  PostBeginProcessBlock
Validity coming from IOV sequence for record "JetCorrectionsRecord" and label "AK7PFchs": (1, 18446744073709551615) for time (type: runnumber) 382216; from CondDBESSource::setIntervalFor
%MSG
%MSG-i CondDBESSource:  PostBeginProcessBlock 09-Feb-2026 14:36:47 CET  PostBeginProcessBlock
Processing record "JetCorrectionsRecord" and label "AK8CaloHLT" for run: 382216 lumi: 0 event: 0, timestamp: 7382394804334179328; from CondDBESSource::setIntervalFor
%MSG
%MSG-i CondDBESSource:  PostBeginProcessBlock 09-Feb-2026 14:36:47 CET  PostBeginProcessBlock
Validity coming from IOV sequence for record "JetCorrectionsRecord" and label "AK8CaloHLT": (380266, 391853) for time (type: runnumber) 382216; from CondDBESSource::setIntervalFor
%MSG
%MSG-i CondDBESSource:  PostBeginProcessBlock 09-Feb-2026 14:36:47 CET  PostBeginProcessBlock
Processing record "JetCorrectionsRecord" and label "AK8PF" for run: 382216 lumi: 0 event: 0, timestamp: 7382394804334179328; from CondDBESSource::setIntervalFor
%MSG
%MSG-i CondDBESSource:  PostBeginProcessBlock 09-Feb-2026 14:36:47 CET  PostBeginProcessBlock
Validity coming from IOV sequence for record "JetCorrectionsRecord" and label "AK8PF": (280919, 18446744073709551615) for time (type: runnumber) 382216; from CondDBESSource::setIntervalFor
%MSG
%MSG-i CondDBESSource:  PostBeginProcessBlock 09-Feb-2026 14:36:47 CET  PostBeginProcessBlock
Processing record "JetCorrectionsRecord" and label "AK8PFClusterHLT" for run: 382216 lumi: 0 event: 0, timestamp: 7382394804334179328; from CondDBESSource::setIntervalFor
%MSG
%MSG-i CondDBESSource:  PostBeginProcessBlock 09-Feb-2026 14:36:47 CET  PostBeginProcessBlock
Validity coming from IOV sequence for record "JetCorrectionsRecord" and label "AK8PFClusterHLT": (359534, 18446744073709551615) for time (type: runnumber) 382216; from CondDBESSource::setIntervalFor
%MSG
%MSG-i CondDBESSource:  PostBeginProcessBlock 09-Feb-2026 14:36:47 CET  PostBeginProcessBlock
Processing record "JetCorrectionsRecord" and label "AK8PFHLT" for run: 382216 lumi: 0 event: 0, timestamp: 7382394804334179328; from CondDBESSource::setIntervalFor
%MSG
%MSG-i CondDBESSource:  PostBeginProcessBlock 09-Feb-2026 14:36:47 CET  PostBeginProcessBlock
Validity coming from IOV sequence for record "JetCorrectionsRecord" and label "AK8PFHLT": (380266, 391853) for time (type: runnumber) 382216; from CondDBESSource::setIntervalFor
%MSG
%MSG-i CondDBESSource:  PostBeginProcessBlock 09-Feb-2026 14:36:47 CET  PostBeginProcessBlock
Processing record "JetCorrectionsRecord" and label "AK8PFPuppi" for run: 382216 lumi: 0 event: 0, timestamp: 7382394804334179328; from CondDBESSource::setIntervalFor
%MSG
%MSG-i CondDBESSource:  PostBeginProcessBlock 09-Feb-2026 14:36:47 CET  PostBeginProcessBlock
Validity coming from IOV sequence for record "JetCorrectionsRecord" and label "AK8PFPuppi": (380852, 18446744073709551615) for time (type: runnumber) 382216; from CondDBESSource::setIntervalFor
%MSG
%MSG-i CondDBESSource:  PostBeginProcessBlock 09-Feb-2026 14:36:47 CET  PostBeginProcessBlock
Processing record "JetCorrectionsRecord" and label "AK8PFPuppiHLT" for run: 382216 lumi: 0 event: 0, timestamp: 7382394804334179328; from CondDBESSource::setIntervalFor
%MSG
%MSG-i CondDBESSource:  PostBeginProcessBlock 09-Feb-2026 14:36:47 CET  PostBeginProcessBlock
Validity coming from IOV sequence for record "JetCorrectionsRecord" and label "AK8PFPuppiHLT": (359534, 18446744073709551615) for time (type: runnumber) 382216; from CondDBESSource::setIntervalFor
%MSG
%MSG-i CondDBESSource:  PostBeginProcessBlock 09-Feb-2026 14:36:47 CET  PostBeginProcessBlock
Processing record "JetCorrectionsRecord" and label "AK8PFchs" for run: 382216 lumi: 0 event: 0, timestamp: 7382394804334179328; from CondDBESSource::setIntervalFor
%MSG
%MSG-i CondDBESSource:  PostBeginProcessBlock 09-Feb-2026 14:36:47 CET  PostBeginProcessBlock
Validity coming from IOV sequence for record "JetCorrectionsRecord" and label "AK8PFchs": (280919, 18446744073709551615) for time (type: runnumber) 382216; from CondDBESSource::setIntervalFor
%MSG
%MSG-i CondDBESSource:  PostBeginProcessBlock 09-Feb-2026 14:36:47 CET  PostBeginProcessBlock
Processing record "JetCorrectionsRecord" and label "AK8PFchsHLT" for run: 382216 lumi: 0 event: 0, timestamp: 7382394804334179328; from CondDBESSource::setIntervalFor
%MSG
%MSG-i CondDBESSource:  PostBeginProcessBlock 09-Feb-2026 14:36:47 CET  PostBeginProcessBlock
Validity coming from IOV sequence for record "JetCorrectionsRecord" and label "AK8PFchsHLT": (359534, 18446744073709551615) for time (type: runnumber) 382216; from CondDBESSource::setIntervalFor
%MSG
%MSG-i CondDBESSource:  PostBeginProcessBlock 09-Feb-2026 14:36:47 CET  PostBeginProcessBlock
Processing record "JetCorrectionsRecord" and label "AK9PF" for run: 382216 lumi: 0 event: 0, timestamp: 7382394804334179328; from CondDBESSource::setIntervalFor
%MSG
%MSG-i CondDBESSource:  PostBeginProcessBlock 09-Feb-2026 14:36:47 CET  PostBeginProcessBlock
Validity coming from IOV sequence for record "JetCorrectionsRecord" and label "AK9PF": (1, 18446744073709551615) for time (type: runnumber) 382216; from CondDBESSource::setIntervalFor
%MSG
%MSG-i CondDBESSource:  PostBeginProcessBlock 09-Feb-2026 14:36:47 CET  PostBeginProcessBlock
Processing record "JetCorrectionsRecord" and label "AK9PFchs" for run: 382216 lumi: 0 event: 0, timestamp: 7382394804334179328; from CondDBESSource::setIntervalFor
%MSG
%MSG-i CondDBESSource:  PostBeginProcessBlock 09-Feb-2026 14:36:47 CET  PostBeginProcessBlock
Validity coming from IOV sequence for record "JetCorrectionsRecord" and label "AK9PFchs": (1, 18446744073709551615) for time (type: runnumber) 382216; from CondDBESSource::setIntervalFor
%MSG
%MSG-i CondDBESSource:  PostBeginProcessBlock 09-Feb-2026 14:36:47 CET  PostBeginProcessBlock
Processing record "JetCorrectionsRecord" and label "IC5Calo_2760GeV" for run: 382216 lumi: 0 event: 0, timestamp: 7382394804334179328; from CondDBESSource::setIntervalFor
%MSG
%MSG-i CondDBESSource:  PostBeginProcessBlock 09-Feb-2026 14:36:47 CET  PostBeginProcessBlock
Validity coming from IOV sequence for record "JetCorrectionsRecord" and label "IC5Calo_2760GeV": (1, 18446744073709551615) for time (type: runnumber) 382216; from CondDBESSource::setIntervalFor
%MSG
%MSG-i CondDBESSource:  PostBeginProcessBlock 09-Feb-2026 14:36:47 CET  PostBeginProcessBlock
Processing record "JetCorrectionsRecord" and label "UETable_Calo" for run: 382216 lumi: 0 event: 0, timestamp: 7382394804334179328; from CondDBESSource::setIntervalFor
%MSG
%MSG-i CondDBESSource:  PostBeginProcessBlock 09-Feb-2026 14:36:47 CET  PostBeginProcessBlock
Validity coming from IOV sequence for record "JetCorrectionsRecord" and label "UETable_Calo": (262769, 18446744073709551615) for time (type: runnumber) 382216; from CondDBESSource::setIntervalFor
%MSG
%MSG-i CondDBESSource:  PostBeginProcessBlock 09-Feb-2026 14:36:47 CET  PostBeginProcessBlock
Processing record "JetCorrectionsRecord" and label "UETable_PF" for run: 382216 lumi: 0 event: 0, timestamp: 7382394804334179328; from CondDBESSource::setIntervalFor
%MSG
%MSG-i CondDBESSource:  PostBeginProcessBlock 09-Feb-2026 14:36:47 CET  PostBeginProcessBlock
Validity coming from IOV sequence for record "JetCorrectionsRecord" and label "UETable_PF": (262769, 18446744073709551615) for time (type: runnumber) 382216; from CondDBESSource::setIntervalFor
%MSG
%MSG-i CondDBESSource:  PostBeginProcessBlock 09-Feb-2026 14:36:47 CET  PostBeginProcessBlock
Setting validity for record "JetCorrectionsRecord" and corresponding label(s): starting at run: 380852 lumi: 0 event: 0, timestamp: 0, ending at run: 391851 lumi: 4294967295 event: 18446744073709551615, timestamp: 0, for run: 382216 lumi: 0 event: 0, timestamp: 7382394804334179328; from CondDBESSource::setIntervalFor
%MSG
%MSG-i CondDBESSource:  PostBeginProcessBlock 09-Feb-2026 14:36:47 CET  PostBeginProcessBlock
Getting data for record "L1MuGMTParametersRcd" to be consumed on Run: 382216 - Lumiblock:0 - Timestamp: 7382394804334179328; from CondDBESSource::setIntervalFor
%MSG
%MSG-i CondDBESSource:  PostBeginProcessBlock 09-Feb-2026 14:36:47 CET  PostBeginProcessBlock
Processing record "L1MuGMTParametersRcd" and label "" for run: 382216 lumi: 0 event: 0, timestamp: 7382394804334179328; from CondDBESSource::setIntervalFor
%MSG
%MSG-i CondDBESSource:  PostBeginProcessBlock 09-Feb-2026 14:36:47 CET  PostBeginProcessBlock
Validity coming from IOV sequence for record "L1MuGMTParametersRcd" and label "": (255233, 18446744073709551615) for time (type: runnumber) 382216; from CondDBESSource::setIntervalFor
%MSG
%MSG-i CondDBESSource:  PostBeginProcessBlock 09-Feb-2026 14:36:47 CET  PostBeginProcessBlock
Setting validity for record "L1MuGMTParametersRcd" and corresponding label(s): starting at run: 255233 lumi: 0 event: 0, timestamp: 0, ending at run: 4294967295 lumi: 4294967295 event: 18446744073709551615, timestamp: 0, for run: 382216 lumi: 0 event: 0, timestamp: 7382394804334179328; from CondDBESSource::setIntervalFor
%MSG
%MSG-i CondDBESSource:  PostBeginProcessBlock 09-Feb-2026 14:36:47 CET  PostBeginProcessBlock
Getting data for record "L1MuTriggerScalesRcd" to be consumed on Run: 382216 - Lumiblock:0 - Timestamp: 7382394804334179328; from CondDBESSource::setIntervalFor
%MSG
%MSG-i CondDBESSource:  PostBeginProcessBlock 09-Feb-2026 14:36:47 CET  PostBeginProcessBlock
Processing record "L1MuTriggerScalesRcd" and label "" for run: 382216 lumi: 0 event: 0, timestamp: 7382394804334179328; from CondDBESSource::setIntervalFor
%MSG
%MSG-i CondDBESSource:  PostBeginProcessBlock 09-Feb-2026 14:36:47 CET  PostBeginProcessBlock
Validity coming from IOV sequence for record "L1MuTriggerScalesRcd" and label "": (105426, 18446744073709551615) for time (type: runnumber) 382216; from CondDBESSource::setIntervalFor
%MSG
%MSG-i CondDBESSource:  PostBeginProcessBlock 09-Feb-2026 14:36:47 CET  PostBeginProcessBlock
Setting validity for record "L1MuTriggerScalesRcd" and corresponding label(s): starting at run: 105426 lumi: 0 event: 0, timestamp: 0, ending at run: 4294967295 lumi: 4294967295 event: 18446744073709551615, timestamp: 0, for run: 382216 lumi: 0 event: 0, timestamp: 7382394804334179328; from CondDBESSource::setIntervalFor
%MSG
%MSG-i CondDBESSource:  PostBeginProcessBlock 09-Feb-2026 14:36:47 CET  PostBeginProcessBlock
Getting data for record "L1TUtmTriggerMenuRcd" to be consumed on Run: 382216 - Lumiblock:0 - Timestamp: 7382394804334179328; from CondDBESSource::setIntervalFor
%MSG
%MSG-i CondDBESSource:  PostBeginProcessBlock 09-Feb-2026 14:36:47 CET  PostBeginProcessBlock
Processing record "L1TUtmTriggerMenuRcd" and label "" for run: 382216 lumi: 0 event: 0, timestamp: 7382394804334179328; from CondDBESSource::setIntervalFor
%MSG
%MSG-i CondDBESSource:  PostBeginProcessBlock 09-Feb-2026 14:36:47 CET  PostBeginProcessBlock
Validity coming from IOV sequence for record "L1TUtmTriggerMenuRcd" and label "": (380956, 383565) for time (type: runnumber) 382216; from CondDBESSource::setIntervalFor
%MSG
%MSG-i CondDBESSource:  PostBeginProcessBlock 09-Feb-2026 14:36:47 CET  PostBeginProcessBlock
Setting validity for record "L1TUtmTriggerMenuRcd" and corresponding label(s): starting at run: 380956 lumi: 0 event: 0, timestamp: 0, ending at run: 383565 lumi: 4294967295 event: 18446744073709551615, timestamp: 0, for run: 382216 lumi: 0 event: 0, timestamp: 7382394804334179328; from CondDBESSource::setIntervalFor
%MSG
%MSG-i CondDBESSource:  PostBeginProcessBlock 09-Feb-2026 14:36:47 CET  PostBeginProcessBlock
Getting data for record "RPCTwinMuxLinkMapRcd" to be consumed on Run: 382216 - Lumiblock:0 - Timestamp: 7382394804334179328; from CondDBESSource::setIntervalFor
%MSG
%MSG-i CondDBESSource:  PostBeginProcessBlock 09-Feb-2026 14:36:47 CET  PostBeginProcessBlock
Processing record "RPCTwinMuxLinkMapRcd" and label "" for run: 382216 lumi: 0 event: 0, timestamp: 7382394804334179328; from CondDBESSource::setIntervalFor
%MSG
%MSG-i CondDBESSource:  PostBeginProcessBlock 09-Feb-2026 14:36:47 CET  PostBeginProcessBlock
Validity coming from IOV sequence for record "RPCTwinMuxLinkMapRcd" and label "": (1, 18446744073709551615) for time (type: runnumber) 382216; from CondDBESSource::setIntervalFor
%MSG
%MSG-i CondDBESSource:  PostBeginProcessBlock 09-Feb-2026 14:36:47 CET  PostBeginProcessBlock
Setting validity for record "RPCTwinMuxLinkMapRcd" and corresponding label(s): starting at run: 1 lumi: 0 event: 0, timestamp: 0, ending at run: 4294967295 lumi: 4294967295 event: 18446744073709551615, timestamp: 0, for run: 382216 lumi: 0 event: 0, timestamp: 7382394804334179328; from CondDBESSource::setIntervalFor
%MSG
%MSG-i CondDBESSource:  PostBeginProcessBlock 09-Feb-2026 14:36:47 CET  PostBeginProcessBlock
Getting data for record "TauTagMVAComputerRcd" to be consumed on Run: 382216 - Lumiblock:0 - Timestamp: 7382394804334179328; from CondDBESSource::setIntervalFor
%MSG
%MSG-i CondDBESSource:  PostBeginProcessBlock 09-Feb-2026 14:36:47 CET  PostBeginProcessBlock
Processing record "TauTagMVAComputerRcd" and label "" for run: 382216 lumi: 0 event: 0, timestamp: 7382394804334179328; from CondDBESSource::setIntervalFor
%MSG
%MSG-i CondDBESSource:  PostBeginProcessBlock 09-Feb-2026 14:36:47 CET  PostBeginProcessBlock
Validity coming from IOV sequence for record "TauTagMVAComputerRcd" and label "": (1, 18446744073709551615) for time (type: runnumber) 382216; from CondDBESSource::setIntervalFor
%MSG
%MSG-i CondDBESSource:  PostBeginProcessBlock 09-Feb-2026 14:36:47 CET  PostBeginProcessBlock
Processing record "TauTagMVAComputerRcd" and label "hpstanc" for run: 382216 lumi: 0 event: 0, timestamp: 7382394804334179328; from CondDBESSource::setIntervalFor
%MSG
%MSG-i CondDBESSource:  PostBeginProcessBlock 09-Feb-2026 14:36:47 CET  PostBeginProcessBlock
Validity coming from IOV sequence for record "TauTagMVAComputerRcd" and label "hpstanc": (1, 18446744073709551615) for time (type: runnumber) 382216; from CondDBESSource::setIntervalFor
%MSG
%MSG-i CondDBESSource:  PostBeginProcessBlock 09-Feb-2026 14:36:47 CET  PostBeginProcessBlock
Setting validity for record "TauTagMVAComputerRcd" and corresponding label(s): starting at run: 1 lumi: 0 event: 0, timestamp: 0, ending at run: 4294967295 lumi: 4294967295 event: 18446744073709551615, timestamp: 0, for run: 382216 lumi: 0 event: 0, timestamp: 7382394804334179328; from CondDBESSource::setIntervalFor
%MSG
%MSG-i CondDBESSource:  PostBeginProcessBlock 09-Feb-2026 14:36:47 CET  PostBeginProcessBlock
Getting data for record "TotemAnalysisMaskRcd" to be consumed on Run: 382216 - Lumiblock:0 - Timestamp: 7382394804334179328; from CondDBESSource::setIntervalFor
%MSG
%MSG-i CondDBESSource:  PostBeginProcessBlock 09-Feb-2026 14:36:47 CET  PostBeginProcessBlock
Processing record "TotemAnalysisMaskRcd" and label "" for run: 382216 lumi: 0 event: 0, timestamp: 7382394804334179328; from CondDBESSource::setIntervalFor
%MSG
%MSG-i CondDBESSource:  PostBeginProcessBlock 09-Feb-2026 14:36:47 CET  PostBeginProcessBlock
Validity coming from IOV sequence for record "TotemAnalysisMaskRcd" and label "": (1, 18446744073709551615) for time (type: runnumber) 382216; from CondDBESSource::setIntervalFor
%MSG
%MSG-i CondDBESSource:  PostBeginProcessBlock 09-Feb-2026 14:36:47 CET  PostBeginProcessBlock
Setting validity for record "TotemAnalysisMaskRcd" and corresponding label(s): starting at run: 1 lumi: 0 event: 0, timestamp: 0, ending at run: 4294967295 lumi: 4294967295 event: 18446744073709551615, timestamp: 0, for run: 382216 lumi: 0 event: 0, timestamp: 7382394804334179328; from CondDBESSource::setIntervalFor
%MSG
%MSG-i CondDBESSource:  PostBeginProcessBlock 09-Feb-2026 14:36:47 CET  PostBeginProcessBlock
Getting data for record "AlignPCLThresholdsRcd" to be consumed on Run: 382216 - Lumiblock:0 - Timestamp: 7382394804334179328; from CondDBESSource::setIntervalFor
%MSG
%MSG-i CondDBESSource:  PostBeginProcessBlock 09-Feb-2026 14:36:47 CET  PostBeginProcessBlock
Processing record "AlignPCLThresholdsRcd" and label "" for run: 382216 lumi: 0 event: 0, timestamp: 7382394804334179328; from CondDBESSource::setIntervalFor
%MSG
%MSG-i CondDBESSource:  PostBeginProcessBlock 09-Feb-2026 14:36:47 CET  PostBeginProcessBlock
Validity coming from IOV sequence for record "AlignPCLThresholdsRcd" and label "": (1, 18446744073709551615) for time (type: runnumber) 382216; from CondDBESSource::setIntervalFor
%MSG
%MSG-i CondDBESSource:  PostBeginProcessBlock 09-Feb-2026 14:36:47 CET  PostBeginProcessBlock
Setting validity for record "AlignPCLThresholdsRcd" and corresponding label(s): starting at run: 1 lumi: 0 event: 0, timestamp: 0, ending at run: 4294967295 lumi: 4294967295 event: 18446744073709551615, timestamp: 0, for run: 382216 lumi: 0 event: 0, timestamp: 7382394804334179328; from CondDBESSource::setIntervalFor
%MSG
%MSG-i CondDBESSource:  PostBeginProcessBlock 09-Feb-2026 14:36:47 CET  PostBeginProcessBlock
Getting data for record "ESMIPToGeVConstantRcd" to be consumed on Run: 382216 - Lumiblock:0 - Timestamp: 7382394804334179328; from CondDBESSource::setIntervalFor
%MSG
%MSG-i CondDBESSource:  PostBeginProcessBlock 09-Feb-2026 14:36:47 CET  PostBeginProcessBlock
Processing record "ESMIPToGeVConstantRcd" and label "" for run: 382216 lumi: 0 event: 0, timestamp: 7382394804334179328; from CondDBESSource::setIntervalFor
%MSG
%MSG-i CondDBESSource:  PostBeginProcessBlock 09-Feb-2026 14:36:47 CET  PostBeginProcessBlock
Validity coming from IOV sequence for record "ESMIPToGeVConstantRcd" and label "": (1, 18446744073709551615) for time (type: runnumber) 382216; from CondDBESSource::setIntervalFor
%MSG
%MSG-i CondDBESSource:  PostBeginProcessBlock 09-Feb-2026 14:36:47 CET  PostBeginProcessBlock
Setting validity for record "ESMIPToGeVConstantRcd" and corresponding label(s): starting at run: 1 lumi: 0 event: 0, timestamp: 0, ending at run: 4294967295 lumi: 4294967295 event: 18446744073709551615, timestamp: 0, for run: 382216 lumi: 0 event: 0, timestamp: 7382394804334179328; from CondDBESSource::setIntervalFor
%MSG
%MSG-i CondDBESSource:  PostBeginProcessBlock 09-Feb-2026 14:36:47 CET  PostBeginProcessBlock
Getting data for record "EcalDAQTowerStatusRcd" to be consumed on Run: 382216 - Lumiblock:0 - Timestamp: 7382394804334179328; from CondDBESSource::setIntervalFor
%MSG
%MSG-i CondDBESSource:  PostBeginProcessBlock 09-Feb-2026 14:36:47 CET  PostBeginProcessBlock
Processing record "EcalDAQTowerStatusRcd" and label "" for run: 382216 lumi: 0 event: 0, timestamp: 7382394804334179328; from CondDBESSource::setIntervalFor
%MSG
%MSG-i CondDBESSource:  PostBeginProcessBlock 09-Feb-2026 14:36:47 CET  PostBeginProcessBlock
Validity coming from IOV sequence for record "EcalDAQTowerStatusRcd" and label "": (382084, 382446) for time (type: runnumber) 382216; from CondDBESSource::setIntervalFor
%MSG
%MSG-i CondDBESSource:  PostBeginProcessBlock 09-Feb-2026 14:36:47 CET  PostBeginProcessBlock
Setting validity for record "EcalDAQTowerStatusRcd" and corresponding label(s): starting at run: 382084 lumi: 0 event: 0, timestamp: 0, ending at run: 382446 lumi: 4294967295 event: 18446744073709551615, timestamp: 0, for run: 382216 lumi: 0 event: 0, timestamp: 7382394804334179328; from CondDBESSource::setIntervalFor
%MSG
%MSG-i CondDBESSource:  PostBeginProcessBlock 09-Feb-2026 14:36:47 CET  PostBeginProcessBlock
Getting data for record "EcalDCSTowerStatusRcd" to be consumed on Run: 382216 - Lumiblock:0 - Timestamp: 7382394804334179328; from CondDBESSource::setIntervalFor
%MSG
%MSG-i CondDBESSource:  PostBeginProcessBlock 09-Feb-2026 14:36:47 CET  PostBeginProcessBlock
Processing record "EcalDCSTowerStatusRcd" and label "" for run: 382216 lumi: 0 event: 0, timestamp: 7382394804334179328; from CondDBESSource::setIntervalFor
%MSG
%MSG-i CondDBESSource:  PostBeginProcessBlock 09-Feb-2026 14:36:47 CET  PostBeginProcessBlock
Validity coming from IOV sequence for record "EcalDCSTowerStatusRcd" and label "": (267600, 18446744073709551615) for time (type: runnumber) 382216; from CondDBESSource::setIntervalFor
%MSG
%MSG-i CondDBESSource:  PostBeginProcessBlock 09-Feb-2026 14:36:47 CET  PostBeginProcessBlock
Setting validity for record "EcalDCSTowerStatusRcd" and corresponding label(s): starting at run: 267600 lumi: 0 event: 0, timestamp: 0, ending at run: 4294967295 lumi: 4294967295 event: 18446744073709551615, timestamp: 0, for run: 382216 lumi: 0 event: 0, timestamp: 7382394804334179328; from CondDBESSource::setIntervalFor
%MSG
%MSG-i CondDBESSource:  PostBeginProcessBlock 09-Feb-2026 14:36:47 CET  PostBeginProcessBlock
Getting data for record "EcalDQMTowerStatusRcd" to be consumed on Run: 382216 - Lumiblock:0 - Timestamp: 7382394804334179328; from CondDBESSource::setIntervalFor
%MSG
%MSG-i CondDBESSource:  PostBeginProcessBlock 09-Feb-2026 14:36:47 CET  PostBeginProcessBlock
Processing record "EcalDQMTowerStatusRcd" and label "" for run: 382216 lumi: 0 event: 0, timestamp: 7382394804334179328; from CondDBESSource::setIntervalFor
%MSG
%MSG-i CondDBESSource:  PostBeginProcessBlock 09-Feb-2026 14:36:47 CET  PostBeginProcessBlock
Validity coming from IOV sequence for record "EcalDQMTowerStatusRcd" and label "": (216132, 18446744073709551615) for time (type: runnumber) 382216; from CondDBESSource::setIntervalFor
%MSG
%MSG-i CondDBESSource:  PostBeginProcessBlock 09-Feb-2026 14:36:47 CET  PostBeginProcessBlock
Setting validity for record "EcalDQMTowerStatusRcd" and corresponding label(s): starting at run: 216132 lumi: 0 event: 0, timestamp: 0, ending at run: 4294967295 lumi: 4294967295 event: 18446744073709551615, timestamp: 0, for run: 382216 lumi: 0 event: 0, timestamp: 7382394804334179328; from CondDBESSource::setIntervalFor
%MSG
%MSG-i CondDBESSource:  PostBeginProcessBlock 09-Feb-2026 14:36:47 CET  PostBeginProcessBlock
Getting data for record "EcalTPGStripStatusRcd" to be consumed on Run: 382216 - Lumiblock:0 - Timestamp: 7382394804334179328; from CondDBESSource::setIntervalFor
%MSG
%MSG-i CondDBESSource:  PostBeginProcessBlock 09-Feb-2026 14:36:47 CET  PostBeginProcessBlock
Processing record "EcalTPGStripStatusRcd" and label "" for run: 382216 lumi: 0 event: 0, timestamp: 7382394804334179328; from CondDBESSource::setIntervalFor
%MSG
%MSG-i CondDBESSource:  PostBeginProcessBlock 09-Feb-2026 14:36:47 CET  PostBeginProcessBlock
Validity coming from IOV sequence for record "EcalTPGStripStatusRcd" and label "": (382147, 382262) for time (type: runnumber) 382216; from CondDBESSource::setIntervalFor
%MSG
%MSG-i CondDBESSource:  PostBeginProcessBlock 09-Feb-2026 14:36:47 CET  PostBeginProcessBlock
Setting validity for record "EcalTPGStripStatusRcd" and corresponding label(s): starting at run: 382147 lumi: 0 event: 0, timestamp: 0, ending at run: 382262 lumi: 4294967295 event: 18446744073709551615, timestamp: 0, for run: 382216 lumi: 0 event: 0, timestamp: 7382394804334179328; from CondDBESSource::setIntervalFor
%MSG
%MSG-i CondDBESSource:  PostBeginProcessBlock 09-Feb-2026 14:36:47 CET  PostBeginProcessBlock
Getting data for record "EcalTPGTowerStatusRcd" to be consumed on Run: 382216 - Lumiblock:0 - Timestamp: 7382394804334179328; from CondDBESSource::setIntervalFor
%MSG
%MSG-i CondDBESSource:  PostBeginProcessBlock 09-Feb-2026 14:36:47 CET  PostBeginProcessBlock
Processing record "EcalTPGTowerStatusRcd" and label "" for run: 382216 lumi: 0 event: 0, timestamp: 7382394804334179328; from CondDBESSource::setIntervalFor
%MSG
%MSG-i CondDBESSource:  PostBeginProcessBlock 09-Feb-2026 14:36:47 CET  PostBeginProcessBlock
Validity coming from IOV sequence for record "EcalTPGTowerStatusRcd" and label "": (381508, 382262) for time (type: runnumber) 382216; from CondDBESSource::setIntervalFor
%MSG
%MSG-i CondDBESSource:  PostBeginProcessBlock 09-Feb-2026 14:36:47 CET  PostBeginProcessBlock
Setting validity for record "EcalTPGTowerStatusRcd" and corresponding label(s): starting at run: 381508 lumi: 0 event: 0, timestamp: 0, ending at run: 382262 lumi: 4294967295 event: 18446744073709551615, timestamp: 0, for run: 382216 lumi: 0 event: 0, timestamp: 7382394804334179328; from CondDBESSource::setIntervalFor
%MSG
%MSG-i CondDBESSource:  PostBeginProcessBlock 09-Feb-2026 14:36:47 CET  PostBeginProcessBlock
Getting data for record "EcalTPGWeightGroupRcd" to be consumed on Run: 382216 - Lumiblock:0 - Timestamp: 7382394804334179328; from CondDBESSource::setIntervalFor
%MSG
%MSG-i CondDBESSource:  PostBeginProcessBlock 09-Feb-2026 14:36:47 CET  PostBeginProcessBlock
Processing record "EcalTPGWeightGroupRcd" and label "" for run: 382216 lumi: 0 event: 0, timestamp: 7382394804334179328; from CondDBESSource::setIntervalFor
%MSG
%MSG-i CondDBESSource:  PostBeginProcessBlock 09-Feb-2026 14:36:47 CET  PostBeginProcessBlock
Validity coming from IOV sequence for record "EcalTPGWeightGroupRcd" and label "": (382215, 382234) for time (type: runnumber) 382216; from CondDBESSource::setIntervalFor
%MSG
%MSG-i CondDBESSource:  PostBeginProcessBlock 09-Feb-2026 14:36:47 CET  PostBeginProcessBlock
Setting validity for record "EcalTPGWeightGroupRcd" and corresponding label(s): starting at run: 382215 lumi: 0 event: 0, timestamp: 0, ending at run: 382234 lumi: 4294967295 event: 18446744073709551615, timestamp: 0, for run: 382216 lumi: 0 event: 0, timestamp: 7382394804334179328; from CondDBESSource::setIntervalFor
%MSG
%MSG-i CondDBESSource:  PostBeginProcessBlock 09-Feb-2026 14:36:47 CET  PostBeginProcessBlock
Getting data for record "EcalTPGWeightIdMapRcd" to be consumed on Run: 382216 - Lumiblock:0 - Timestamp: 7382394804334179328; from CondDBESSource::setIntervalFor
%MSG
%MSG-i CondDBESSource:  PostBeginProcessBlock 09-Feb-2026 14:36:47 CET  PostBeginProcessBlock
Processing record "EcalTPGWeightIdMapRcd" and label "" for run: 382216 lumi: 0 event: 0, timestamp: 7382394804334179328; from CondDBESSource::setIntervalFor
%MSG
%MSG-i CondDBESSource:  PostBeginProcessBlock 09-Feb-2026 14:36:47 CET  PostBeginProcessBlock
Validity coming from IOV sequence for record "EcalTPGWeightIdMapRcd" and label "": (382215, 382234) for time (type: runnumber) 382216; from CondDBESSource::setIntervalFor
%MSG
%MSG-i CondDBESSource:  PostBeginProcessBlock 09-Feb-2026 14:36:47 CET  PostBeginProcessBlock
Setting validity for record "EcalTPGWeightIdMapRcd" and corresponding label(s): starting at run: 382215 lumi: 0 event: 0, timestamp: 0, ending at run: 382234 lumi: 4294967295 event: 18446744073709551615, timestamp: 0, for run: 382216 lumi: 0 event: 0, timestamp: 7382394804334179328; from CondDBESSource::setIntervalFor
%MSG
%MSG-i CondDBESSource:  PostBeginProcessBlock 09-Feb-2026 14:36:47 CET  PostBeginProcessBlock
Getting data for record "HcalLongRecoParamsRcd" to be consumed on Run: 382216 - Lumiblock:0 - Timestamp: 7382394804334179328; from CondDBESSource::setIntervalFor
%MSG
%MSG-i CondDBESSource:  PostBeginProcessBlock 09-Feb-2026 14:36:47 CET  PostBeginProcessBlock
Processing record "HcalLongRecoParamsRcd" and label "" for run: 382216 lumi: 0 event: 0, timestamp: 7382394804334179328; from CondDBESSource::setIntervalFor
%MSG
%MSG-i CondDBESSource:  PostBeginProcessBlock 09-Feb-2026 14:36:47 CET  PostBeginProcessBlock
Validity coming from IOV sequence for record "HcalLongRecoParamsRcd" and label "": (309055, 387515) for time (type: runnumber) 382216; from CondDBESSource::setIntervalFor
%MSG
%MSG-i CondDBESSource:  PostBeginProcessBlock 09-Feb-2026 14:36:47 CET  PostBeginProcessBlock
Setting validity for record "HcalLongRecoParamsRcd" and corresponding label(s): starting at run: 309055 lumi: 0 event: 0, timestamp: 0, ending at run: 387515 lumi: 4294967295 event: 18446744073709551615, timestamp: 0, for run: 382216 lumi: 0 event: 0, timestamp: 7382394804334179328; from CondDBESSource::setIntervalFor
%MSG
%MSG-i CondDBESSource:  PostBeginProcessBlock 09-Feb-2026 14:36:47 CET  PostBeginProcessBlock
Getting data for record "L1MuCSCTFAlignmentRcd" to be consumed on Run: 382216 - Lumiblock:0 - Timestamp: 7382394804334179328; from CondDBESSource::setIntervalFor
%MSG
%MSG-i CondDBESSource:  PostBeginProcessBlock 09-Feb-2026 14:36:47 CET  PostBeginProcessBlock
Processing record "L1MuCSCTFAlignmentRcd" and label "" for run: 382216 lumi: 0 event: 0, timestamp: 7382394804334179328; from CondDBESSource::setIntervalFor
%MSG
%MSG-i CondDBESSource:  PostBeginProcessBlock 09-Feb-2026 14:36:47 CET  PostBeginProcessBlock
Validity coming from IOV sequence for record "L1MuCSCTFAlignmentRcd" and label "": (65674, 18446744073709551615) for time (type: runnumber) 382216; from CondDBESSource::setIntervalFor
%MSG
%MSG-i CondDBESSource:  PostBeginProcessBlock 09-Feb-2026 14:36:47 CET  PostBeginProcessBlock
Setting validity for record "L1MuCSCTFAlignmentRcd" and corresponding label(s): starting at run: 65674 lumi: 0 event: 0, timestamp: 0, ending at run: 4294967295 lumi: 4294967295 event: 18446744073709551615, timestamp: 0, for run: 382216 lumi: 0 event: 0, timestamp: 7382394804334179328; from CondDBESSource::setIntervalFor
%MSG
%MSG-i CondDBESSource:  PostBeginProcessBlock 09-Feb-2026 14:36:47 CET  PostBeginProcessBlock
Getting data for record "L1MuDTTFParametersRcd" to be consumed on Run: 382216 - Lumiblock:0 - Timestamp: 7382394804334179328; from CondDBESSource::setIntervalFor
%MSG
%MSG-i CondDBESSource:  PostBeginProcessBlock 09-Feb-2026 14:36:47 CET  PostBeginProcessBlock
Processing record "L1MuDTTFParametersRcd" and label "" for run: 382216 lumi: 0 event: 0, timestamp: 7382394804334179328; from CondDBESSource::setIntervalFor
%MSG
%MSG-i CondDBESSource:  PostBeginProcessBlock 09-Feb-2026 14:36:47 CET  PostBeginProcessBlock
Validity coming from IOV sequence for record "L1MuDTTFParametersRcd" and label "": (232454, 18446744073709551615) for time (type: runnumber) 382216; from CondDBESSource::setIntervalFor
%MSG
%MSG-i CondDBESSource:  PostBeginProcessBlock 09-Feb-2026 14:36:47 CET  PostBeginProcessBlock
Setting validity for record "L1MuDTTFParametersRcd" and corresponding label(s): starting at run: 232454 lumi: 0 event: 0, timestamp: 0, ending at run: 4294967295 lumi: 4294967295 event: 18446744073709551615, timestamp: 0, for run: 382216 lumi: 0 event: 0, timestamp: 7382394804334179328; from CondDBESSource::setIntervalFor
%MSG
%MSG-i CondDBESSource:  PostBeginProcessBlock 09-Feb-2026 14:36:47 CET  PostBeginProcessBlock
Getting data for record "L1MuGMTChannelMaskRcd" to be consumed on Run: 382216 - Lumiblock:0 - Timestamp: 7382394804334179328; from CondDBESSource::setIntervalFor
%MSG
%MSG-i CondDBESSource:  PostBeginProcessBlock 09-Feb-2026 14:36:47 CET  PostBeginProcessBlock
Processing record "L1MuGMTChannelMaskRcd" and label "" for run: 382216 lumi: 0 event: 0, timestamp: 7382394804334179328; from CondDBESSource::setIntervalFor
%MSG
%MSG-i CondDBESSource:  PostBeginProcessBlock 09-Feb-2026 14:36:47 CET  PostBeginProcessBlock
Validity coming from IOV sequence for record "L1MuGMTChannelMaskRcd" and label "": (263154, 18446744073709551615) for time (type: runnumber) 382216; from CondDBESSource::setIntervalFor
%MSG
%MSG-i CondDBESSource:  PostBeginProcessBlock 09-Feb-2026 14:36:47 CET  PostBeginProcessBlock
Setting validity for record "L1MuGMTChannelMaskRcd" and corresponding label(s): starting at run: 263154 lumi: 0 event: 0, timestamp: 0, ending at run: 4294967295 lumi: 4294967295 event: 18446744073709551615, timestamp: 0, for run: 382216 lumi: 0 event: 0, timestamp: 7382394804334179328; from CondDBESSource::setIntervalFor
%MSG
%MSG-i CondDBESSource:  PostBeginProcessBlock 09-Feb-2026 14:36:47 CET  PostBeginProcessBlock
Getting data for record "L1MuTriggerPtScaleRcd" to be consumed on Run: 382216 - Lumiblock:0 - Timestamp: 7382394804334179328; from CondDBESSource::setIntervalFor
%MSG
%MSG-i CondDBESSource:  PostBeginProcessBlock 09-Feb-2026 14:36:47 CET  PostBeginProcessBlock
Processing record "L1MuTriggerPtScaleRcd" and label "" for run: 382216 lumi: 0 event: 0, timestamp: 7382394804334179328; from CondDBESSource::setIntervalFor
%MSG
%MSG-i CondDBESSource:  PostBeginProcessBlock 09-Feb-2026 14:36:47 CET  PostBeginProcessBlock
Validity coming from IOV sequence for record "L1MuTriggerPtScaleRcd" and label "": (105425, 18446744073709551615) for time (type: runnumber) 382216; from CondDBESSource::setIntervalFor
%MSG
%MSG-i CondDBESSource:  PostBeginProcessBlock 09-Feb-2026 14:36:47 CET  PostBeginProcessBlock
Setting validity for record "L1MuTriggerPtScaleRcd" and corresponding label(s): starting at run: 105425 lumi: 0 event: 0, timestamp: 0, ending at run: 4294967295 lumi: 4294967295 event: 18446744073709551615, timestamp: 0, for run: 382216 lumi: 0 event: 0, timestamp: 7382394804334179328; from CondDBESSource::setIntervalFor
%MSG
%MSG-i CondDBESSource:  PostBeginProcessBlock 09-Feb-2026 14:36:47 CET  PostBeginProcessBlock
Getting data for record "PPSAssociationCutsRcd" to be consumed on Run: 382216 - Lumiblock:0 - Timestamp: 7382394804334179328; from CondDBESSource::setIntervalFor
%MSG
%MSG-i CondDBESSource:  PostBeginProcessBlock 09-Feb-2026 14:36:47 CET  PostBeginProcessBlock
Processing record "PPSAssociationCutsRcd" and label "" for run: 382216 lumi: 0 event: 0, timestamp: 7382394804334179328; from CondDBESSource::setIntervalFor
%MSG
%MSG-i CondDBESSource:  PostBeginProcessBlock 09-Feb-2026 14:36:47 CET  PostBeginProcessBlock
Validity coming from IOV sequence for record "PPSAssociationCutsRcd" and label "": (343890, 18446744073709551615) for time (type: runnumber) 382216; from CondDBESSource::setIntervalFor
%MSG
%MSG-i CondDBESSource:  PostBeginProcessBlock 09-Feb-2026 14:36:47 CET  PostBeginProcessBlock
Setting validity for record "PPSAssociationCutsRcd" and corresponding label(s): starting at run: 343890 lumi: 0 event: 0, timestamp: 0, ending at run: 4294967295 lumi: 4294967295 event: 18446744073709551615, timestamp: 0, for run: 382216 lumi: 0 event: 0, timestamp: 7382394804334179328; from CondDBESSource::setIntervalFor
%MSG
%MSG-i CondDBESSource:  PostBeginProcessBlock 09-Feb-2026 14:36:47 CET  PostBeginProcessBlock
Getting data for record "RPRealAlignmentRecord" to be consumed on Run: 382216 - Lumiblock:0 - Timestamp: 7382394804334179328; from CondDBESSource::setIntervalFor
%MSG
%MSG-i CondDBESSource:  PostBeginProcessBlock 09-Feb-2026 14:36:47 CET  PostBeginProcessBlock
Processing record "RPRealAlignmentRecord" and label "" for run: 382216 lumi: 0 event: 0, timestamp: 7382394804334179328; from CondDBESSource::setIntervalFor
%MSG
%MSG-i CondDBESSource:  PostBeginProcessBlock 09-Feb-2026 14:36:47 CET  PostBeginProcessBlock
Validity coming from IOV sequence for record "RPRealAlignmentRecord" and label "": (340000, 383831) for time (type: runnumber) 382216; from CondDBESSource::setIntervalFor
%MSG
%MSG-i CondDBESSource:  PostBeginProcessBlock 09-Feb-2026 14:36:47 CET  PostBeginProcessBlock
Setting validity for record "RPRealAlignmentRecord" and corresponding label(s): starting at run: 340000 lumi: 0 event: 0, timestamp: 0, ending at run: 383831 lumi: 4294967295 event: 18446744073709551615, timestamp: 0, for run: 382216 lumi: 0 event: 0, timestamp: 7382394804334179328; from CondDBESSource::setIntervalFor
%MSG
%MSG-i CondDBESSource:  PostBeginProcessBlock 09-Feb-2026 14:36:47 CET  PostBeginProcessBlock
Getting data for record "SiStripDeDxMip_3D_Rcd" to be consumed on Run: 382216 - Lumiblock:0 - Timestamp: 7382394804334179328; from CondDBESSource::setIntervalFor
%MSG
%MSG-i CondDBESSource:  PostBeginProcessBlock 09-Feb-2026 14:36:47 CET  PostBeginProcessBlock
Processing record "SiStripDeDxMip_3D_Rcd" and label "" for run: 382216 lumi: 0 event: 0, timestamp: 7382394804334179328; from CondDBESSource::setIntervalFor
%MSG
%MSG-i CondDBESSource:  PostBeginProcessBlock 09-Feb-2026 14:36:47 CET  PostBeginProcessBlock
Validity coming from IOV sequence for record "SiStripDeDxMip_3D_Rcd" and label "": (132440, 18446744073709551615) for time (type: runnumber) 382216; from CondDBESSource::setIntervalFor
%MSG
%MSG-i CondDBESSource:  PostBeginProcessBlock 09-Feb-2026 14:36:47 CET  PostBeginProcessBlock
Setting validity for record "SiStripDeDxMip_3D_Rcd" and corresponding label(s): starting at run: 132440 lumi: 0 event: 0, timestamp: 0, ending at run: 4294967295 lumi: 4294967295 event: 18446744073709551615, timestamp: 0, for run: 382216 lumi: 0 event: 0, timestamp: 7382394804334179328; from CondDBESSource::setIntervalFor
%MSG
%MSG-i CondDBESSource:  PostBeginProcessBlock 09-Feb-2026 14:36:47 CET  PostBeginProcessBlock
Getting data for record "AlCaRecoTriggerBitsRcd" to be consumed on Run: 382216 - Lumiblock:0 - Timestamp: 7382394804334179328; from CondDBESSource::setIntervalFor
%MSG
%MSG-i CondDBESSource:  PostBeginProcessBlock 09-Feb-2026 14:36:47 CET  PostBeginProcessBlock
Processing record "AlCaRecoTriggerBitsRcd" and label "" for run: 382216 lumi: 0 event: 0, timestamp: 7382394804334179328; from CondDBESSource::setIntervalFor
%MSG
%MSG-i CondDBESSource:  PostBeginProcessBlock 09-Feb-2026 14:36:47 CET  PostBeginProcessBlock
Validity coming from IOV sequence for record "AlCaRecoTriggerBitsRcd" and label "": (379302, 387589) for time (type: runnumber) 382216; from CondDBESSource::setIntervalFor
%MSG
%MSG-i CondDBESSource:  PostBeginProcessBlock 09-Feb-2026 14:36:47 CET  PostBeginProcessBlock
Processing record "AlCaRecoTriggerBitsRcd" and label "JetMETDQMTrigger" for run: 382216 lumi: 0 event: 0, timestamp: 7382394804334179328; from CondDBESSource::setIntervalFor
%MSG
%MSG-i CondDBESSource:  PostBeginProcessBlock 09-Feb-2026 14:36:47 CET  PostBeginProcessBlock
Validity coming from IOV sequence for record "AlCaRecoTriggerBitsRcd" and label "JetMETDQMTrigger": (181889, 18446744073709551615) for time (type: runnumber) 382216; from CondDBESSource::setIntervalFor
%MSG
%MSG-i CondDBESSource:  PostBeginProcessBlock 09-Feb-2026 14:36:47 CET  PostBeginProcessBlock
Processing record "AlCaRecoTriggerBitsRcd" and label "MuonDQMTrigger" for run: 382216 lumi: 0 event: 0, timestamp: 7382394804334179328; from CondDBESSource::setIntervalFor
%MSG
%MSG-i CondDBESSource:  PostBeginProcessBlock 09-Feb-2026 14:36:47 CET  PostBeginProcessBlock
Validity coming from IOV sequence for record "AlCaRecoTriggerBitsRcd" and label "MuonDQMTrigger": (347303, 18446744073709551615) for time (type: runnumber) 382216; from CondDBESSource::setIntervalFor
%MSG
%MSG-i CondDBESSource:  PostBeginProcessBlock 09-Feb-2026 14:36:47 CET  PostBeginProcessBlock
Processing record "AlCaRecoTriggerBitsRcd" and label "SecondaryDatasetTrigger" for run: 382216 lumi: 0 event: 0, timestamp: 7382394804334179328; from CondDBESSource::setIntervalFor
%MSG
%MSG-i CondDBESSource:  PostBeginProcessBlock 09-Feb-2026 14:36:47 CET  PostBeginProcessBlock
Validity coming from IOV sequence for record "AlCaRecoTriggerBitsRcd" and label "SecondaryDatasetTrigger": (376421, 18446744073709551615) for time (type: runnumber) 382216; from CondDBESSource::setIntervalFor
%MSG
%MSG-i CondDBESSource:  PostBeginProcessBlock 09-Feb-2026 14:36:47 CET  PostBeginProcessBlock
Processing record "AlCaRecoTriggerBitsRcd" and label "SiStripDQMTrigger" for run: 382216 lumi: 0 event: 0, timestamp: 7382394804334179328; from CondDBESSource::setIntervalFor
%MSG
%MSG-i CondDBESSource:  PostBeginProcessBlock 09-Feb-2026 14:36:47 CET  PostBeginProcessBlock
Validity coming from IOV sequence for record "AlCaRecoTriggerBitsRcd" and label "SiStripDQMTrigger": (346076, 18446744073709551615) for time (type: runnumber) 382216; from CondDBESSource::setIntervalFor
%MSG
%MSG-i CondDBESSource:  PostBeginProcessBlock 09-Feb-2026 14:36:47 CET  PostBeginProcessBlock
Setting validity for record "AlCaRecoTriggerBitsRcd" and corresponding label(s): starting at run: 379302 lumi: 0 event: 0, timestamp: 0, ending at run: 387589 lumi: 4294967295 event: 18446744073709551615, timestamp: 0, for run: 382216 lumi: 0 event: 0, timestamp: 7382394804334179328; from CondDBESSource::setIntervalFor
%MSG
%MSG-i CondDBESSource:  PostBeginProcessBlock 09-Feb-2026 14:36:47 CET  PostBeginProcessBlock
Getting data for record "CSCDBL1TPParametersRcd" to be consumed on Run: 382216 - Lumiblock:0 - Timestamp: 7382394804334179328; from CondDBESSource::setIntervalFor
%MSG
%MSG-i CondDBESSource:  PostBeginProcessBlock 09-Feb-2026 14:36:47 CET  PostBeginProcessBlock
Processing record "CSCDBL1TPParametersRcd" and label "" for run: 382216 lumi: 0 event: 0, timestamp: 7382394804334179328; from CondDBESSource::setIntervalFor
%MSG
%MSG-i CondDBESSource:  PostBeginProcessBlock 09-Feb-2026 14:36:47 CET  PostBeginProcessBlock
Validity coming from IOV sequence for record "CSCDBL1TPParametersRcd" and label "": (121196, 18446744073709551615) for time (type: runnumber) 382216; from CondDBESSource::setIntervalFor
%MSG
%MSG-i CondDBESSource:  PostBeginProcessBlock 09-Feb-2026 14:36:47 CET  PostBeginProcessBlock
Setting validity for record "CSCDBL1TPParametersRcd" and corresponding label(s): starting at run: 121196 lumi: 0 event: 0, timestamp: 0, ending at run: 4294967295 lumi: 4294967295 event: 18446744073709551615, timestamp: 0, for run: 382216 lumi: 0 event: 0, timestamp: 7382394804334179328; from CondDBESSource::setIntervalFor
%MSG
%MSG-i CondDBESSource:  PostBeginProcessBlock 09-Feb-2026 14:36:47 CET  PostBeginProcessBlock
Getting data for record "ESTimeSampleWeightsRcd" to be consumed on Run: 382216 - Lumiblock:0 - Timestamp: 7382394804334179328; from CondDBESSource::setIntervalFor
%MSG
%MSG-i CondDBESSource:  PostBeginProcessBlock 09-Feb-2026 14:36:47 CET  PostBeginProcessBlock
Processing record "ESTimeSampleWeightsRcd" and label "" for run: 382216 lumi: 0 event: 0, timestamp: 7382394804334179328; from CondDBESSource::setIntervalFor
%MSG
%MSG-i CondDBESSource:  PostBeginProcessBlock 09-Feb-2026 14:36:47 CET  PostBeginProcessBlock
Validity coming from IOV sequence for record "ESTimeSampleWeightsRcd" and label "": (382105, 382643) for time (type: runnumber) 382216; from CondDBESSource::setIntervalFor
%MSG
%MSG-i CondDBESSource:  PostBeginProcessBlock 09-Feb-2026 14:36:47 CET  PostBeginProcessBlock
Setting validity for record "ESTimeSampleWeightsRcd" and corresponding label(s): starting at run: 382105 lumi: 0 event: 0, timestamp: 0, ending at run: 382643 lumi: 4294967295 event: 18446744073709551615, timestamp: 0, for run: 382216 lumi: 0 event: 0, timestamp: 7382394804334179328; from CondDBESSource::setIntervalFor
%MSG
%MSG-i CondDBESSource:  PostBeginProcessBlock 09-Feb-2026 14:36:47 CET  PostBeginProcessBlock
Getting data for record "EcalTPGPhysicsConstRcd" to be consumed on Run: 382216 - Lumiblock:0 - Timestamp: 7382394804334179328; from CondDBESSource::setIntervalFor
%MSG
%MSG-i CondDBESSource:  PostBeginProcessBlock 09-Feb-2026 14:36:47 CET  PostBeginProcessBlock
Processing record "EcalTPGPhysicsConstRcd" and label "" for run: 382216 lumi: 0 event: 0, timestamp: 7382394804334179328; from CondDBESSource::setIntervalFor
%MSG
%MSG-i CondDBESSource:  PostBeginProcessBlock 09-Feb-2026 14:36:47 CET  PostBeginProcessBlock
Validity coming from IOV sequence for record "EcalTPGPhysicsConstRcd" and label "": (382215, 382234) for time (type: runnumber) 382216; from CondDBESSource::setIntervalFor
%MSG
%MSG-i CondDBESSource:  PostBeginProcessBlock 09-Feb-2026 14:36:47 CET  PostBeginProcessBlock
Setting validity for record "EcalTPGPhysicsConstRcd" and corresponding label(s): starting at run: 382215 lumi: 0 event: 0, timestamp: 0, ending at run: 382234 lumi: 4294967295 event: 18446744073709551615, timestamp: 0, for run: 382216 lumi: 0 event: 0, timestamp: 7382394804334179328; from CondDBESSource::setIntervalFor
%MSG
%MSG-i CondDBESSource:  PostBeginProcessBlock 09-Feb-2026 14:36:47 CET  PostBeginProcessBlock
Getting data for record "HBHENegativeEFilterRcd" to be consumed on Run: 382216 - Lumiblock:0 - Timestamp: 7382394804334179328; from CondDBESSource::setIntervalFor
%MSG
%MSG-i CondDBESSource:  PostBeginProcessBlock 09-Feb-2026 14:36:47 CET  PostBeginProcessBlock
Processing record "HBHENegativeEFilterRcd" and label "" for run: 382216 lumi: 0 event: 0, timestamp: 7382394804334179328; from CondDBESSource::setIntervalFor
%MSG
%MSG-i CondDBESSource:  PostBeginProcessBlock 09-Feb-2026 14:36:47 CET  PostBeginProcessBlock
Validity coming from IOV sequence for record "HBHENegativeEFilterRcd" and label "": (319824, 18446744073709551615) for time (type: runnumber) 382216; from CondDBESSource::setIntervalFor
%MSG
%MSG-i CondDBESSource:  PostBeginProcessBlock 09-Feb-2026 14:36:47 CET  PostBeginProcessBlock
Setting validity for record "HBHENegativeEFilterRcd" and corresponding label(s): starting at run: 319824 lumi: 0 event: 0, timestamp: 0, ending at run: 4294967295 lumi: 4294967295 event: 18446744073709551615, timestamp: 0, for run: 382216 lumi: 0 event: 0, timestamp: 7382394804334179328; from CondDBESSource::setIntervalFor
%MSG
%MSG-i CondDBESSource:  PostBeginProcessBlock 09-Feb-2026 14:36:47 CET  PostBeginProcessBlock
Getting data for record "L1MuDTEtaPatternLutRcd" to be consumed on Run: 382216 - Lumiblock:0 - Timestamp: 7382394804334179328; from CondDBESSource::setIntervalFor
%MSG
%MSG-i CondDBESSource:  PostBeginProcessBlock 09-Feb-2026 14:36:47 CET  PostBeginProcessBlock
Processing record "L1MuDTEtaPatternLutRcd" and label "" for run: 382216 lumi: 0 event: 0, timestamp: 7382394804334179328; from CondDBESSource::setIntervalFor
%MSG
%MSG-i CondDBESSource:  PostBeginProcessBlock 09-Feb-2026 14:36:47 CET  PostBeginProcessBlock
Validity coming from IOV sequence for record "L1MuDTEtaPatternLutRcd" and label "": (220645, 18446744073709551615) for time (type: runnumber) 382216; from CondDBESSource::setIntervalFor
%MSG
%MSG-i CondDBESSource:  PostBeginProcessBlock 09-Feb-2026 14:36:47 CET  PostBeginProcessBlock
Setting validity for record "L1MuDTEtaPatternLutRcd" and corresponding label(s): starting at run: 220645 lumi: 0 event: 0, timestamp: 0, ending at run: 4294967295 lumi: 4294967295 event: 18446744073709551615, timestamp: 0, for run: 382216 lumi: 0 event: 0, timestamp: 7382394804334179328; from CondDBESSource::setIntervalFor
%MSG
%MSG-i CondDBESSource:  PostBeginProcessBlock 09-Feb-2026 14:36:47 CET  PostBeginProcessBlock
Getting data for record "L1RPCConeDefinitionRcd" to be consumed on Run: 382216 - Lumiblock:0 - Timestamp: 7382394804334179328; from CondDBESSource::setIntervalFor
%MSG
%MSG-i CondDBESSource:  PostBeginProcessBlock 09-Feb-2026 14:36:47 CET  PostBeginProcessBlock
Processing record "L1RPCConeDefinitionRcd" and label "" for run: 382216 lumi: 0 event: 0, timestamp: 7382394804334179328; from CondDBESSource::setIntervalFor
%MSG
%MSG-i CondDBESSource:  PostBeginProcessBlock 09-Feb-2026 14:36:47 CET  PostBeginProcessBlock
Validity coming from IOV sequence for record "L1RPCConeDefinitionRcd" and label "": (252813, 18446744073709551615) for time (type: runnumber) 382216; from CondDBESSource::setIntervalFor
%MSG
%MSG-i CondDBESSource:  PostBeginProcessBlock 09-Feb-2026 14:36:47 CET  PostBeginProcessBlock
Setting validity for record "L1RPCConeDefinitionRcd" and corresponding label(s): starting at run: 252813 lumi: 0 event: 0, timestamp: 0, ending at run: 4294967295 lumi: 4294967295 event: 18446744073709551615, timestamp: 0, for run: 382216 lumi: 0 event: 0, timestamp: 7382394804334179328; from CondDBESSource::setIntervalFor
%MSG
%MSG-i CondDBESSource:  PostBeginProcessBlock 09-Feb-2026 14:36:47 CET  PostBeginProcessBlock
Getting data for record "L1TMuonBarrelParamsRcd" to be consumed on Run: 382216 - Lumiblock:0 - Timestamp: 7382394804334179328; from CondDBESSource::setIntervalFor
%MSG
%MSG-i CondDBESSource:  PostBeginProcessBlock 09-Feb-2026 14:36:47 CET  PostBeginProcessBlock
Processing record "L1TMuonBarrelParamsRcd" and label "" for run: 382216 lumi: 0 event: 0, timestamp: 7382394804334179328; from CondDBESSource::setIntervalFor
%MSG
%MSG-i CondDBESSource:  PostBeginProcessBlock 09-Feb-2026 14:36:47 CET  PostBeginProcessBlock
Validity coming from IOV sequence for record "L1TMuonBarrelParamsRcd" and label "": (382215, 382218) for time (type: runnumber) 382216; from CondDBESSource::setIntervalFor
%MSG
%MSG-i CondDBESSource:  PostBeginProcessBlock 09-Feb-2026 14:36:47 CET  PostBeginProcessBlock
Setting validity for record "L1TMuonBarrelParamsRcd" and corresponding label(s): starting at run: 382215 lumi: 0 event: 0, timestamp: 0, ending at run: 382218 lumi: 4294967295 event: 18446744073709551615, timestamp: 0, for run: 382216 lumi: 0 event: 0, timestamp: 7382394804334179328; from CondDBESSource::setIntervalFor
%MSG
%MSG-i CondDBESSource:  PostBeginProcessBlock 09-Feb-2026 14:36:47 CET  PostBeginProcessBlock
Getting data for record "L1TMuonEndCapForestRcd" to be consumed on Run: 382216 - Lumiblock:0 - Timestamp: 7382394804334179328; from CondDBESSource::setIntervalFor
%MSG
%MSG-i CondDBESSource:  PostBeginProcessBlock 09-Feb-2026 14:36:47 CET  PostBeginProcessBlock
Processing record "L1TMuonEndCapForestRcd" and label "" for run: 382216 lumi: 0 event: 0, timestamp: 7382394804334179328; from CondDBESSource::setIntervalFor
%MSG
%MSG-i CondDBESSource:  PostBeginProcessBlock 09-Feb-2026 14:36:47 CET  PostBeginProcessBlock
Validity coming from IOV sequence for record "L1TMuonEndCapForestRcd" and label "": (355178, 18446744073709551615) for time (type: runnumber) 382216; from CondDBESSource::setIntervalFor
%MSG
%MSG-i CondDBESSource:  PostBeginProcessBlock 09-Feb-2026 14:36:47 CET  PostBeginProcessBlock
Setting validity for record "L1TMuonEndCapForestRcd" and corresponding label(s): starting at run: 355178 lumi: 0 event: 0, timestamp: 0, ending at run: 4294967295 lumi: 4294967295 event: 18446744073709551615, timestamp: 0, for run: 382216 lumi: 0 event: 0, timestamp: 7382394804334179328; from CondDBESSource::setIntervalFor
%MSG
%MSG-i CondDBESSource:  PostBeginProcessBlock 09-Feb-2026 14:36:47 CET  PostBeginProcessBlock
Getting data for record "L1TMuonEndCapParamsRcd" to be consumed on Run: 382216 - Lumiblock:0 - Timestamp: 7382394804334179328; from CondDBESSource::setIntervalFor
%MSG
%MSG-i CondDBESSource:  PostBeginProcessBlock 09-Feb-2026 14:36:47 CET  PostBeginProcessBlock
Processing record "L1TMuonEndCapParamsRcd" and label "" for run: 382216 lumi: 0 event: 0, timestamp: 7382394804334179328; from CondDBESSource::setIntervalFor
%MSG
%MSG-i CondDBESSource:  PostBeginProcessBlock 09-Feb-2026 14:36:47 CET  PostBeginProcessBlock
Validity coming from IOV sequence for record "L1TMuonEndCapParamsRcd" and label "": (381316, 388233) for time (type: runnumber) 382216; from CondDBESSource::setIntervalFor
%MSG
%MSG-i CondDBESSource:  PostBeginProcessBlock 09-Feb-2026 14:36:47 CET  PostBeginProcessBlock
Setting validity for record "L1TMuonEndCapParamsRcd" and corresponding label(s): starting at run: 381316 lumi: 0 event: 0, timestamp: 0, ending at run: 388233 lumi: 4294967295 event: 18446744073709551615, timestamp: 0, for run: 382216 lumi: 0 event: 0, timestamp: 7382394804334179328; from CondDBESSource::setIntervalFor
%MSG
%MSG-i CondDBESSource:  PostBeginProcessBlock 09-Feb-2026 14:36:47 CET  PostBeginProcessBlock
Getting data for record "L1TMuonGlobalParamsRcd" to be consumed on Run: 382216 - Lumiblock:0 - Timestamp: 7382394804334179328; from CondDBESSource::setIntervalFor
%MSG
%MSG-i CondDBESSource:  PostBeginProcessBlock 09-Feb-2026 14:36:47 CET  PostBeginProcessBlock
Processing record "L1TMuonGlobalParamsRcd" and label "" for run: 382216 lumi: 0 event: 0, timestamp: 7382394804334179328; from CondDBESSource::setIntervalFor
%MSG
%MSG-i CondDBESSource:  PostBeginProcessBlock 09-Feb-2026 14:36:47 CET  PostBeginProcessBlock
Validity coming from IOV sequence for record "L1TMuonGlobalParamsRcd" and label "": (382215, 382218) for time (type: runnumber) 382216; from CondDBESSource::setIntervalFor
%MSG
%MSG-i CondDBESSource:  PostBeginProcessBlock 09-Feb-2026 14:36:47 CET  PostBeginProcessBlock
Setting validity for record "L1TMuonGlobalParamsRcd" and corresponding label(s): starting at run: 382215 lumi: 0 event: 0, timestamp: 0, ending at run: 382218 lumi: 4294967295 event: 18446744073709551615, timestamp: 0, for run: 382216 lumi: 0 event: 0, timestamp: 7382394804334179328; from CondDBESSource::setIntervalFor
%MSG
%MSG-i CondDBESSource:  PostBeginProcessBlock 09-Feb-2026 14:36:47 CET  PostBeginProcessBlock
Getting data for record "SiStripDeDxKaon_3D_Rcd" to be consumed on Run: 382216 - Lumiblock:0 - Timestamp: 7382394804334179328; from CondDBESSource::setIntervalFor
%MSG
%MSG-i CondDBESSource:  PostBeginProcessBlock 09-Feb-2026 14:36:47 CET  PostBeginProcessBlock
Processing record "SiStripDeDxKaon_3D_Rcd" and label "" for run: 382216 lumi: 0 event: 0, timestamp: 7382394804334179328; from CondDBESSource::setIntervalFor
%MSG
%MSG-i CondDBESSource:  PostBeginProcessBlock 09-Feb-2026 14:36:47 CET  PostBeginProcessBlock
Validity coming from IOV sequence for record "SiStripDeDxKaon_3D_Rcd" and label "": (1, 18446744073709551615) for time (type: runnumber) 382216; from CondDBESSource::setIntervalFor
%MSG
%MSG-i CondDBESSource:  PostBeginProcessBlock 09-Feb-2026 14:36:47 CET  PostBeginProcessBlock
Setting validity for record "SiStripDeDxKaon_3D_Rcd" and corresponding label(s): starting at run: 1 lumi: 0 event: 0, timestamp: 0, ending at run: 4294967295 lumi: 4294967295 event: 18446744073709551615, timestamp: 0, for run: 382216 lumi: 0 event: 0, timestamp: 7382394804334179328; from CondDBESSource::setIntervalFor
%MSG
%MSG-i CondDBESSource:  PostBeginProcessBlock 09-Feb-2026 14:36:47 CET  PostBeginProcessBlock
Getting data for record "SiStripDeDxPion_3D_Rcd" to be consumed on Run: 382216 - Lumiblock:0 - Timestamp: 7382394804334179328; from CondDBESSource::setIntervalFor
%MSG
%MSG-i CondDBESSource:  PostBeginProcessBlock 09-Feb-2026 14:36:47 CET  PostBeginProcessBlock
Processing record "SiStripDeDxPion_3D_Rcd" and label "" for run: 382216 lumi: 0 event: 0, timestamp: 7382394804334179328; from CondDBESSource::setIntervalFor
%MSG
%MSG-i CondDBESSource:  PostBeginProcessBlock 09-Feb-2026 14:36:47 CET  PostBeginProcessBlock
Validity coming from IOV sequence for record "SiStripDeDxPion_3D_Rcd" and label "": (1, 18446744073709551615) for time (type: runnumber) 382216; from CondDBESSource::setIntervalFor
%MSG
%MSG-i CondDBESSource:  PostBeginProcessBlock 09-Feb-2026 14:36:47 CET  PostBeginProcessBlock
Setting validity for record "SiStripDeDxPion_3D_Rcd" and corresponding label(s): starting at run: 1 lumi: 0 event: 0, timestamp: 0, ending at run: 4294967295 lumi: 4294967295 event: 18446744073709551615, timestamp: 0, for run: 382216 lumi: 0 event: 0, timestamp: 7382394804334179328; from CondDBESSource::setIntervalFor
%MSG
%MSG-i CondDBESSource:  PostBeginProcessBlock 09-Feb-2026 14:36:47 CET  PostBeginProcessBlock
Getting data for record "AlignPCLThresholdsHGRcd" to be consumed on Run: 382216 - Lumiblock:0 - Timestamp: 7382394804334179328; from CondDBESSource::setIntervalFor
%MSG
%MSG-i CondDBESSource:  PostBeginProcessBlock 09-Feb-2026 14:36:47 CET  PostBeginProcessBlock
Processing record "AlignPCLThresholdsHGRcd" and label "" for run: 382216 lumi: 0 event: 0, timestamp: 7382394804334179328; from CondDBESSource::setIntervalFor
%MSG
%MSG-i CondDBESSource:  PostBeginProcessBlock 09-Feb-2026 14:36:47 CET  PostBeginProcessBlock
Validity coming from IOV sequence for record "AlignPCLThresholdsHGRcd" and label "": (374870, 383323) for time (type: runnumber) 382216; from CondDBESSource::setIntervalFor
%MSG
%MSG-i CondDBESSource:  PostBeginProcessBlock 09-Feb-2026 14:36:47 CET  PostBeginProcessBlock
Setting validity for record "AlignPCLThresholdsHGRcd" and corresponding label(s): starting at run: 374870 lumi: 0 event: 0, timestamp: 0, ending at run: 383323 lumi: 4294967295 event: 18446744073709551615, timestamp: 0, for run: 382216 lumi: 0 event: 0, timestamp: 7382394804334179328; from CondDBESSource::setIntervalFor
%MSG
%MSG-i CondDBESSource:  PostBeginProcessBlock 09-Feb-2026 14:36:47 CET  PostBeginProcessBlock
Getting data for record "CTPPSPixelDAQMappingRcd" to be consumed on Run: 382216 - Lumiblock:0 - Timestamp: 7382394804334179328; from CondDBESSource::setIntervalFor
%MSG
%MSG-i CondDBESSource:  PostBeginProcessBlock 09-Feb-2026 14:36:47 CET  PostBeginProcessBlock
Processing record "CTPPSPixelDAQMappingRcd" and label "" for run: 382216 lumi: 0 event: 0, timestamp: 7382394804334179328; from CondDBESSource::setIntervalFor
%MSG
%MSG-i CondDBESSource:  PostBeginProcessBlock 09-Feb-2026 14:36:47 CET  PostBeginProcessBlock
Validity coming from IOV sequence for record "CTPPSPixelDAQMappingRcd" and label "": (350200, 390156) for time (type: runnumber) 382216; from CondDBESSource::setIntervalFor
%MSG
%MSG-i CondDBESSource:  PostBeginProcessBlock 09-Feb-2026 14:36:47 CET  PostBeginProcessBlock
Setting validity for record "CTPPSPixelDAQMappingRcd" and corresponding label(s): starting at run: 350200 lumi: 0 event: 0, timestamp: 0, ending at run: 390156 lumi: 4294967295 event: 18446744073709551615, timestamp: 0, for run: 382216 lumi: 0 event: 0, timestamp: 7382394804334179328; from CondDBESSource::setIntervalFor
%MSG
%MSG-i CondDBESSource:  PostBeginProcessBlock 09-Feb-2026 14:36:47 CET  PostBeginProcessBlock
Getting data for record "EcalADCToGeVConstantRcd" to be consumed on Run: 382216 - Lumiblock:0 - Timestamp: 7382394804334179328; from CondDBESSource::setIntervalFor
%MSG
%MSG-i CondDBESSource:  PostBeginProcessBlock 09-Feb-2026 14:36:47 CET  PostBeginProcessBlock
Processing record "EcalADCToGeVConstantRcd" and label "" for run: 382216 lumi: 0 event: 0, timestamp: 7382394804334179328; from CondDBESSource::setIntervalFor
%MSG
%MSG-i CondDBESSource:  PostBeginProcessBlock 09-Feb-2026 14:36:47 CET  PostBeginProcessBlock
Validity coming from IOV sequence for record "EcalADCToGeVConstantRcd" and label "": (377139, 387138) for time (type: runnumber) 382216; from CondDBESSource::setIntervalFor
%MSG
%MSG-i CondDBESSource:  PostBeginProcessBlock 09-Feb-2026 14:36:47 CET  PostBeginProcessBlock
Setting validity for record "EcalADCToGeVConstantRcd" and corresponding label(s): starting at run: 377139 lumi: 0 event: 0, timestamp: 0, ending at run: 387138 lumi: 4294967295 event: 18446744073709551615, timestamp: 0, for run: 382216 lumi: 0 event: 0, timestamp: 7382394804334179328; from CondDBESSource::setIntervalFor
%MSG
%MSG-i CondDBESSource:  PostBeginProcessBlock 09-Feb-2026 14:36:47 CET  PostBeginProcessBlock
Getting data for record "EcalDQMChannelStatusRcd" to be consumed on Run: 382216 - Lumiblock:0 - Timestamp: 7382394804334179328; from CondDBESSource::setIntervalFor
%MSG
%MSG-i CondDBESSource:  PostBeginProcessBlock 09-Feb-2026 14:36:47 CET  PostBeginProcessBlock
Processing record "EcalDQMChannelStatusRcd" and label "" for run: 382216 lumi: 0 event: 0, timestamp: 7382394804334179328; from CondDBESSource::setIntervalFor
%MSG
%MSG-i CondDBESSource:  PostBeginProcessBlock 09-Feb-2026 14:36:47 CET  PostBeginProcessBlock
Validity coming from IOV sequence for record "EcalDQMChannelStatusRcd" and label "": (216132, 18446744073709551615) for time (type: runnumber) 382216; from CondDBESSource::setIntervalFor
%MSG
%MSG-i CondDBESSource:  PostBeginProcessBlock 09-Feb-2026 14:36:47 CET  PostBeginProcessBlock
Setting validity for record "EcalDQMChannelStatusRcd" and corresponding label(s): starting at run: 216132 lumi: 0 event: 0, timestamp: 0, ending at run: 4294967295 lumi: 4294967295 event: 18446744073709551615, timestamp: 0, for run: 382216 lumi: 0 event: 0, timestamp: 7382394804334179328; from CondDBESSource::setIntervalFor
%MSG
%MSG-i CondDBESSource:  PostBeginProcessBlock 09-Feb-2026 14:36:47 CET  PostBeginProcessBlock
Getting data for record "EcalIntercalibErrorsRcd" to be consumed on Run: 382216 - Lumiblock:0 - Timestamp: 7382394804334179328; from CondDBESSource::setIntervalFor
%MSG
%MSG-i CondDBESSource:  PostBeginProcessBlock 09-Feb-2026 14:36:47 CET  PostBeginProcessBlock
Processing record "EcalIntercalibErrorsRcd" and label "" for run: 382216 lumi: 0 event: 0, timestamp: 7382394804334179328; from CondDBESSource::setIntervalFor
%MSG
%MSG-i CondDBESSource:  PostBeginProcessBlock 09-Feb-2026 14:36:47 CET  PostBeginProcessBlock
Validity coming from IOV sequence for record "EcalIntercalibErrorsRcd" and label "": (1, 18446744073709551615) for time (type: runnumber) 382216; from CondDBESSource::setIntervalFor
%MSG
%MSG-i CondDBESSource:  PostBeginProcessBlock 09-Feb-2026 14:36:47 CET  PostBeginProcessBlock
Setting validity for record "EcalIntercalibErrorsRcd" and corresponding label(s): starting at run: 1 lumi: 0 event: 0, timestamp: 0, ending at run: 4294967295 lumi: 4294967295 event: 18446744073709551615, timestamp: 0, for run: 382216 lumi: 0 event: 0, timestamp: 7382394804334179328; from CondDBESSource::setIntervalFor
%MSG
%MSG-i CondDBESSource:  PostBeginProcessBlock 09-Feb-2026 14:36:47 CET  PostBeginProcessBlock
Getting data for record "EcalPulseCovariancesRcd" to be consumed on Run: 382216 - Lumiblock:0 - Timestamp: 7382394804334179328; from CondDBESSource::setIntervalFor
%MSG
%MSG-i CondDBESSource:  PostBeginProcessBlock 09-Feb-2026 14:36:47 CET  PostBeginProcessBlock
Processing record "EcalPulseCovariancesRcd" and label "" for run: 382216 lumi: 0 event: 0, timestamp: 7382394804334179328; from CondDBESSource::setIntervalFor
%MSG
%MSG-i CondDBESSource:  PostBeginProcessBlock 09-Feb-2026 14:36:47 CET  PostBeginProcessBlock
Validity coming from IOV sequence for record "EcalPulseCovariancesRcd" and label "": (1, 18446744073709551615) for time (type: runnumber) 382216; from CondDBESSource::setIntervalFor
%MSG
%MSG-i CondDBESSource:  PostBeginProcessBlock 09-Feb-2026 14:36:47 CET  PostBeginProcessBlock
Setting validity for record "EcalPulseCovariancesRcd" and corresponding label(s): starting at run: 1 lumi: 0 event: 0, timestamp: 0, ending at run: 4294967295 lumi: 4294967295 event: 18446744073709551615, timestamp: 0, for run: 382216 lumi: 0 event: 0, timestamp: 7382394804334179328; from CondDBESSource::setIntervalFor
%MSG
%MSG-i CondDBESSource:  PostBeginProcessBlock 09-Feb-2026 14:36:47 CET  PostBeginProcessBlock
Getting data for record "EcalTPGCrystalStatusRcd" to be consumed on Run: 382216 - Lumiblock:0 - Timestamp: 7382394804334179328; from CondDBESSource::setIntervalFor
%MSG
%MSG-i CondDBESSource:  PostBeginProcessBlock 09-Feb-2026 14:36:47 CET  PostBeginProcessBlock
Processing record "EcalTPGCrystalStatusRcd" and label "" for run: 382216 lumi: 0 event: 0, timestamp: 7382394804334179328; from CondDBESSource::setIntervalFor
%MSG
%MSG-i CondDBESSource:  PostBeginProcessBlock 09-Feb-2026 14:36:47 CET  PostBeginProcessBlock
Validity coming from IOV sequence for record "EcalTPGCrystalStatusRcd" and label "": (381508, 382307) for time (type: runnumber) 382216; from CondDBESSource::setIntervalFor
%MSG
%MSG-i CondDBESSource:  PostBeginProcessBlock 09-Feb-2026 14:36:47 CET  PostBeginProcessBlock
Setting validity for record "EcalTPGCrystalStatusRcd" and corresponding label(s): starting at run: 381508 lumi: 0 event: 0, timestamp: 0, ending at run: 382307 lumi: 4294967295 event: 18446744073709551615, timestamp: 0, for run: 382216 lumi: 0 event: 0, timestamp: 7382394804334179328; from CondDBESSource::setIntervalFor
%MSG
%MSG-i CondDBESSource:  PostBeginProcessBlock 09-Feb-2026 14:36:47 CET  PostBeginProcessBlock
Getting data for record "EcalTPGSlidingWindowRcd" to be consumed on Run: 382216 - Lumiblock:0 - Timestamp: 7382394804334179328; from CondDBESSource::setIntervalFor
%MSG
%MSG-i CondDBESSource:  PostBeginProcessBlock 09-Feb-2026 14:36:47 CET  PostBeginProcessBlock
Processing record "EcalTPGSlidingWindowRcd" and label "" for run: 382216 lumi: 0 event: 0, timestamp: 7382394804334179328; from CondDBESSource::setIntervalFor
%MSG
%MSG-i CondDBESSource:  PostBeginProcessBlock 09-Feb-2026 14:36:47 CET  PostBeginProcessBlock
Validity coming from IOV sequence for record "EcalTPGSlidingWindowRcd" and label "": (382215, 382234) for time (type: runnumber) 382216; from CondDBESSource::setIntervalFor
%MSG
%MSG-i CondDBESSource:  PostBeginProcessBlock 09-Feb-2026 14:36:47 CET  PostBeginProcessBlock
Setting validity for record "EcalTPGSlidingWindowRcd" and corresponding label(s): starting at run: 382215 lumi: 0 event: 0, timestamp: 0, ending at run: 382234 lumi: 4294967295 event: 18446744073709551615, timestamp: 0, for run: 382216 lumi: 0 event: 0, timestamp: 7382394804334179328; from CondDBESSource::setIntervalFor
%MSG
%MSG-i CondDBESSource:  PostBeginProcessBlock 09-Feb-2026 14:36:47 CET  PostBeginProcessBlock
Getting data for record "EcalWeightXtalGroupsRcd" to be consumed on Run: 382216 - Lumiblock:0 - Timestamp: 7382394804334179328; from CondDBESSource::setIntervalFor
%MSG
%MSG-i CondDBESSource:  PostBeginProcessBlock 09-Feb-2026 14:36:47 CET  PostBeginProcessBlock
Processing record "EcalWeightXtalGroupsRcd" and label "" for run: 382216 lumi: 0 event: 0, timestamp: 7382394804334179328; from CondDBESSource::setIntervalFor
%MSG
%MSG-i CondDBESSource:  PostBeginProcessBlock 09-Feb-2026 14:36:47 CET  PostBeginProcessBlock
Validity coming from IOV sequence for record "EcalWeightXtalGroupsRcd" and label "": (130837, 18446744073709551615) for time (type: runnumber) 382216; from CondDBESSource::setIntervalFor
%MSG
%MSG-i CondDBESSource:  PostBeginProcessBlock 09-Feb-2026 14:36:47 CET  PostBeginProcessBlock
Setting validity for record "EcalWeightXtalGroupsRcd" and corresponding label(s): starting at run: 130837 lumi: 0 event: 0, timestamp: 0, ending at run: 4294967295 lumi: 4294967295 event: 18446744073709551615, timestamp: 0, for run: 382216 lumi: 0 event: 0, timestamp: 7382394804334179328; from CondDBESSource::setIntervalFor
%MSG
%MSG-i CondDBESSource:  PostBeginProcessBlock 09-Feb-2026 14:36:47 CET  PostBeginProcessBlock
Getting data for record "L1GctJetFinderParamsRcd" to be consumed on Run: 382216 - Lumiblock:0 - Timestamp: 7382394804334179328; from CondDBESSource::setIntervalFor
%MSG
%MSG-i CondDBESSource:  PostBeginProcessBlock 09-Feb-2026 14:36:47 CET  PostBeginProcessBlock
Processing record "L1GctJetFinderParamsRcd" and label "" for run: 382216 lumi: 0 event: 0, timestamp: 7382394804334179328; from CondDBESSource::setIntervalFor
%MSG
%MSG-i CondDBESSource:  PostBeginProcessBlock 09-Feb-2026 14:36:47 CET  PostBeginProcessBlock
Validity coming from IOV sequence for record "L1GctJetFinderParamsRcd" and label "": (255637, 18446744073709551615) for time (type: runnumber) 382216; from CondDBESSource::setIntervalFor
%MSG
%MSG-i CondDBESSource:  PostBeginProcessBlock 09-Feb-2026 14:36:47 CET  PostBeginProcessBlock
Setting validity for record "L1GctJetFinderParamsRcd" and corresponding label(s): starting at run: 255637 lumi: 0 event: 0, timestamp: 0, ending at run: 4294967295 lumi: 4294967295 event: 18446744073709551615, timestamp: 0, for run: 382216 lumi: 0 event: 0, timestamp: 7382394804334179328; from CondDBESSource::setIntervalFor
%MSG
%MSG-i CondDBESSource:  PostBeginProcessBlock 09-Feb-2026 14:36:47 CET  PostBeginProcessBlock
Getting data for record "L1MuDTQualPatternLutRcd" to be consumed on Run: 382216 - Lumiblock:0 - Timestamp: 7382394804334179328; from CondDBESSource::setIntervalFor
%MSG
%MSG-i CondDBESSource:  PostBeginProcessBlock 09-Feb-2026 14:36:47 CET  PostBeginProcessBlock
Processing record "L1MuDTQualPatternLutRcd" and label "" for run: 382216 lumi: 0 event: 0, timestamp: 7382394804334179328; from CondDBESSource::setIntervalFor
%MSG
%MSG-i CondDBESSource:  PostBeginProcessBlock 09-Feb-2026 14:36:47 CET  PostBeginProcessBlock
Validity coming from IOV sequence for record "L1MuDTQualPatternLutRcd" and label "": (220645, 18446744073709551615) for time (type: runnumber) 382216; from CondDBESSource::setIntervalFor
%MSG
%MSG-i CondDBESSource:  PostBeginProcessBlock 09-Feb-2026 14:36:47 CET  PostBeginProcessBlock
Setting validity for record "L1MuDTQualPatternLutRcd" and corresponding label(s): starting at run: 220645 lumi: 0 event: 0, timestamp: 0, ending at run: 4294967295 lumi: 4294967295 event: 18446744073709551615, timestamp: 0, for run: 382216 lumi: 0 event: 0, timestamp: 7382394804334179328; from CondDBESSource::setIntervalFor
%MSG
%MSG-i CondDBESSource:  PostBeginProcessBlock 09-Feb-2026 14:36:47 CET  PostBeginProcessBlock
Getting data for record "L1TMuonOverlapParamsRcd" to be consumed on Run: 382216 - Lumiblock:0 - Timestamp: 7382394804334179328; from CondDBESSource::setIntervalFor
%MSG
%MSG-i CondDBESSource:  PostBeginProcessBlock 09-Feb-2026 14:36:47 CET  PostBeginProcessBlock
Processing record "L1TMuonOverlapParamsRcd" and label "" for run: 382216 lumi: 0 event: 0, timestamp: 7382394804334179328; from CondDBESSource::setIntervalFor
%MSG
%MSG-i CondDBESSource:  PostBeginProcessBlock 09-Feb-2026 14:36:47 CET  PostBeginProcessBlock
Validity coming from IOV sequence for record "L1TMuonOverlapParamsRcd" and label "": (348458, 18446744073709551615) for time (type: runnumber) 382216; from CondDBESSource::setIntervalFor
%MSG
%MSG-i CondDBESSource:  PostBeginProcessBlock 09-Feb-2026 14:36:47 CET  PostBeginProcessBlock
Setting validity for record "L1TMuonOverlapParamsRcd" and corresponding label(s): starting at run: 348458 lumi: 0 event: 0, timestamp: 0, ending at run: 4294967295 lumi: 4294967295 event: 18446744073709551615, timestamp: 0, for run: 382216 lumi: 0 event: 0, timestamp: 7382394804334179328; from CondDBESSource::setIntervalFor
%MSG
%MSG-i CondDBESSource:  PostBeginProcessBlock 09-Feb-2026 14:36:47 CET  PostBeginProcessBlock
Getting data for record "PPSTimingCalibrationRcd" to be consumed on Run: 382216 - Lumiblock:0 - Timestamp: 7382394804334179328; from CondDBESSource::setIntervalFor
%MSG
%MSG-i CondDBESSource:  PostBeginProcessBlock 09-Feb-2026 14:36:47 CET  PostBeginProcessBlock
Processing record "PPSTimingCalibrationRcd" and label "PPSDiamondSampicCalibration" for run: 382216 lumi: 0 event: 0, timestamp: 7382394804334179328; from CondDBESSource::setIntervalFor
%MSG
%MSG-i CondDBESSource:  PostBeginProcessBlock 09-Feb-2026 14:36:47 CET  PostBeginProcessBlock
Validity coming from IOV sequence for record "PPSTimingCalibrationRcd" and label "PPSDiamondSampicCalibration": (350200, 18446744073709551615) for time (type: runnumber) 382216; from CondDBESSource::setIntervalFor
%MSG
%MSG-i CondDBESSource:  PostBeginProcessBlock 09-Feb-2026 14:36:47 CET  PostBeginProcessBlock
Processing record "PPSTimingCalibrationRcd" and label "PPSDiamondTimingCalibration" for run: 382216 lumi: 0 event: 0, timestamp: 7382394804334179328; from CondDBESSource::setIntervalFor
%MSG
%MSG-i CondDBESSource:  PostBeginProcessBlock 09-Feb-2026 14:36:47 CET  PostBeginProcessBlock
Validity coming from IOV sequence for record "PPSTimingCalibrationRcd" and label "PPSDiamondTimingCalibration": (366451, 18446744073709551615) for time (type: runnumber) 382216; from CondDBESSource::setIntervalFor
%MSG
%MSG-i CondDBESSource:  PostBeginProcessBlock 09-Feb-2026 14:36:47 CET  PostBeginProcessBlock
Processing record "PPSTimingCalibrationRcd" and label "TotemTimingCalibration" for run: 382216 lumi: 0 event: 0, timestamp: 7382394804334179328; from CondDBESSource::setIntervalFor
%MSG
%MSG-i CondDBESSource:  PostBeginProcessBlock 09-Feb-2026 14:36:47 CET  PostBeginProcessBlock
Validity coming from IOV sequence for record "PPSTimingCalibrationRcd" and label "TotemTimingCalibration": (1, 18446744073709551615) for time (type: runnumber) 382216; from CondDBESSource::setIntervalFor
%MSG
%MSG-i CondDBESSource:  PostBeginProcessBlock 09-Feb-2026 14:36:47 CET  PostBeginProcessBlock
Setting validity for record "PPSTimingCalibrationRcd" and corresponding label(s): starting at run: 366451 lumi: 0 event: 0, timestamp: 0, ending at run: 4294967295 lumi: 4294967295 event: 18446744073709551615, timestamp: 0, for run: 382216 lumi: 0 event: 0, timestamp: 7382394804334179328; from CondDBESSource::setIntervalFor
%MSG
%MSG-i CondDBESSource:  PostBeginProcessBlock 09-Feb-2026 14:36:47 CET  PostBeginProcessBlock
Getting data for record "PhysicsTGraphPayloadRcd" to be consumed on Run: 382216 - Lumiblock:0 - Timestamp: 7382394804334179328; from CondDBESSource::setIntervalFor
%MSG
%MSG-i CondDBESSource:  PostBeginProcessBlock 09-Feb-2026 14:36:47 CET  PostBeginProcessBlock
Processing record "PhysicsTGraphPayloadRcd" and label "RecoTauTag_antiElectronMVA_NoEleMatch_wGwoGSF_BL_Loose" for run: 382216 lumi: 0 event: 0, timestamp: 7382394804334179328; from CondDBESSource::setIntervalFor
%MSG
%MSG-i CondDBESSource:  PostBeginProcessBlock 09-Feb-2026 14:36:47 CET  PostBeginProcessBlock
Validity coming from IOV sequence for record "PhysicsTGraphPayloadRcd" and label "RecoTauTag_antiElectronMVA_NoEleMatch_wGwoGSF_BL_Loose": (1, 18446744073709551615) for time (type: runnumber) 382216; from CondDBESSource::setIntervalFor
%MSG
%MSG-i CondDBESSource:  PostBeginProcessBlock 09-Feb-2026 14:36:47 CET  PostBeginProcessBlock
Processing record "PhysicsTGraphPayloadRcd" and label "RecoTauTag_antiElectronMVA_NoEleMatch_wGwoGSF_BL_Medium" for run: 382216 lumi: 0 event: 0, timestamp: 7382394804334179328; from CondDBESSource::setIntervalFor
%MSG
%MSG-i CondDBESSource:  PostBeginProcessBlock 09-Feb-2026 14:36:47 CET  PostBeginProcessBlock
Validity coming from IOV sequence for record "PhysicsTGraphPayloadRcd" and label "RecoTauTag_antiElectronMVA_NoEleMatch_wGwoGSF_BL_Medium": (1, 18446744073709551615) for time (type: runnumber) 382216; from CondDBESSource::setIntervalFor
%MSG
%MSG-i CondDBESSource:  PostBeginProcessBlock 09-Feb-2026 14:36:47 CET  PostBeginProcessBlock
Processing record "PhysicsTGraphPayloadRcd" and label "RecoTauTag_antiElectronMVA_NoEleMatch_wGwoGSF_BL_Tight" for run: 382216 lumi: 0 event: 0, timestamp: 7382394804334179328; from CondDBESSource::setIntervalFor
%MSG
%MSG-i CondDBESSource:  PostBeginProcessBlock 09-Feb-2026 14:36:47 CET  PostBeginProcessBlock
Validity coming from IOV sequence for record "PhysicsTGraphPayloadRcd" and label "RecoTauTag_antiElectronMVA_NoEleMatch_wGwoGSF_BL_Tight": (1, 18446744073709551615) for time (type: runnumber) 382216; from CondDBESSource::setIntervalFor
%MSG
%MSG-i CondDBESSource:  PostBeginProcessBlock 09-Feb-2026 14:36:47 CET  PostBeginProcessBlock
Processing record "PhysicsTGraphPayloadRcd" and label "RecoTauTag_antiElectronMVA_NoEleMatch_wGwoGSF_BL_VLoose" for run: 382216 lumi: 0 event: 0, timestamp: 7382394804334179328; from CondDBESSource::setIntervalFor
%MSG
%MSG-i CondDBESSource:  PostBeginProcessBlock 09-Feb-2026 14:36:47 CET  PostBeginProcessBlock
Validity coming from IOV sequence for record "PhysicsTGraphPayloadRcd" and label "RecoTauTag_antiElectronMVA_NoEleMatch_wGwoGSF_BL_VLoose": (1, 18446744073709551615) for time (type: runnumber) 382216; from CondDBESSource::setIntervalFor
%MSG
%MSG-i CondDBESSource:  PostBeginProcessBlock 09-Feb-2026 14:36:47 CET  PostBeginProcessBlock
Processing record "PhysicsTGraphPayloadRcd" and label "RecoTauTag_antiElectronMVA_NoEleMatch_wGwoGSF_BL_VTight" for run: 382216 lumi: 0 event: 0, timestamp: 7382394804334179328; from CondDBESSource::setIntervalFor
%MSG
%MSG-i CondDBESSource:  PostBeginProcessBlock 09-Feb-2026 14:36:47 CET  PostBeginProcessBlock
Validity coming from IOV sequence for record "PhysicsTGraphPayloadRcd" and label "RecoTauTag_antiElectronMVA_NoEleMatch_wGwoGSF_BL_VTight": (1, 18446744073709551615) for time (type: runnumber) 382216; from CondDBESSource::setIntervalFor
%MSG
%MSG-i CondDBESSource:  PostBeginProcessBlock 09-Feb-2026 14:36:47 CET  PostBeginProcessBlock
Processing record "PhysicsTGraphPayloadRcd" and label "RecoTauTag_antiElectronMVA_NoEleMatch_wGwoGSF_EC_Loose" for run: 382216 lumi: 0 event: 0, timestamp: 7382394804334179328; from CondDBESSource::setIntervalFor
%MSG
%MSG-i CondDBESSource:  PostBeginProcessBlock 09-Feb-2026 14:36:47 CET  PostBeginProcessBlock
Validity coming from IOV sequence for record "PhysicsTGraphPayloadRcd" and label "RecoTauTag_antiElectronMVA_NoEleMatch_wGwoGSF_EC_Loose": (1, 18446744073709551615) for time (type: runnumber) 382216; from CondDBESSource::setIntervalFor
%MSG
%MSG-i CondDBESSource:  PostBeginProcessBlock 09-Feb-2026 14:36:47 CET  PostBeginProcessBlock
Processing record "PhysicsTGraphPayloadRcd" and label "RecoTauTag_antiElectronMVA_NoEleMatch_wGwoGSF_EC_Medium" for run: 382216 lumi: 0 event: 0, timestamp: 7382394804334179328; from CondDBESSource::setIntervalFor
%MSG
%MSG-i CondDBESSource:  PostBeginProcessBlock 09-Feb-2026 14:36:47 CET  PostBeginProcessBlock
Validity coming from IOV sequence for record "PhysicsTGraphPayloadRcd" and label "RecoTauTag_antiElectronMVA_NoEleMatch_wGwoGSF_EC_Medium": (1, 18446744073709551615) for time (type: runnumber) 382216; from CondDBESSource::setIntervalFor
%MSG
%MSG-i CondDBESSource:  PostBeginProcessBlock 09-Feb-2026 14:36:47 CET  PostBeginProcessBlock
Processing record "PhysicsTGraphPayloadRcd" and label "RecoTauTag_antiElectronMVA_NoEleMatch_wGwoGSF_EC_Tight" for run: 382216 lumi: 0 event: 0, timestamp: 7382394804334179328; from CondDBESSource::setIntervalFor
%MSG
%MSG-i CondDBESSource:  PostBeginProcessBlock 09-Feb-2026 14:36:47 CET  PostBeginProcessBlock
Validity coming from IOV sequence for record "PhysicsTGraphPayloadRcd" and label "RecoTauTag_antiElectronMVA_NoEleMatch_wGwoGSF_EC_Tight": (1, 18446744073709551615) for time (type: runnumber) 382216; from CondDBESSource::setIntervalFor
%MSG
%MSG-i CondDBESSource:  PostBeginProcessBlock 09-Feb-2026 14:36:47 CET  PostBeginProcessBlock
Processing record "PhysicsTGraphPayloadRcd" and label "RecoTauTag_antiElectronMVA_NoEleMatch_wGwoGSF_EC_VLoose" for run: 382216 lumi: 0 event: 0, timestamp: 7382394804334179328; from CondDBESSource::setIntervalFor
%MSG
%MSG-i CondDBESSource:  PostBeginProcessBlock 09-Feb-2026 14:36:47 CET  PostBeginProcessBlock
Validity coming from IOV sequence for record "PhysicsTGraphPayloadRcd" and label "RecoTauTag_antiElectronMVA_NoEleMatch_wGwoGSF_EC_VLoose": (1, 18446744073709551615) for time (type: runnumber) 382216; from CondDBESSource::setIntervalFor
%MSG
%MSG-i CondDBESSource:  PostBeginProcessBlock 09-Feb-2026 14:36:47 CET  PostBeginProcessBlock
Processing record "PhysicsTGraphPayloadRcd" and label "RecoTauTag_antiElectronMVA_NoEleMatch_wGwoGSF_EC_VTight" for run: 382216 lumi: 0 event: 0, timestamp: 7382394804334179328; from CondDBESSource::setIntervalFor
%MSG
%MSG-i CondDBESSource:  PostBeginProcessBlock 09-Feb-2026 14:36:47 CET  PostBeginProcessBlock
Validity coming from IOV sequence for record "PhysicsTGraphPayloadRcd" and label "RecoTauTag_antiElectronMVA_NoEleMatch_wGwoGSF_EC_VTight": (1, 18446744073709551615) for time (type: runnumber) 382216; from CondDBESSource::setIntervalFor
%MSG
%MSG-i CondDBESSource:  PostBeginProcessBlock 09-Feb-2026 14:36:47 CET  PostBeginProcessBlock
Processing record "PhysicsTGraphPayloadRcd" and label "RecoTauTag_antiElectronMVA_NoEleMatch_woGwoGSF_BL_Loose" for run: 382216 lumi: 0 event: 0, timestamp: 7382394804334179328; from CondDBESSource::setIntervalFor
%MSG
%MSG-i CondDBESSource:  PostBeginProcessBlock 09-Feb-2026 14:36:47 CET  PostBeginProcessBlock
Validity coming from IOV sequence for record "PhysicsTGraphPayloadRcd" and label "RecoTauTag_antiElectronMVA_NoEleMatch_woGwoGSF_BL_Loose": (1, 18446744073709551615) for time (type: runnumber) 382216; from CondDBESSource::setIntervalFor
%MSG
%MSG-i CondDBESSource:  PostBeginProcessBlock 09-Feb-2026 14:36:47 CET  PostBeginProcessBlock
Processing record "PhysicsTGraphPayloadRcd" and label "RecoTauTag_antiElectronMVA_NoEleMatch_woGwoGSF_BL_Medium" for run: 382216 lumi: 0 event: 0, timestamp: 7382394804334179328; from CondDBESSource::setIntervalFor
%MSG
%MSG-i CondDBESSource:  PostBeginProcessBlock 09-Feb-2026 14:36:47 CET  PostBeginProcessBlock
Validity coming from IOV sequence for record "PhysicsTGraphPayloadRcd" and label "RecoTauTag_antiElectronMVA_NoEleMatch_woGwoGSF_BL_Medium": (1, 18446744073709551615) for time (type: runnumber) 382216; from CondDBESSource::setIntervalFor
%MSG
%MSG-i CondDBESSource:  PostBeginProcessBlock 09-Feb-2026 14:36:47 CET  PostBeginProcessBlock
Processing record "PhysicsTGraphPayloadRcd" and label "RecoTauTag_antiElectronMVA_NoEleMatch_woGwoGSF_BL_Tight" for run: 382216 lumi: 0 event: 0, timestamp: 7382394804334179328; from CondDBESSource::setIntervalFor
%MSG
%MSG-i CondDBESSource:  PostBeginProcessBlock 09-Feb-2026 14:36:47 CET  PostBeginProcessBlock
Validity coming from IOV sequence for record "PhysicsTGraphPayloadRcd" and label "RecoTauTag_antiElectronMVA_NoEleMatch_woGwoGSF_BL_Tight": (1, 18446744073709551615) for time (type: runnumber) 382216; from CondDBESSource::setIntervalFor
%MSG
%MSG-i CondDBESSource:  PostBeginProcessBlock 09-Feb-2026 14:36:47 CET  PostBeginProcessBlock
Processing record "PhysicsTGraphPayloadRcd" and label "RecoTauTag_antiElectronMVA_NoEleMatch_woGwoGSF_BL_VLoose" for run: 382216 lumi: 0 event: 0, timestamp: 7382394804334179328; from CondDBESSource::setIntervalFor
%MSG
%MSG-i CondDBESSource:  PostBeginProcessBlock 09-Feb-2026 14:36:47 CET  PostBeginProcessBlock
Validity coming from IOV sequence for record "PhysicsTGraphPayloadRcd" and label "RecoTauTag_antiElectronMVA_NoEleMatch_woGwoGSF_BL_VLoose": (1, 18446744073709551615) for time (type: runnumber) 382216; from CondDBESSource::setIntervalFor
%MSG
%MSG-i CondDBESSource:  PostBeginProcessBlock 09-Feb-2026 14:36:47 CET  PostBeginProcessBlock
Processing record "PhysicsTGraphPayloadRcd" and label "RecoTauTag_antiElectronMVA_NoEleMatch_woGwoGSF_BL_VTight" for run: 382216 lumi: 0 event: 0, timestamp: 7382394804334179328; from CondDBESSource::setIntervalFor
%MSG
%MSG-i CondDBESSource:  PostBeginProcessBlock 09-Feb-2026 14:36:47 CET  PostBeginProcessBlock
Validity coming from IOV sequence for record "PhysicsTGraphPayloadRcd" and label "RecoTauTag_antiElectronMVA_NoEleMatch_woGwoGSF_BL_VTight": (1, 18446744073709551615) for time (type: runnumber) 382216; from CondDBESSource::setIntervalFor
%MSG
%MSG-i CondDBESSource:  PostBeginProcessBlock 09-Feb-2026 14:36:47 CET  PostBeginProcessBlock
Processing record "PhysicsTGraphPayloadRcd" and label "RecoTauTag_antiElectronMVA_NoEleMatch_woGwoGSF_EC_Loose" for run: 382216 lumi: 0 event: 0, timestamp: 7382394804334179328; from CondDBESSource::setIntervalFor
%MSG
%MSG-i CondDBESSource:  PostBeginProcessBlock 09-Feb-2026 14:36:47 CET  PostBeginProcessBlock
Validity coming from IOV sequence for record "PhysicsTGraphPayloadRcd" and label "RecoTauTag_antiElectronMVA_NoEleMatch_woGwoGSF_EC_Loose": (1, 18446744073709551615) for time (type: runnumber) 382216; from CondDBESSource::setIntervalFor
%MSG
%MSG-i CondDBESSource:  PostBeginProcessBlock 09-Feb-2026 14:36:47 CET  PostBeginProcessBlock
Processing record "PhysicsTGraphPayloadRcd" and label "RecoTauTag_antiElectronMVA_NoEleMatch_woGwoGSF_EC_Medium" for run: 382216 lumi: 0 event: 0, timestamp: 7382394804334179328; from CondDBESSource::setIntervalFor
%MSG
%MSG-i CondDBESSource:  PostBeginProcessBlock 09-Feb-2026 14:36:47 CET  PostBeginProcessBlock
Validity coming from IOV sequence for record "PhysicsTGraphPayloadRcd" and label "RecoTauTag_antiElectronMVA_NoEleMatch_woGwoGSF_EC_Medium": (1, 18446744073709551615) for time (type: runnumber) 382216; from CondDBESSource::setIntervalFor
%MSG
%MSG-i CondDBESSource:  PostBeginProcessBlock 09-Feb-2026 14:36:47 CET  PostBeginProcessBlock
Processing record "PhysicsTGraphPayloadRcd" and label "RecoTauTag_antiElectronMVA_NoEleMatch_woGwoGSF_EC_Tight" for run: 382216 lumi: 0 event: 0, timestamp: 7382394804334179328; from CondDBESSource::setIntervalFor
%MSG
%MSG-i CondDBESSource:  PostBeginProcessBlock 09-Feb-2026 14:36:47 CET  PostBeginProcessBlock
Validity coming from IOV sequence for record "PhysicsTGraphPayloadRcd" and label "RecoTauTag_antiElectronMVA_NoEleMatch_woGwoGSF_EC_Tight": (1, 18446744073709551615) for time (type: runnumber) 382216; from CondDBESSource::setIntervalFor
%MSG
%MSG-i CondDBESSource:  PostBeginProcessBlock 09-Feb-2026 14:36:47 CET  PostBeginProcessBlock
Processing record "PhysicsTGraphPayloadRcd" and label "RecoTauTag_antiElectronMVA_NoEleMatch_woGwoGSF_EC_VLoose" for run: 382216 lumi: 0 event: 0, timestamp: 7382394804334179328; from CondDBESSource::setIntervalFor
%MSG
%MSG-i CondDBESSource:  PostBeginProcessBlock 09-Feb-2026 14:36:47 CET  PostBeginProcessBlock
Validity coming from IOV sequence for record "PhysicsTGraphPayloadRcd" and label "RecoTauTag_antiElectronMVA_NoEleMatch_woGwoGSF_EC_VLoose": (1, 18446744073709551615) for time (type: runnumber) 382216; from CondDBESSource::setIntervalFor
%MSG
%MSG-i CondDBESSource:  PostBeginProcessBlock 09-Feb-2026 14:36:47 CET  PostBeginProcessBlock
Processing record "PhysicsTGraphPayloadRcd" and label "RecoTauTag_antiElectronMVA_NoEleMatch_woGwoGSF_EC_VTight" for run: 382216 lumi: 0 event: 0, timestamp: 7382394804334179328; from CondDBESSource::setIntervalFor
%MSG
%MSG-i CondDBESSource:  PostBeginProcessBlock 09-Feb-2026 14:36:47 CET  PostBeginProcessBlock
Validity coming from IOV sequence for record "PhysicsTGraphPayloadRcd" and label "RecoTauTag_antiElectronMVA_NoEleMatch_woGwoGSF_EC_VTight": (1, 18446744073709551615) for time (type: runnumber) 382216; from CondDBESSource::setIntervalFor
%MSG
%MSG-i CondDBESSource:  PostBeginProcessBlock 09-Feb-2026 14:36:47 CET  PostBeginProcessBlock
Processing record "PhysicsTGraphPayloadRcd" and label "RecoTauTag_antiElectronMVA_wGwGSF_BL_Loose" for run: 382216 lumi: 0 event: 0, timestamp: 7382394804334179328; from CondDBESSource::setIntervalFor
%MSG
%MSG-i CondDBESSource:  PostBeginProcessBlock 09-Feb-2026 14:36:47 CET  PostBeginProcessBlock
Validity coming from IOV sequence for record "PhysicsTGraphPayloadRcd" and label "RecoTauTag_antiElectronMVA_wGwGSF_BL_Loose": (1, 18446744073709551615) for time (type: runnumber) 382216; from CondDBESSource::setIntervalFor
%MSG
%MSG-i CondDBESSource:  PostBeginProcessBlock 09-Feb-2026 14:36:47 CET  PostBeginProcessBlock
Processing record "PhysicsTGraphPayloadRcd" and label "RecoTauTag_antiElectronMVA_wGwGSF_BL_Medium" for run: 382216 lumi: 0 event: 0, timestamp: 7382394804334179328; from CondDBESSource::setIntervalFor
%MSG
%MSG-i CondDBESSource:  PostBeginProcessBlock 09-Feb-2026 14:36:47 CET  PostBeginProcessBlock
Validity coming from IOV sequence for record "PhysicsTGraphPayloadRcd" and label "RecoTauTag_antiElectronMVA_wGwGSF_BL_Medium": (1, 18446744073709551615) for time (type: runnumber) 382216; from CondDBESSource::setIntervalFor
%MSG
%MSG-i CondDBESSource:  PostBeginProcessBlock 09-Feb-2026 14:36:47 CET  PostBeginProcessBlock
Processing record "PhysicsTGraphPayloadRcd" and label "RecoTauTag_antiElectronMVA_wGwGSF_BL_Tight" for run: 382216 lumi: 0 event: 0, timestamp: 7382394804334179328; from CondDBESSource::setIntervalFor
%MSG
%MSG-i CondDBESSource:  PostBeginProcessBlock 09-Feb-2026 14:36:47 CET  PostBeginProcessBlock
Validity coming from IOV sequence for record "PhysicsTGraphPayloadRcd" and label "RecoTauTag_antiElectronMVA_wGwGSF_BL_Tight": (1, 18446744073709551615) for time (type: runnumber) 382216; from CondDBESSource::setIntervalFor
%MSG
%MSG-i CondDBESSource:  PostBeginProcessBlock 09-Feb-2026 14:36:47 CET  PostBeginProcessBlock
Processing record "PhysicsTGraphPayloadRcd" and label "RecoTauTag_antiElectronMVA_wGwGSF_BL_VLoose" for run: 382216 lumi: 0 event: 0, timestamp: 7382394804334179328; from CondDBESSource::setIntervalFor
%MSG
%MSG-i CondDBESSource:  PostBeginProcessBlock 09-Feb-2026 14:36:47 CET  PostBeginProcessBlock
Validity coming from IOV sequence for record "PhysicsTGraphPayloadRcd" and label "RecoTauTag_antiElectronMVA_wGwGSF_BL_VLoose": (1, 18446744073709551615) for time (type: runnumber) 382216; from CondDBESSource::setIntervalFor
%MSG
%MSG-i CondDBESSource:  PostBeginProcessBlock 09-Feb-2026 14:36:47 CET  PostBeginProcessBlock
Processing record "PhysicsTGraphPayloadRcd" and label "RecoTauTag_antiElectronMVA_wGwGSF_BL_VTight" for run: 382216 lumi: 0 event: 0, timestamp: 7382394804334179328; from CondDBESSource::setIntervalFor
%MSG
%MSG-i CondDBESSource:  PostBeginProcessBlock 09-Feb-2026 14:36:47 CET  PostBeginProcessBlock
Validity coming from IOV sequence for record "PhysicsTGraphPayloadRcd" and label "RecoTauTag_antiElectronMVA_wGwGSF_BL_VTight": (1, 18446744073709551615) for time (type: runnumber) 382216; from CondDBESSource::setIntervalFor
%MSG
%MSG-i CondDBESSource:  PostBeginProcessBlock 09-Feb-2026 14:36:47 CET  PostBeginProcessBlock
Processing record "PhysicsTGraphPayloadRcd" and label "RecoTauTag_antiElectronMVA_wGwGSF_EC_Loose" for run: 382216 lumi: 0 event: 0, timestamp: 7382394804334179328; from CondDBESSource::setIntervalFor
%MSG
%MSG-i CondDBESSource:  PostBeginProcessBlock 09-Feb-2026 14:36:47 CET  PostBeginProcessBlock
Validity coming from IOV sequence for record "PhysicsTGraphPayloadRcd" and label "RecoTauTag_antiElectronMVA_wGwGSF_EC_Loose": (1, 18446744073709551615) for time (type: runnumber) 382216; from CondDBESSource::setIntervalFor
%MSG
%MSG-i CondDBESSource:  PostBeginProcessBlock 09-Feb-2026 14:36:47 CET  PostBeginProcessBlock
Processing record "PhysicsTGraphPayloadRcd" and label "RecoTauTag_antiElectronMVA_wGwGSF_EC_Medium" for run: 382216 lumi: 0 event: 0, timestamp: 7382394804334179328; from CondDBESSource::setIntervalFor
%MSG
%MSG-i CondDBESSource:  PostBeginProcessBlock 09-Feb-2026 14:36:47 CET  PostBeginProcessBlock
Validity coming from IOV sequence for record "PhysicsTGraphPayloadRcd" and label "RecoTauTag_antiElectronMVA_wGwGSF_EC_Medium": (1, 18446744073709551615) for time (type: runnumber) 382216; from CondDBESSource::setIntervalFor
%MSG
%MSG-i CondDBESSource:  PostBeginProcessBlock 09-Feb-2026 14:36:47 CET  PostBeginProcessBlock
Processing record "PhysicsTGraphPayloadRcd" and label "RecoTauTag_antiElectronMVA_wGwGSF_EC_Tight" for run: 382216 lumi: 0 event: 0, timestamp: 7382394804334179328; from CondDBESSource::setIntervalFor
%MSG
%MSG-i CondDBESSource:  PostBeginProcessBlock 09-Feb-2026 14:36:47 CET  PostBeginProcessBlock
Validity coming from IOV sequence for record "PhysicsTGraphPayloadRcd" and label "RecoTauTag_antiElectronMVA_wGwGSF_EC_Tight": (1, 18446744073709551615) for time (type: runnumber) 382216; from CondDBESSource::setIntervalFor
%MSG
%MSG-i CondDBESSource:  PostBeginProcessBlock 09-Feb-2026 14:36:47 CET  PostBeginProcessBlock
Processing record "PhysicsTGraphPayloadRcd" and label "RecoTauTag_antiElectronMVA_wGwGSF_EC_VLoose" for run: 382216 lumi: 0 event: 0, timestamp: 7382394804334179328; from CondDBESSource::setIntervalFor
%MSG
%MSG-i CondDBESSource:  PostBeginProcessBlock 09-Feb-2026 14:36:47 CET  PostBeginProcessBlock
Validity coming from IOV sequence for record "PhysicsTGraphPayloadRcd" and label "RecoTauTag_antiElectronMVA_wGwGSF_EC_VLoose": (1, 18446744073709551615) for time (type: runnumber) 382216; from CondDBESSource::setIntervalFor
%MSG
%MSG-i CondDBESSource:  PostBeginProcessBlock 09-Feb-2026 14:36:47 CET  PostBeginProcessBlock
Processing record "PhysicsTGraphPayloadRcd" and label "RecoTauTag_antiElectronMVA_wGwGSF_EC_VTight" for run: 382216 lumi: 0 event: 0, timestamp: 7382394804334179328; from CondDBESSource::setIntervalFor
%MSG
%MSG-i CondDBESSource:  PostBeginProcessBlock 09-Feb-2026 14:36:47 CET  PostBeginProcessBlock
Validity coming from IOV sequence for record "PhysicsTGraphPayloadRcd" and label "RecoTauTag_antiElectronMVA_wGwGSF_EC_VTight": (1, 18446744073709551615) for time (type: runnumber) 382216; from CondDBESSource::setIntervalFor
%MSG
%MSG-i CondDBESSource:  PostBeginProcessBlock 09-Feb-2026 14:36:47 CET  PostBeginProcessBlock
Processing record "PhysicsTGraphPayloadRcd" and label "RecoTauTag_antiElectronMVA_woGwGSF_BL_Loose" for run: 382216 lumi: 0 event: 0, timestamp: 7382394804334179328; from CondDBESSource::setIntervalFor
%MSG
%MSG-i CondDBESSource:  PostBeginProcessBlock 09-Feb-2026 14:36:47 CET  PostBeginProcessBlock
Validity coming from IOV sequence for record "PhysicsTGraphPayloadRcd" and label "RecoTauTag_antiElectronMVA_woGwGSF_BL_Loose": (1, 18446744073709551615) for time (type: runnumber) 382216; from CondDBESSource::setIntervalFor
%MSG
%MSG-i CondDBESSource:  PostBeginProcessBlock 09-Feb-2026 14:36:47 CET  PostBeginProcessBlock
Processing record "PhysicsTGraphPayloadRcd" and label "RecoTauTag_antiElectronMVA_woGwGSF_BL_Medium" for run: 382216 lumi: 0 event: 0, timestamp: 7382394804334179328; from CondDBESSource::setIntervalFor
%MSG
%MSG-i CondDBESSource:  PostBeginProcessBlock 09-Feb-2026 14:36:47 CET  PostBeginProcessBlock
Validity coming from IOV sequence for record "PhysicsTGraphPayloadRcd" and label "RecoTauTag_antiElectronMVA_woGwGSF_BL_Medium": (1, 18446744073709551615) for time (type: runnumber) 382216; from CondDBESSource::setIntervalFor
%MSG
%MSG-i CondDBESSource:  PostBeginProcessBlock 09-Feb-2026 14:36:47 CET  PostBeginProcessBlock
Processing record "PhysicsTGraphPayloadRcd" and label "RecoTauTag_antiElectronMVA_woGwGSF_BL_Tight" for run: 382216 lumi: 0 event: 0, timestamp: 7382394804334179328; from CondDBESSource::setIntervalFor
%MSG
%MSG-i CondDBESSource:  PostBeginProcessBlock 09-Feb-2026 14:36:47 CET  PostBeginProcessBlock
Validity coming from IOV sequence for record "PhysicsTGraphPayloadRcd" and label "RecoTauTag_antiElectronMVA_woGwGSF_BL_Tight": (1, 18446744073709551615) for time (type: runnumber) 382216; from CondDBESSource::setIntervalFor
%MSG
%MSG-i CondDBESSource:  PostBeginProcessBlock 09-Feb-2026 14:36:47 CET  PostBeginProcessBlock
Processing record "PhysicsTGraphPayloadRcd" and label "RecoTauTag_antiElectronMVA_woGwGSF_BL_VLoose" for run: 382216 lumi: 0 event: 0, timestamp: 7382394804334179328; from CondDBESSource::setIntervalFor
%MSG
%MSG-i CondDBESSource:  PostBeginProcessBlock 09-Feb-2026 14:36:47 CET  PostBeginProcessBlock
Validity coming from IOV sequence for record "PhysicsTGraphPayloadRcd" and label "RecoTauTag_antiElectronMVA_woGwGSF_BL_VLoose": (1, 18446744073709551615) for time (type: runnumber) 382216; from CondDBESSource::setIntervalFor
%MSG
%MSG-i CondDBESSource:  PostBeginProcessBlock 09-Feb-2026 14:36:47 CET  PostBeginProcessBlock
Processing record "PhysicsTGraphPayloadRcd" and label "RecoTauTag_antiElectronMVA_woGwGSF_BL_VTight" for run: 382216 lumi: 0 event: 0, timestamp: 7382394804334179328; from CondDBESSource::setIntervalFor
%MSG
%MSG-i CondDBESSource:  PostBeginProcessBlock 09-Feb-2026 14:36:47 CET  PostBeginProcessBlock
Validity coming from IOV sequence for record "PhysicsTGraphPayloadRcd" and label "RecoTauTag_antiElectronMVA_woGwGSF_BL_VTight": (1, 18446744073709551615) for time (type: runnumber) 382216; from CondDBESSource::setIntervalFor
%MSG
%MSG-i CondDBESSource:  PostBeginProcessBlock 09-Feb-2026 14:36:47 CET  PostBeginProcessBlock
Processing record "PhysicsTGraphPayloadRcd" and label "RecoTauTag_antiElectronMVA_woGwGSF_EC_Loose" for run: 382216 lumi: 0 event: 0, timestamp: 7382394804334179328; from CondDBESSource::setIntervalFor
%MSG
%MSG-i CondDBESSource:  PostBeginProcessBlock 09-Feb-2026 14:36:47 CET  PostBeginProcessBlock
Validity coming from IOV sequence for record "PhysicsTGraphPayloadRcd" and label "RecoTauTag_antiElectronMVA_woGwGSF_EC_Loose": (1, 18446744073709551615) for time (type: runnumber) 382216; from CondDBESSource::setIntervalFor
%MSG
%MSG-i CondDBESSource:  PostBeginProcessBlock 09-Feb-2026 14:36:47 CET  PostBeginProcessBlock
Processing record "PhysicsTGraphPayloadRcd" and label "RecoTauTag_antiElectronMVA_woGwGSF_EC_Medium" for run: 382216 lumi: 0 event: 0, timestamp: 7382394804334179328; from CondDBESSource::setIntervalFor
%MSG
%MSG-i CondDBESSource:  PostBeginProcessBlock 09-Feb-2026 14:36:47 CET  PostBeginProcessBlock
Validity coming from IOV sequence for record "PhysicsTGraphPayloadRcd" and label "RecoTauTag_antiElectronMVA_woGwGSF_EC_Medium": (1, 18446744073709551615) for time (type: runnumber) 382216; from CondDBESSource::setIntervalFor
%MSG
%MSG-i CondDBESSource:  PostBeginProcessBlock 09-Feb-2026 14:36:47 CET  PostBeginProcessBlock
Processing record "PhysicsTGraphPayloadRcd" and label "RecoTauTag_antiElectronMVA_woGwGSF_EC_Tight" for run: 382216 lumi: 0 event: 0, timestamp: 7382394804334179328; from CondDBESSource::setIntervalFor
%MSG
%MSG-i CondDBESSource:  PostBeginProcessBlock 09-Feb-2026 14:36:47 CET  PostBeginProcessBlock
Validity coming from IOV sequence for record "PhysicsTGraphPayloadRcd" and label "RecoTauTag_antiElectronMVA_woGwGSF_EC_Tight": (1, 18446744073709551615) for time (type: runnumber) 382216; from CondDBESSource::setIntervalFor
%MSG
%MSG-i CondDBESSource:  PostBeginProcessBlock 09-Feb-2026 14:36:47 CET  PostBeginProcessBlock
Processing record "PhysicsTGraphPayloadRcd" and label "RecoTauTag_antiElectronMVA_woGwGSF_EC_VLoose" for run: 382216 lumi: 0 event: 0, timestamp: 7382394804334179328; from CondDBESSource::setIntervalFor
%MSG
%MSG-i CondDBESSource:  PostBeginProcessBlock 09-Feb-2026 14:36:47 CET  PostBeginProcessBlock
Validity coming from IOV sequence for record "PhysicsTGraphPayloadRcd" and label "RecoTauTag_antiElectronMVA_woGwGSF_EC_VLoose": (1, 18446744073709551615) for time (type: runnumber) 382216; from CondDBESSource::setIntervalFor
%MSG
%MSG-i CondDBESSource:  PostBeginProcessBlock 09-Feb-2026 14:36:47 CET  PostBeginProcessBlock
Processing record "PhysicsTGraphPayloadRcd" and label "RecoTauTag_antiElectronMVA_woGwGSF_EC_VTight" for run: 382216 lumi: 0 event: 0, timestamp: 7382394804334179328; from CondDBESSource::setIntervalFor
%MSG
%MSG-i CondDBESSource:  PostBeginProcessBlock 09-Feb-2026 14:36:47 CET  PostBeginProcessBlock
Validity coming from IOV sequence for record "PhysicsTGraphPayloadRcd" and label "RecoTauTag_antiElectronMVA_woGwGSF_EC_VTight": (1, 18446744073709551615) for time (type: runnumber) 382216; from CondDBESSource::setIntervalFor
%MSG
%MSG-i CondDBESSource:  PostBeginProcessBlock 09-Feb-2026 14:36:47 CET  PostBeginProcessBlock
Processing record "PhysicsTGraphPayloadRcd" and label "RecoTauTag_tauIdMVAIsoDBnewDMwLT_Loose" for run: 382216 lumi: 0 event: 0, timestamp: 7382394804334179328; from CondDBESSource::setIntervalFor
%MSG
%MSG-i CondDBESSource:  PostBeginProcessBlock 09-Feb-2026 14:36:47 CET  PostBeginProcessBlock
Validity coming from IOV sequence for record "PhysicsTGraphPayloadRcd" and label "RecoTauTag_tauIdMVAIsoDBnewDMwLT_Loose": (1, 18446744073709551615) for time (type: runnumber) 382216; from CondDBESSource::setIntervalFor
%MSG
%MSG-i CondDBESSource:  PostBeginProcessBlock 09-Feb-2026 14:36:47 CET  PostBeginProcessBlock
Processing record "PhysicsTGraphPayloadRcd" and label "RecoTauTag_tauIdMVAIsoDBnewDMwLT_Medium" for run: 382216 lumi: 0 event: 0, timestamp: 7382394804334179328; from CondDBESSource::setIntervalFor
%MSG
%MSG-i CondDBESSource:  PostBeginProcessBlock 09-Feb-2026 14:36:47 CET  PostBeginProcessBlock
Validity coming from IOV sequence for record "PhysicsTGraphPayloadRcd" and label "RecoTauTag_tauIdMVAIsoDBnewDMwLT_Medium": (1, 18446744073709551615) for time (type: runnumber) 382216; from CondDBESSource::setIntervalFor
%MSG
%MSG-i CondDBESSource:  PostBeginProcessBlock 09-Feb-2026 14:36:47 CET  PostBeginProcessBlock
Processing record "PhysicsTGraphPayloadRcd" and label "RecoTauTag_tauIdMVAIsoDBnewDMwLT_Tight" for run: 382216 lumi: 0 event: 0, timestamp: 7382394804334179328; from CondDBESSource::setIntervalFor
%MSG
%MSG-i CondDBESSource:  PostBeginProcessBlock 09-Feb-2026 14:36:47 CET  PostBeginProcessBlock
Validity coming from IOV sequence for record "PhysicsTGraphPayloadRcd" and label "RecoTauTag_tauIdMVAIsoDBnewDMwLT_Tight": (1, 18446744073709551615) for time (type: runnumber) 382216; from CondDBESSource::setIntervalFor
%MSG
%MSG-i CondDBESSource:  PostBeginProcessBlock 09-Feb-2026 14:36:47 CET  PostBeginProcessBlock
Processing record "PhysicsTGraphPayloadRcd" and label "RecoTauTag_tauIdMVAIsoDBnewDMwLT_VLoose" for run: 382216 lumi: 0 event: 0, timestamp: 7382394804334179328; from CondDBESSource::setIntervalFor
%MSG
%MSG-i CondDBESSource:  PostBeginProcessBlock 09-Feb-2026 14:36:47 CET  PostBeginProcessBlock
Validity coming from IOV sequence for record "PhysicsTGraphPayloadRcd" and label "RecoTauTag_tauIdMVAIsoDBnewDMwLT_VLoose": (1, 18446744073709551615) for time (type: runnumber) 382216; from CondDBESSource::setIntervalFor
%MSG
%MSG-i CondDBESSource:  PostBeginProcessBlock 09-Feb-2026 14:36:47 CET  PostBeginProcessBlock
Processing record "PhysicsTGraphPayloadRcd" and label "RecoTauTag_tauIdMVAIsoDBnewDMwLT_VTight" for run: 382216 lumi: 0 event: 0, timestamp: 7382394804334179328; from CondDBESSource::setIntervalFor
%MSG
%MSG-i CondDBESSource:  PostBeginProcessBlock 09-Feb-2026 14:36:47 CET  PostBeginProcessBlock
Validity coming from IOV sequence for record "PhysicsTGraphPayloadRcd" and label "RecoTauTag_tauIdMVAIsoDBnewDMwLT_VTight": (1, 18446744073709551615) for time (type: runnumber) 382216; from CondDBESSource::setIntervalFor
%MSG
%MSG-i CondDBESSource:  PostBeginProcessBlock 09-Feb-2026 14:36:47 CET  PostBeginProcessBlock
Processing record "PhysicsTGraphPayloadRcd" and label "RecoTauTag_tauIdMVAIsoDBnewDMwLT_VVLoose" for run: 382216 lumi: 0 event: 0, timestamp: 7382394804334179328; from CondDBESSource::setIntervalFor
%MSG
%MSG-i CondDBESSource:  PostBeginProcessBlock 09-Feb-2026 14:36:47 CET  PostBeginProcessBlock
Validity coming from IOV sequence for record "PhysicsTGraphPayloadRcd" and label "RecoTauTag_tauIdMVAIsoDBnewDMwLT_VVLoose": (1, 18446744073709551615) for time (type: runnumber) 382216; from CondDBESSource::setIntervalFor
%MSG
%MSG-i CondDBESSource:  PostBeginProcessBlock 09-Feb-2026 14:36:47 CET  PostBeginProcessBlock
Processing record "PhysicsTGraphPayloadRcd" and label "RecoTauTag_tauIdMVAIsoDBnewDMwLT_VVTight" for run: 382216 lumi: 0 event: 0, timestamp: 7382394804334179328; from CondDBESSource::setIntervalFor
%MSG
%MSG-i CondDBESSource:  PostBeginProcessBlock 09-Feb-2026 14:36:47 CET  PostBeginProcessBlock
Validity coming from IOV sequence for record "PhysicsTGraphPayloadRcd" and label "RecoTauTag_tauIdMVAIsoDBnewDMwLT_VVTight": (1, 18446744073709551615) for time (type: runnumber) 382216; from CondDBESSource::setIntervalFor
%MSG
%MSG-i CondDBESSource:  PostBeginProcessBlock 09-Feb-2026 14:36:47 CET  PostBeginProcessBlock
Processing record "PhysicsTGraphPayloadRcd" and label "RecoTauTag_tauIdMVAIsoDBoldDMdR0p3wLT_Loose" for run: 382216 lumi: 0 event: 0, timestamp: 7382394804334179328; from CondDBESSource::setIntervalFor
%MSG
%MSG-i CondDBESSource:  PostBeginProcessBlock 09-Feb-2026 14:36:47 CET  PostBeginProcessBlock
Validity coming from IOV sequence for record "PhysicsTGraphPayloadRcd" and label "RecoTauTag_tauIdMVAIsoDBoldDMdR0p3wLT_Loose": (1, 18446744073709551615) for time (type: runnumber) 382216; from CondDBESSource::setIntervalFor
%MSG
%MSG-i CondDBESSource:  PostBeginProcessBlock 09-Feb-2026 14:36:47 CET  PostBeginProcessBlock
Processing record "PhysicsTGraphPayloadRcd" and label "RecoTauTag_tauIdMVAIsoDBoldDMdR0p3wLT_Medium" for run: 382216 lumi: 0 event: 0, timestamp: 7382394804334179328; from CondDBESSource::setIntervalFor
%MSG
%MSG-i CondDBESSource:  PostBeginProcessBlock 09-Feb-2026 14:36:47 CET  PostBeginProcessBlock
Validity coming from IOV sequence for record "PhysicsTGraphPayloadRcd" and label "RecoTauTag_tauIdMVAIsoDBoldDMdR0p3wLT_Medium": (1, 18446744073709551615) for time (type: runnumber) 382216; from CondDBESSource::setIntervalFor
%MSG
%MSG-i CondDBESSource:  PostBeginProcessBlock 09-Feb-2026 14:36:47 CET  PostBeginProcessBlock
Processing record "PhysicsTGraphPayloadRcd" and label "RecoTauTag_tauIdMVAIsoDBoldDMdR0p3wLT_Tight" for run: 382216 lumi: 0 event: 0, timestamp: 7382394804334179328; from CondDBESSource::setIntervalFor
%MSG
%MSG-i CondDBESSource:  PostBeginProcessBlock 09-Feb-2026 14:36:47 CET  PostBeginProcessBlock
Validity coming from IOV sequence for record "PhysicsTGraphPayloadRcd" and label "RecoTauTag_tauIdMVAIsoDBoldDMdR0p3wLT_Tight": (1, 18446744073709551615) for time (type: runnumber) 382216; from CondDBESSource::setIntervalFor
%MSG
%MSG-i CondDBESSource:  PostBeginProcessBlock 09-Feb-2026 14:36:47 CET  PostBeginProcessBlock
Processing record "PhysicsTGraphPayloadRcd" and label "RecoTauTag_tauIdMVAIsoDBoldDMdR0p3wLT_VLoose" for run: 382216 lumi: 0 event: 0, timestamp: 7382394804334179328; from CondDBESSource::setIntervalFor
%MSG
%MSG-i CondDBESSource:  PostBeginProcessBlock 09-Feb-2026 14:36:47 CET  PostBeginProcessBlock
Validity coming from IOV sequence for record "PhysicsTGraphPayloadRcd" and label "RecoTauTag_tauIdMVAIsoDBoldDMdR0p3wLT_VLoose": (1, 18446744073709551615) for time (type: runnumber) 382216; from CondDBESSource::setIntervalFor
%MSG
%MSG-i CondDBESSource:  PostBeginProcessBlock 09-Feb-2026 14:36:47 CET  PostBeginProcessBlock
Processing record "PhysicsTGraphPayloadRcd" and label "RecoTauTag_tauIdMVAIsoDBoldDMdR0p3wLT_VTight" for run: 382216 lumi: 0 event: 0, timestamp: 7382394804334179328; from CondDBESSource::setIntervalFor
%MSG
%MSG-i CondDBESSource:  PostBeginProcessBlock 09-Feb-2026 14:36:47 CET  PostBeginProcessBlock
Validity coming from IOV sequence for record "PhysicsTGraphPayloadRcd" and label "RecoTauTag_tauIdMVAIsoDBoldDMdR0p3wLT_VTight": (1, 18446744073709551615) for time (type: runnumber) 382216; from CondDBESSource::setIntervalFor
%MSG
%MSG-i CondDBESSource:  PostBeginProcessBlock 09-Feb-2026 14:36:47 CET  PostBeginProcessBlock
Processing record "PhysicsTGraphPayloadRcd" and label "RecoTauTag_tauIdMVAIsoDBoldDMdR0p3wLT_VVLoose" for run: 382216 lumi: 0 event: 0, timestamp: 7382394804334179328; from CondDBESSource::setIntervalFor
%MSG
%MSG-i CondDBESSource:  PostBeginProcessBlock 09-Feb-2026 14:36:47 CET  PostBeginProcessBlock
Validity coming from IOV sequence for record "PhysicsTGraphPayloadRcd" and label "RecoTauTag_tauIdMVAIsoDBoldDMdR0p3wLT_VVLoose": (1, 18446744073709551615) for time (type: runnumber) 382216; from CondDBESSource::setIntervalFor
%MSG
%MSG-i CondDBESSource:  PostBeginProcessBlock 09-Feb-2026 14:36:47 CET  PostBeginProcessBlock
Processing record "PhysicsTGraphPayloadRcd" and label "RecoTauTag_tauIdMVAIsoDBoldDMdR0p3wLT_VVTight" for run: 382216 lumi: 0 event: 0, timestamp: 7382394804334179328; from CondDBESSource::setIntervalFor
%MSG
%MSG-i CondDBESSource:  PostBeginProcessBlock 09-Feb-2026 14:36:47 CET  PostBeginProcessBlock
Validity coming from IOV sequence for record "PhysicsTGraphPayloadRcd" and label "RecoTauTag_tauIdMVAIsoDBoldDMdR0p3wLT_VVTight": (1, 18446744073709551615) for time (type: runnumber) 382216; from CondDBESSource::setIntervalFor
%MSG
%MSG-i CondDBESSource:  PostBeginProcessBlock 09-Feb-2026 14:36:47 CET  PostBeginProcessBlock
Processing record "PhysicsTGraphPayloadRcd" and label "RecoTauTag_tauIdMVAIsoDBoldDMwLT_Loose" for run: 382216 lumi: 0 event: 0, timestamp: 7382394804334179328; from CondDBESSource::setIntervalFor
%MSG
%MSG-i CondDBESSource:  PostBeginProcessBlock 09-Feb-2026 14:36:47 CET  PostBeginProcessBlock
Validity coming from IOV sequence for record "PhysicsTGraphPayloadRcd" and label "RecoTauTag_tauIdMVAIsoDBoldDMwLT_Loose": (1, 18446744073709551615) for time (type: runnumber) 382216; from CondDBESSource::setIntervalFor
%MSG
%MSG-i CondDBESSource:  PostBeginProcessBlock 09-Feb-2026 14:36:47 CET  PostBeginProcessBlock
Processing record "PhysicsTGraphPayloadRcd" and label "RecoTauTag_tauIdMVAIsoDBoldDMwLT_Medium" for run: 382216 lumi: 0 event: 0, timestamp: 7382394804334179328; from CondDBESSource::setIntervalFor
%MSG
%MSG-i CondDBESSource:  PostBeginProcessBlock 09-Feb-2026 14:36:47 CET  PostBeginProcessBlock
Validity coming from IOV sequence for record "PhysicsTGraphPayloadRcd" and label "RecoTauTag_tauIdMVAIsoDBoldDMwLT_Medium": (1, 18446744073709551615) for time (type: runnumber) 382216; from CondDBESSource::setIntervalFor
%MSG
%MSG-i CondDBESSource:  PostBeginProcessBlock 09-Feb-2026 14:36:47 CET  PostBeginProcessBlock
Processing record "PhysicsTGraphPayloadRcd" and label "RecoTauTag_tauIdMVAIsoDBoldDMwLT_Tight" for run: 382216 lumi: 0 event: 0, timestamp: 7382394804334179328; from CondDBESSource::setIntervalFor
%MSG
%MSG-i CondDBESSource:  PostBeginProcessBlock 09-Feb-2026 14:36:47 CET  PostBeginProcessBlock
Validity coming from IOV sequence for record "PhysicsTGraphPayloadRcd" and label "RecoTauTag_tauIdMVAIsoDBoldDMwLT_Tight": (1, 18446744073709551615) for time (type: runnumber) 382216; from CondDBESSource::setIntervalFor
%MSG
%MSG-i CondDBESSource:  PostBeginProcessBlock 09-Feb-2026 14:36:47 CET  PostBeginProcessBlock
Processing record "PhysicsTGraphPayloadRcd" and label "RecoTauTag_tauIdMVAIsoDBoldDMwLT_VLoose" for run: 382216 lumi: 0 event: 0, timestamp: 7382394804334179328; from CondDBESSource::setIntervalFor
%MSG
%MSG-i CondDBESSource:  PostBeginProcessBlock 09-Feb-2026 14:36:47 CET  PostBeginProcessBlock
Validity coming from IOV sequence for record "PhysicsTGraphPayloadRcd" and label "RecoTauTag_tauIdMVAIsoDBoldDMwLT_VLoose": (1, 18446744073709551615) for time (type: runnumber) 382216; from CondDBESSource::setIntervalFor
%MSG
%MSG-i CondDBESSource:  PostBeginProcessBlock 09-Feb-2026 14:36:47 CET  PostBeginProcessBlock
Processing record "PhysicsTGraphPayloadRcd" and label "RecoTauTag_tauIdMVAIsoDBoldDMwLT_VTight" for run: 382216 lumi: 0 event: 0, timestamp: 7382394804334179328; from CondDBESSource::setIntervalFor
%MSG
%MSG-i CondDBESSource:  PostBeginProcessBlock 09-Feb-2026 14:36:47 CET  PostBeginProcessBlock
Validity coming from IOV sequence for record "PhysicsTGraphPayloadRcd" and label "RecoTauTag_tauIdMVAIsoDBoldDMwLT_VTight": (1, 18446744073709551615) for time (type: runnumber) 382216; from CondDBESSource::setIntervalFor
%MSG
%MSG-i CondDBESSource:  PostBeginProcessBlock 09-Feb-2026 14:36:47 CET  PostBeginProcessBlock
Processing record "PhysicsTGraphPayloadRcd" and label "RecoTauTag_tauIdMVAIsoDBoldDMwLT_VVLoose" for run: 382216 lumi: 0 event: 0, timestamp: 7382394804334179328; from CondDBESSource::setIntervalFor
%MSG
%MSG-i CondDBESSource:  PostBeginProcessBlock 09-Feb-2026 14:36:47 CET  PostBeginProcessBlock
Validity coming from IOV sequence for record "PhysicsTGraphPayloadRcd" and label "RecoTauTag_tauIdMVAIsoDBoldDMwLT_VVLoose": (1, 18446744073709551615) for time (type: runnumber) 382216; from CondDBESSource::setIntervalFor
%MSG
%MSG-i CondDBESSource:  PostBeginProcessBlock 09-Feb-2026 14:36:47 CET  PostBeginProcessBlock
Processing record "PhysicsTGraphPayloadRcd" and label "RecoTauTag_tauIdMVAIsoDBoldDMwLT_VVTight" for run: 382216 lumi: 0 event: 0, timestamp: 7382394804334179328; from CondDBESSource::setIntervalFor
%MSG
%MSG-i CondDBESSource:  PostBeginProcessBlock 09-Feb-2026 14:36:47 CET  PostBeginProcessBlock
Validity coming from IOV sequence for record "PhysicsTGraphPayloadRcd" and label "RecoTauTag_tauIdMVAIsoDBoldDMwLT_VVTight": (1, 18446744073709551615) for time (type: runnumber) 382216; from CondDBESSource::setIntervalFor
%MSG
%MSG-i CondDBESSource:  PostBeginProcessBlock 09-Feb-2026 14:36:47 CET  PostBeginProcessBlock
Setting validity for record "PhysicsTGraphPayloadRcd" and corresponding label(s): starting at run: 1 lumi: 0 event: 0, timestamp: 0, ending at run: 4294967295 lumi: 4294967295 event: 18446744073709551615, timestamp: 0, for run: 382216 lumi: 0 event: 0, timestamp: 7382394804334179328; from CondDBESSource::setIntervalFor
%MSG
%MSG-i CondDBESSource:  PostBeginProcessBlock 09-Feb-2026 14:36:47 CET  PostBeginProcessBlock
Getting data for record "SiPixelFedCablingMapRcd" to be consumed on Run: 382216 - Lumiblock:0 - Timestamp: 7382394804334179328; from CondDBESSource::setIntervalFor
%MSG
%MSG-i CondDBESSource:  PostBeginProcessBlock 09-Feb-2026 14:36:47 CET  PostBeginProcessBlock
Processing record "SiPixelFedCablingMapRcd" and label "" for run: 382216 lumi: 0 event: 0, timestamp: 7382394804334179328; from CondDBESSource::setIntervalFor
%MSG
%MSG-i CondDBESSource:  PostBeginProcessBlock 09-Feb-2026 14:36:47 CET  PostBeginProcessBlock
Validity coming from IOV sequence for record "SiPixelFedCablingMapRcd" and label "": (290543, 18446744073709551615) for time (type: runnumber) 382216; from CondDBESSource::setIntervalFor
%MSG
%MSG-i CondDBESSource:  PostBeginProcessBlock 09-Feb-2026 14:36:47 CET  PostBeginProcessBlock
Setting validity for record "SiPixelFedCablingMapRcd" and corresponding label(s): starting at run: 290543 lumi: 0 event: 0, timestamp: 0, ending at run: 4294967295 lumi: 4294967295 event: 18446744073709551615, timestamp: 0, for run: 382216 lumi: 0 event: 0, timestamp: 7382394804334179328; from CondDBESSource::setIntervalFor
%MSG
%MSG-i CondDBESSource:  PostBeginProcessBlock 09-Feb-2026 14:36:47 CET  PostBeginProcessBlock
Getting data for record "ESIntercalibConstantsRcd" to be consumed on Run: 382216 - Lumiblock:0 - Timestamp: 7382394804334179328; from CondDBESSource::setIntervalFor
%MSG
%MSG-i CondDBESSource:  PostBeginProcessBlock 09-Feb-2026 14:36:47 CET  PostBeginProcessBlock
Processing record "ESIntercalibConstantsRcd" and label "" for run: 382216 lumi: 0 event: 0, timestamp: 7382394804334179328; from CondDBESSource::setIntervalFor
%MSG
%MSG-i CondDBESSource:  PostBeginProcessBlock 09-Feb-2026 14:36:47 CET  PostBeginProcessBlock
Validity coming from IOV sequence for record "ESIntercalibConstantsRcd" and label "": (382105, 382643) for time (type: runnumber) 382216; from CondDBESSource::setIntervalFor
%MSG
%MSG-i CondDBESSource:  PostBeginProcessBlock 09-Feb-2026 14:36:47 CET  PostBeginProcessBlock
Setting validity for record "ESIntercalibConstantsRcd" and corresponding label(s): starting at run: 382105 lumi: 0 event: 0, timestamp: 0, ending at run: 382643 lumi: 4294967295 event: 18446744073709551615, timestamp: 0, for run: 382216 lumi: 0 event: 0, timestamp: 7382394804334179328; from CondDBESSource::setIntervalFor
%MSG
%MSG-i CondDBESSource:  PostBeginProcessBlock 09-Feb-2026 14:36:47 CET  PostBeginProcessBlock
Getting data for record "EcalTPGOddWeightGroupRcd" to be consumed on Run: 382216 - Lumiblock:0 - Timestamp: 7382394804334179328; from CondDBESSource::setIntervalFor
%MSG
%MSG-i CondDBESSource:  PostBeginProcessBlock 09-Feb-2026 14:36:47 CET  PostBeginProcessBlock
Processing record "EcalTPGOddWeightGroupRcd" and label "" for run: 382216 lumi: 0 event: 0, timestamp: 7382394804334179328; from CondDBESSource::setIntervalFor
%MSG
%MSG-i CondDBESSource:  PostBeginProcessBlock 09-Feb-2026 14:36:47 CET  PostBeginProcessBlock
Validity coming from IOV sequence for record "EcalTPGOddWeightGroupRcd" and label "": (359689, 18446744073709551615) for time (type: runnumber) 382216; from CondDBESSource::setIntervalFor
%MSG
%MSG-i CondDBESSource:  PostBeginProcessBlock 09-Feb-2026 14:36:47 CET  PostBeginProcessBlock
Setting validity for record "EcalTPGOddWeightGroupRcd" and corresponding label(s): starting at run: 359689 lumi: 0 event: 0, timestamp: 0, ending at run: 4294967295 lumi: 4294967295 event: 18446744073709551615, timestamp: 0, for run: 382216 lumi: 0 event: 0, timestamp: 7382394804334179328; from CondDBESSource::setIntervalFor
%MSG
%MSG-i CondDBESSource:  PostBeginProcessBlock 09-Feb-2026 14:36:47 CET  PostBeginProcessBlock
Getting data for record "EcalTPGOddWeightIdMapRcd" to be consumed on Run: 382216 - Lumiblock:0 - Timestamp: 7382394804334179328; from CondDBESSource::setIntervalFor
%MSG
%MSG-i CondDBESSource:  PostBeginProcessBlock 09-Feb-2026 14:36:47 CET  PostBeginProcessBlock
Processing record "EcalTPGOddWeightIdMapRcd" and label "" for run: 382216 lumi: 0 event: 0, timestamp: 7382394804334179328; from CondDBESSource::setIntervalFor
%MSG
%MSG-i CondDBESSource:  PostBeginProcessBlock 09-Feb-2026 14:36:47 CET  PostBeginProcessBlock
Validity coming from IOV sequence for record "EcalTPGOddWeightIdMapRcd" and label "": (359689, 18446744073709551615) for time (type: runnumber) 382216; from CondDBESSource::setIntervalFor
%MSG
%MSG-i CondDBESSource:  PostBeginProcessBlock 09-Feb-2026 14:36:47 CET  PostBeginProcessBlock
Setting validity for record "EcalTPGOddWeightIdMapRcd" and corresponding label(s): starting at run: 359689 lumi: 0 event: 0, timestamp: 0, ending at run: 4294967295 lumi: 4294967295 event: 18446744073709551615, timestamp: 0, for run: 382216 lumi: 0 event: 0, timestamp: 7382394804334179328; from CondDBESSource::setIntervalFor
%MSG
%MSG-i CondDBESSource:  PostBeginProcessBlock 09-Feb-2026 14:36:47 CET  PostBeginProcessBlock
Getting data for record "L1RCTNoisyChannelMaskRcd" to be consumed on Run: 382216 - Lumiblock:0 - Timestamp: 7382394804334179328; from CondDBESSource::setIntervalFor
%MSG
%MSG-i CondDBESSource:  PostBeginProcessBlock 09-Feb-2026 14:36:47 CET  PostBeginProcessBlock
Processing record "L1RCTNoisyChannelMaskRcd" and label "" for run: 382216 lumi: 0 event: 0, timestamp: 7382394804334179328; from CondDBESSource::setIntervalFor
%MSG
%MSG-i CondDBESSource:  PostBeginProcessBlock 09-Feb-2026 14:36:47 CET  PostBeginProcessBlock
Validity coming from IOV sequence for record "L1RCTNoisyChannelMaskRcd" and label "": (1, 18446744073709551615) for time (type: runnumber) 382216; from CondDBESSource::setIntervalFor
%MSG
%MSG-i CondDBESSource:  PostBeginProcessBlock 09-Feb-2026 14:36:47 CET  PostBeginProcessBlock
Setting validity for record "L1RCTNoisyChannelMaskRcd" and corresponding label(s): starting at run: 1 lumi: 0 event: 0, timestamp: 0, ending at run: 4294967295 lumi: 4294967295 event: 18446744073709551615, timestamp: 0, for run: 382216 lumi: 0 event: 0, timestamp: 7382394804334179328; from CondDBESSource::setIntervalFor
%MSG
%MSG-i CondDBESSource:  PostBeginProcessBlock 09-Feb-2026 14:36:47 CET  PostBeginProcessBlock
Getting data for record "SiStripDeDxProton_3D_Rcd" to be consumed on Run: 382216 - Lumiblock:0 - Timestamp: 7382394804334179328; from CondDBESSource::setIntervalFor
%MSG
%MSG-i CondDBESSource:  PostBeginProcessBlock 09-Feb-2026 14:36:47 CET  PostBeginProcessBlock
Processing record "SiStripDeDxProton_3D_Rcd" and label "" for run: 382216 lumi: 0 event: 0, timestamp: 7382394804334179328; from CondDBESSource::setIntervalFor
%MSG
%MSG-i CondDBESSource:  PostBeginProcessBlock 09-Feb-2026 14:36:47 CET  PostBeginProcessBlock
Validity coming from IOV sequence for record "SiStripDeDxProton_3D_Rcd" and label "": (1, 18446744073709551615) for time (type: runnumber) 382216; from CondDBESSource::setIntervalFor
%MSG
%MSG-i CondDBESSource:  PostBeginProcessBlock 09-Feb-2026 14:36:47 CET  PostBeginProcessBlock
Setting validity for record "SiStripDeDxProton_3D_Rcd" and corresponding label(s): starting at run: 1 lumi: 0 event: 0, timestamp: 0, ending at run: 4294967295 lumi: 4294967295 event: 18446744073709551615, timestamp: 0, for run: 382216 lumi: 0 event: 0, timestamp: 7382394804334179328; from CondDBESSource::setIntervalFor
%MSG
%MSG-i CondDBESSource:  PostBeginProcessBlock 09-Feb-2026 14:36:47 CET  PostBeginProcessBlock
Getting data for record "BTagTrackProbability2DRcd" to be consumed on Run: 382216 - Lumiblock:0 - Timestamp: 7382394804334179328; from CondDBESSource::setIntervalFor
%MSG
%MSG-i CondDBESSource:  PostBeginProcessBlock 09-Feb-2026 14:36:47 CET  PostBeginProcessBlock
Processing record "BTagTrackProbability2DRcd" and label "" for run: 382216 lumi: 0 event: 0, timestamp: 7382394804334179328; from CondDBESSource::setIntervalFor
%MSG
%MSG-i CondDBESSource:  PostBeginProcessBlock 09-Feb-2026 14:36:47 CET  PostBeginProcessBlock
Validity coming from IOV sequence for record "BTagTrackProbability2DRcd" and label "": (197571, 18446744073709551615) for time (type: runnumber) 382216; from CondDBESSource::setIntervalFor
%MSG
%MSG-i CondDBESSource:  PostBeginProcessBlock 09-Feb-2026 14:36:47 CET  PostBeginProcessBlock
Setting validity for record "BTagTrackProbability2DRcd" and corresponding label(s): starting at run: 197571 lumi: 0 event: 0, timestamp: 0, ending at run: 4294967295 lumi: 4294967295 event: 18446744073709551615, timestamp: 0, for run: 382216 lumi: 0 event: 0, timestamp: 7382394804334179328; from CondDBESSource::setIntervalFor
%MSG
%MSG-i CondDBESSource:  PostBeginProcessBlock 09-Feb-2026 14:36:47 CET  PostBeginProcessBlock
Getting data for record "BTagTrackProbability3DRcd" to be consumed on Run: 382216 - Lumiblock:0 - Timestamp: 7382394804334179328; from CondDBESSource::setIntervalFor
%MSG
%MSG-i CondDBESSource:  PostBeginProcessBlock 09-Feb-2026 14:36:47 CET  PostBeginProcessBlock
Processing record "BTagTrackProbability3DRcd" and label "" for run: 382216 lumi: 0 event: 0, timestamp: 7382394804334179328; from CondDBESSource::setIntervalFor
%MSG
%MSG-i CondDBESSource:  PostBeginProcessBlock 09-Feb-2026 14:36:47 CET  PostBeginProcessBlock
Validity coming from IOV sequence for record "BTagTrackProbability3DRcd" and label "": (281466, 18446744073709551615) for time (type: runnumber) 382216; from CondDBESSource::setIntervalFor
%MSG
%MSG-i CondDBESSource:  PostBeginProcessBlock 09-Feb-2026 14:36:47 CET  PostBeginProcessBlock
Setting validity for record "BTagTrackProbability3DRcd" and corresponding label(s): starting at run: 281466 lumi: 0 event: 0, timestamp: 0, ending at run: 4294967295 lumi: 4294967295 event: 18446744073709551615, timestamp: 0, for run: 382216 lumi: 0 event: 0, timestamp: 7382394804334179328; from CondDBESSource::setIntervalFor
%MSG
%MSG-i CondDBESSource:  PostBeginProcessBlock 09-Feb-2026 14:36:47 CET  PostBeginProcessBlock
Getting data for record "CSCDBGasGainCorrectionRcd" to be consumed on Run: 382216 - Lumiblock:0 - Timestamp: 7382394804334179328; from CondDBESSource::setIntervalFor
%MSG
%MSG-i CondDBESSource:  PostBeginProcessBlock 09-Feb-2026 14:36:47 CET  PostBeginProcessBlock
Processing record "CSCDBGasGainCorrectionRcd" and label "" for run: 382216 lumi: 0 event: 0, timestamp: 7382394804334179328; from CondDBESSource::setIntervalFor
%MSG
%MSG-i CondDBESSource:  PostBeginProcessBlock 09-Feb-2026 14:36:47 CET  PostBeginProcessBlock
Validity coming from IOV sequence for record "CSCDBGasGainCorrectionRcd" and label "": (221421, 18446744073709551615) for time (type: runnumber) 382216; from CondDBESSource::setIntervalFor
%MSG
%MSG-i CondDBESSource:  PostBeginProcessBlock 09-Feb-2026 14:36:47 CET  PostBeginProcessBlock
Setting validity for record "CSCDBGasGainCorrectionRcd" and corresponding label(s): starting at run: 221421 lumi: 0 event: 0, timestamp: 0, ending at run: 4294967295 lumi: 4294967295 event: 18446744073709551615, timestamp: 0, for run: 382216 lumi: 0 event: 0, timestamp: 7382394804334179328; from CondDBESSource::setIntervalFor
%MSG
%MSG-i CondDBESSource:  PostBeginProcessBlock 09-Feb-2026 14:36:47 CET  PostBeginProcessBlock
Getting data for record "CTPPSPixelAnalysisMaskRcd" to be consumed on Run: 382216 - Lumiblock:0 - Timestamp: 7382394804334179328; from CondDBESSource::setIntervalFor
%MSG
%MSG-i CondDBESSource:  PostBeginProcessBlock 09-Feb-2026 14:36:47 CET  PostBeginProcessBlock
Processing record "CTPPSPixelAnalysisMaskRcd" and label "" for run: 382216 lumi: 0 event: 0, timestamp: 7382394804334179328; from CondDBESSource::setIntervalFor
%MSG
%MSG-i CondDBESSource:  PostBeginProcessBlock 09-Feb-2026 14:36:47 CET  PostBeginProcessBlock
Validity coming from IOV sequence for record "CTPPSPixelAnalysisMaskRcd" and label "": (359116, 18446744073709551615) for time (type: runnumber) 382216; from CondDBESSource::setIntervalFor
%MSG
%MSG-i CondDBESSource:  PostBeginProcessBlock 09-Feb-2026 14:36:47 CET  PostBeginProcessBlock
Setting validity for record "CTPPSPixelAnalysisMaskRcd" and corresponding label(s): starting at run: 359116 lumi: 0 event: 0, timestamp: 0, ending at run: 4294967295 lumi: 4294967295 event: 18446744073709551615, timestamp: 0, for run: 382216 lumi: 0 event: 0, timestamp: 7382394804334179328; from CondDBESSource::setIntervalFor
%MSG
%MSG-i CondDBESSource:  PostBeginProcessBlock 09-Feb-2026 14:36:47 CET  PostBeginProcessBlock
Getting data for record "DTKeyedConfigContainerRcd" to be consumed on Run: 382216 - Lumiblock:0 - Timestamp: 7382394804334179328; from CondDBESSource::setIntervalFor
%MSG
%MSG-i CondDBESSource:  PostBeginProcessBlock 09-Feb-2026 14:36:47 CET  PostBeginProcessBlock
Processing record "DTKeyedConfigContainerRcd" and label "" for run: 382216 lumi: 0 event: 0, timestamp: 7382394804334179328; from CondDBESSource::setIntervalFor
%MSG
%MSG-i CondDBESSource:  PostBeginProcessBlock 09-Feb-2026 14:36:47 CET  PostBeginProcessBlock
Getting data for record "DTRecoConditionsUncertRcd" to be consumed on Run: 382216 - Lumiblock:0 - Timestamp: 7382394804334179328; from CondDBESSource::setIntervalFor
%MSG
%MSG-i CondDBESSource:  PostBeginProcessBlock 09-Feb-2026 14:36:47 CET  PostBeginProcessBlock
Processing record "DTRecoConditionsUncertRcd" and label "" for run: 382216 lumi: 0 event: 0, timestamp: 7382394804334179328; from CondDBESSource::setIntervalFor
%MSG
%MSG-i CondDBESSource:  PostBeginProcessBlock 09-Feb-2026 14:36:47 CET  PostBeginProcessBlock
Validity coming from IOV sequence for record "DTRecoConditionsUncertRcd" and label "": (1, 18446744073709551615) for time (type: runnumber) 382216; from CondDBESSource::setIntervalFor
%MSG
%MSG-i CondDBESSource:  PostBeginProcessBlock 09-Feb-2026 14:36:47 CET  PostBeginProcessBlock
Setting validity for record "DTRecoConditionsUncertRcd" and corresponding label(s): starting at run: 1 lumi: 0 event: 0, timestamp: 0, ending at run: 4294967295 lumi: 4294967295 event: 18446744073709551615, timestamp: 0, for run: 382216 lumi: 0 event: 0, timestamp: 7382394804334179328; from CondDBESSource::setIntervalFor
%MSG
%MSG-i CondDBESSource:  PostBeginProcessBlock 09-Feb-2026 14:36:47 CET  PostBeginProcessBlock
Getting data for record "EcalPFRecHitThresholdsRcd" to be consumed on Run: 382216 - Lumiblock:0 - Timestamp: 7382394804334179328; from CondDBESSource::setIntervalFor
%MSG
%MSG-i CondDBESSource:  PostBeginProcessBlock 09-Feb-2026 14:36:47 CET  PostBeginProcessBlock
Processing record "EcalPFRecHitThresholdsRcd" and label "" for run: 382216 lumi: 0 event: 0, timestamp: 7382394804334179328; from CondDBESSource::setIntervalFor
%MSG
%MSG-i CondDBESSource:  PostBeginProcessBlock 09-Feb-2026 14:36:47 CET  PostBeginProcessBlock
Validity coming from IOV sequence for record "EcalPFRecHitThresholdsRcd" and label "": (347532, 18446744073709551615) for time (type: runnumber) 382216; from CondDBESSource::setIntervalFor
%MSG
%MSG-i CondDBESSource:  PostBeginProcessBlock 09-Feb-2026 14:36:47 CET  PostBeginProcessBlock
Setting validity for record "EcalPFRecHitThresholdsRcd" and corresponding label(s): starting at run: 347532 lumi: 0 event: 0, timestamp: 0, ending at run: 4294967295 lumi: 4294967295 event: 18446744073709551615, timestamp: 0, for run: 382216 lumi: 0 event: 0, timestamp: 7382394804334179328; from CondDBESSource::setIntervalFor
%MSG
%MSG-i CondDBESSource:  PostBeginProcessBlock 09-Feb-2026 14:36:47 CET  PostBeginProcessBlock
Getting data for record "EcalSamplesCorrelationRcd" to be consumed on Run: 382216 - Lumiblock:0 - Timestamp: 7382394804334179328; from CondDBESSource::setIntervalFor
%MSG
%MSG-i CondDBESSource:  PostBeginProcessBlock 09-Feb-2026 14:36:47 CET  PostBeginProcessBlock
Processing record "EcalSamplesCorrelationRcd" and label "" for run: 382216 lumi: 0 event: 0, timestamp: 7382394804334179328; from CondDBESSource::setIntervalFor
%MSG
%MSG-i CondDBESSource:  PostBeginProcessBlock 09-Feb-2026 14:36:47 CET  PostBeginProcessBlock
Validity coming from IOV sequence for record "EcalSamplesCorrelationRcd" and label "": (1, 18446744073709551615) for time (type: runnumber) 382216; from CondDBESSource::setIntervalFor
%MSG
%MSG-i CondDBESSource:  PostBeginProcessBlock 09-Feb-2026 14:36:47 CET  PostBeginProcessBlock
Setting validity for record "EcalSamplesCorrelationRcd" and corresponding label(s): starting at run: 1 lumi: 0 event: 0, timestamp: 0, ending at run: 4294967295 lumi: 4294967295 event: 18446744073709551615, timestamp: 0, for run: 382216 lumi: 0 event: 0, timestamp: 7382394804334179328; from CondDBESSource::setIntervalFor
%MSG
%MSG-i CondDBESSource:  PostBeginProcessBlock 09-Feb-2026 14:36:47 CET  PostBeginProcessBlock
Getting data for record "EcalTimeCalibConstantsRcd" to be consumed on Run: 382216 - Lumiblock:0 - Timestamp: 7382394804334179328; from CondDBESSource::setIntervalFor
%MSG
%MSG-i CondDBESSource:  PostBeginProcessBlock 09-Feb-2026 14:36:47 CET  PostBeginProcessBlock
Processing record "EcalTimeCalibConstantsRcd" and label "" for run: 382216 lumi: 0 event: 0, timestamp: 7382394804334179328; from CondDBESSource::setIntervalFor
%MSG
%MSG-i CondDBESSource:  PostBeginProcessBlock 09-Feb-2026 14:36:47 CET  PostBeginProcessBlock
Validity coming from IOV sequence for record "EcalTimeCalibConstantsRcd" and label "": (382008, 382298) for time (type: runnumber) 382216; from CondDBESSource::setIntervalFor
%MSG
%MSG-i CondDBESSource:  PostBeginProcessBlock 09-Feb-2026 14:36:47 CET  PostBeginProcessBlock
Processing record "EcalTimeCalibConstantsRcd" and label "CC" for run: 382216 lumi: 0 event: 0, timestamp: 7382394804334179328; from CondDBESSource::setIntervalFor
%MSG
%MSG-i CondDBESSource:  PostBeginProcessBlock 09-Feb-2026 14:36:47 CET  PostBeginProcessBlock
Validity coming from IOV sequence for record "EcalTimeCalibConstantsRcd" and label "CC": (382209, 382959) for time (type: runnumber) 382216; from CondDBESSource::setIntervalFor
%MSG
%MSG-i CondDBESSource:  PostBeginProcessBlock 09-Feb-2026 14:36:47 CET  PostBeginProcessBlock
Setting validity for record "EcalTimeCalibConstantsRcd" and corresponding label(s): starting at run: 382209 lumi: 0 event: 0, timestamp: 0, ending at run: 382298 lumi: 4294967295 event: 18446744073709551615, timestamp: 0, for run: 382216 lumi: 0 event: 0, timestamp: 7382394804334179328; from CondDBESSource::setIntervalFor
%MSG
%MSG-i CondDBESSource:  PostBeginProcessBlock 09-Feb-2026 14:36:47 CET  PostBeginProcessBlock
Getting data for record "EcalTimeOffsetConstantRcd" to be consumed on Run: 382216 - Lumiblock:0 - Timestamp: 7382394804334179328; from CondDBESSource::setIntervalFor
%MSG
%MSG-i CondDBESSource:  PostBeginProcessBlock 09-Feb-2026 14:36:47 CET  PostBeginProcessBlock
Processing record "EcalTimeOffsetConstantRcd" and label "" for run: 382216 lumi: 0 event: 0, timestamp: 7382394804334179328; from CondDBESSource::setIntervalFor
%MSG
%MSG-i CondDBESSource:  PostBeginProcessBlock 09-Feb-2026 14:36:47 CET  PostBeginProcessBlock
Validity coming from IOV sequence for record "EcalTimeOffsetConstantRcd" and label "": (208839, 18446744073709551615) for time (type: runnumber) 382216; from CondDBESSource::setIntervalFor
%MSG
%MSG-i CondDBESSource:  PostBeginProcessBlock 09-Feb-2026 14:36:47 CET  PostBeginProcessBlock
Processing record "EcalTimeOffsetConstantRcd" and label "CC" for run: 382216 lumi: 0 event: 0, timestamp: 7382394804334179328; from CondDBESSource::setIntervalFor
%MSG
%MSG-i CondDBESSource:  PostBeginProcessBlock 09-Feb-2026 14:36:47 CET  PostBeginProcessBlock
Validity coming from IOV sequence for record "EcalTimeOffsetConstantRcd" and label "CC": (372418, 18446744073709551615) for time (type: runnumber) 382216; from CondDBESSource::setIntervalFor
%MSG
%MSG-i CondDBESSource:  PostBeginProcessBlock 09-Feb-2026 14:36:47 CET  PostBeginProcessBlock
Setting validity for record "EcalTimeOffsetConstantRcd" and corresponding label(s): starting at run: 372418 lumi: 0 event: 0, timestamp: 0, ending at run: 4294967295 lumi: 4294967295 event: 18446744073709551615, timestamp: 0, for run: 382216 lumi: 0 event: 0, timestamp: 7382394804334179328; from CondDBESSource::setIntervalFor
%MSG
%MSG-i CondDBESSource:  PostBeginProcessBlock 09-Feb-2026 14:36:47 CET  PostBeginProcessBlock
Getting data for record "L1MuCSCTFConfigurationRcd" to be consumed on Run: 382216 - Lumiblock:0 - Timestamp: 7382394804334179328; from CondDBESSource::setIntervalFor
%MSG
%MSG-i CondDBESSource:  PostBeginProcessBlock 09-Feb-2026 14:36:47 CET  PostBeginProcessBlock
Processing record "L1MuCSCTFConfigurationRcd" and label "" for run: 382216 lumi: 0 event: 0, timestamp: 7382394804334179328; from CondDBESSource::setIntervalFor
%MSG
%MSG-i CondDBESSource:  PostBeginProcessBlock 09-Feb-2026 14:36:47 CET  PostBeginProcessBlock
Validity coming from IOV sequence for record "L1MuCSCTFConfigurationRcd" and label "": (264429, 18446744073709551615) for time (type: runnumber) 382216; from CondDBESSource::setIntervalFor
%MSG
%MSG-i CondDBESSource:  PostBeginProcessBlock 09-Feb-2026 14:36:47 CET  PostBeginProcessBlock
Setting validity for record "L1MuCSCTFConfigurationRcd" and corresponding label(s): starting at run: 264429 lumi: 0 event: 0, timestamp: 0, ending at run: 4294967295 lumi: 4294967295 event: 18446744073709551615, timestamp: 0, for run: 382216 lumi: 0 event: 0, timestamp: 7382394804334179328; from CondDBESSource::setIntervalFor
%MSG
%MSG-i CondDBESSource:  PostBeginProcessBlock 09-Feb-2026 14:36:47 CET  PostBeginProcessBlock
Getting data for record "PhysicsTFormulaPayloadRcd" to be consumed on Run: 382216 - Lumiblock:0 - Timestamp: 7382394804334179328; from CondDBESSource::setIntervalFor
%MSG
%MSG-i CondDBESSource:  PostBeginProcessBlock 09-Feb-2026 14:36:47 CET  PostBeginProcessBlock
Processing record "PhysicsTFormulaPayloadRcd" and label "RecoTauTag_tauIdMVAIsoDBnewDMwLT_mvaOutput_normalization" for run: 382216 lumi: 0 event: 0, timestamp: 7382394804334179328; from CondDBESSource::setIntervalFor
%MSG
%MSG-i CondDBESSource:  PostBeginProcessBlock 09-Feb-2026 14:36:47 CET  PostBeginProcessBlock
Validity coming from IOV sequence for record "PhysicsTFormulaPayloadRcd" and label "RecoTauTag_tauIdMVAIsoDBnewDMwLT_mvaOutput_normalization": (1, 18446744073709551615) for time (type: runnumber) 382216; from CondDBESSource::setIntervalFor
%MSG
%MSG-i CondDBESSource:  PostBeginProcessBlock 09-Feb-2026 14:36:47 CET  PostBeginProcessBlock
Processing record "PhysicsTFormulaPayloadRcd" and label "RecoTauTag_tauIdMVAIsoDBoldDMdR0p3wLT_mvaOutput_normalization" for run: 382216 lumi: 0 event: 0, timestamp: 7382394804334179328; from CondDBESSource::setIntervalFor
%MSG
%MSG-i CondDBESSource:  PostBeginProcessBlock 09-Feb-2026 14:36:47 CET  PostBeginProcessBlock
Validity coming from IOV sequence for record "PhysicsTFormulaPayloadRcd" and label "RecoTauTag_tauIdMVAIsoDBoldDMdR0p3wLT_mvaOutput_normalization": (1, 18446744073709551615) for time (type: runnumber) 382216; from CondDBESSource::setIntervalFor
%MSG
%MSG-i CondDBESSource:  PostBeginProcessBlock 09-Feb-2026 14:36:47 CET  PostBeginProcessBlock
Processing record "PhysicsTFormulaPayloadRcd" and label "RecoTauTag_tauIdMVAIsoDBoldDMwLT_mvaOutput_normalization" for run: 382216 lumi: 0 event: 0, timestamp: 7382394804334179328; from CondDBESSource::setIntervalFor
%MSG
%MSG-i CondDBESSource:  PostBeginProcessBlock 09-Feb-2026 14:36:47 CET  PostBeginProcessBlock
Validity coming from IOV sequence for record "PhysicsTFormulaPayloadRcd" and label "RecoTauTag_tauIdMVAIsoDBoldDMwLT_mvaOutput_normalization": (1, 18446744073709551615) for time (type: runnumber) 382216; from CondDBESSource::setIntervalFor
%MSG
%MSG-i CondDBESSource:  PostBeginProcessBlock 09-Feb-2026 14:36:47 CET  PostBeginProcessBlock
Setting validity for record "PhysicsTFormulaPayloadRcd" and corresponding label(s): starting at run: 1 lumi: 0 event: 0, timestamp: 0, ending at run: 4294967295 lumi: 4294967295 event: 18446744073709551615, timestamp: 0, for run: 382216 lumi: 0 event: 0, timestamp: 7382394804334179328; from CondDBESSource::setIntervalFor
%MSG
%MSG-i CondDBESSource:  PostBeginProcessBlock 09-Feb-2026 14:36:47 CET  PostBeginProcessBlock
Getting data for record "ESEEIntercalibConstantsRcd" to be consumed on Run: 382216 - Lumiblock:0 - Timestamp: 7382394804334179328; from CondDBESSource::setIntervalFor
%MSG
%MSG-i CondDBESSource:  PostBeginProcessBlock 09-Feb-2026 14:36:47 CET  PostBeginProcessBlock
Processing record "ESEEIntercalibConstantsRcd" and label "" for run: 382216 lumi: 0 event: 0, timestamp: 7382394804334179328; from CondDBESSource::setIntervalFor
%MSG
%MSG-i CondDBESSource:  PostBeginProcessBlock 09-Feb-2026 14:36:47 CET  PostBeginProcessBlock
Validity coming from IOV sequence for record "ESEEIntercalibConstantsRcd" and label "": (337365, 18446744073709551615) for time (type: runnumber) 382216; from CondDBESSource::setIntervalFor
%MSG
%MSG-i CondDBESSource:  PostBeginProcessBlock 09-Feb-2026 14:36:47 CET  PostBeginProcessBlock
Setting validity for record "ESEEIntercalibConstantsRcd" and corresponding label(s): starting at run: 337365 lumi: 0 event: 0, timestamp: 0, ending at run: 4294967295 lumi: 4294967295 event: 18446744073709551615, timestamp: 0, for run: 382216 lumi: 0 event: 0, timestamp: 7382394804334179328; from CondDBESSource::setIntervalFor
%MSG
%MSG-i CondDBESSource:  PostBeginProcessBlock 09-Feb-2026 14:36:47 CET  PostBeginProcessBlock
Getting data for record "EcalIntercalibConstantsRcd" to be consumed on Run: 382216 - Lumiblock:0 - Timestamp: 7382394804334179328; from CondDBESSource::setIntervalFor
%MSG
%MSG-i CondDBESSource:  PostBeginProcessBlock 09-Feb-2026 14:36:47 CET  PostBeginProcessBlock
Processing record "EcalIntercalibConstantsRcd" and label "" for run: 382216 lumi: 0 event: 0, timestamp: 7382394804334179328; from CondDBESSource::setIntervalFor
%MSG
%MSG-i CondDBESSource:  PostBeginProcessBlock 09-Feb-2026 14:36:47 CET  PostBeginProcessBlock
Validity coming from IOV sequence for record "EcalIntercalibConstantsRcd" and label "": (381640, 382711) for time (type: runnumber) 382216; from CondDBESSource::setIntervalFor
%MSG
%MSG-i CondDBESSource:  PostBeginProcessBlock 09-Feb-2026 14:36:47 CET  PostBeginProcessBlock
Setting validity for record "EcalIntercalibConstantsRcd" and corresponding label(s): starting at run: 381640 lumi: 0 event: 0, timestamp: 0, ending at run: 382711 lumi: 4294967295 event: 18446744073709551615, timestamp: 0, for run: 382216 lumi: 0 event: 0, timestamp: 7382394804334179328; from CondDBESSource::setIntervalFor
%MSG
%MSG-i CondDBESSource:  PostBeginProcessBlock 09-Feb-2026 14:36:47 CET  PostBeginProcessBlock
Getting data for record "EcalTPGFineGrainEBGroupRcd" to be consumed on Run: 382216 - Lumiblock:0 - Timestamp: 7382394804334179328; from CondDBESSource::setIntervalFor
%MSG
%MSG-i CondDBESSource:  PostBeginProcessBlock 09-Feb-2026 14:36:47 CET  PostBeginProcessBlock
Processing record "EcalTPGFineGrainEBGroupRcd" and label "" for run: 382216 lumi: 0 event: 0, timestamp: 7382394804334179328; from CondDBESSource::setIntervalFor
%MSG
%MSG-i CondDBESSource:  PostBeginProcessBlock 09-Feb-2026 14:36:47 CET  PostBeginProcessBlock
Validity coming from IOV sequence for record "EcalTPGFineGrainEBGroupRcd" and label "": (382215, 382234) for time (type: runnumber) 382216; from CondDBESSource::setIntervalFor
%MSG
%MSG-i CondDBESSource:  PostBeginProcessBlock 09-Feb-2026 14:36:47 CET  PostBeginProcessBlock
Setting validity for record "EcalTPGFineGrainEBGroupRcd" and corresponding label(s): starting at run: 382215 lumi: 0 event: 0, timestamp: 0, ending at run: 382234 lumi: 4294967295 event: 18446744073709551615, timestamp: 0, for run: 382216 lumi: 0 event: 0, timestamp: 7382394804334179328; from CondDBESSource::setIntervalFor
%MSG
%MSG-i CondDBESSource:  PostBeginProcessBlock 09-Feb-2026 14:36:47 CET  PostBeginProcessBlock
Getting data for record "EcalTPGFineGrainEBIdMapRcd" to be consumed on Run: 382216 - Lumiblock:0 - Timestamp: 7382394804334179328; from CondDBESSource::setIntervalFor
%MSG
%MSG-i CondDBESSource:  PostBeginProcessBlock 09-Feb-2026 14:36:47 CET  PostBeginProcessBlock
Processing record "EcalTPGFineGrainEBIdMapRcd" and label "" for run: 382216 lumi: 0 event: 0, timestamp: 7382394804334179328; from CondDBESSource::setIntervalFor
%MSG
%MSG-i CondDBESSource:  PostBeginProcessBlock 09-Feb-2026 14:36:47 CET  PostBeginProcessBlock
Validity coming from IOV sequence for record "EcalTPGFineGrainEBIdMapRcd" and label "": (382215, 382234) for time (type: runnumber) 382216; from CondDBESSource::setIntervalFor
%MSG
%MSG-i CondDBESSource:  PostBeginProcessBlock 09-Feb-2026 14:36:47 CET  PostBeginProcessBlock
Setting validity for record "EcalTPGFineGrainEBIdMapRcd" and corresponding label(s): starting at run: 382215 lumi: 0 event: 0, timestamp: 0, ending at run: 382234 lumi: 4294967295 event: 18446744073709551615, timestamp: 0, for run: 382216 lumi: 0 event: 0, timestamp: 7382394804334179328; from CondDBESSource::setIntervalFor
%MSG
%MSG-i CondDBESSource:  PostBeginProcessBlock 09-Feb-2026 14:36:47 CET  PostBeginProcessBlock
Getting data for record "EcalTPGFineGrainStripEERcd" to be consumed on Run: 382216 - Lumiblock:0 - Timestamp: 7382394804334179328; from CondDBESSource::setIntervalFor
%MSG
%MSG-i CondDBESSource:  PostBeginProcessBlock 09-Feb-2026 14:36:47 CET  PostBeginProcessBlock
Processing record "EcalTPGFineGrainStripEERcd" and label "" for run: 382216 lumi: 0 event: 0, timestamp: 7382394804334179328; from CondDBESSource::setIntervalFor
%MSG
%MSG-i CondDBESSource:  PostBeginProcessBlock 09-Feb-2026 14:36:47 CET  PostBeginProcessBlock
Validity coming from IOV sequence for record "EcalTPGFineGrainStripEERcd" and label "": (382215, 382234) for time (type: runnumber) 382216; from CondDBESSource::setIntervalFor
%MSG
%MSG-i CondDBESSource:  PostBeginProcessBlock 09-Feb-2026 14:36:47 CET  PostBeginProcessBlock
Setting validity for record "EcalTPGFineGrainStripEERcd" and corresponding label(s): starting at run: 382215 lumi: 0 event: 0, timestamp: 0, ending at run: 382234 lumi: 4294967295 event: 18446744073709551615, timestamp: 0, for run: 382216 lumi: 0 event: 0, timestamp: 7382394804334179328; from CondDBESSource::setIntervalFor
%MSG
%MSG-i CondDBESSource:  PostBeginProcessBlock 09-Feb-2026 14:36:47 CET  PostBeginProcessBlock
Getting data for record "EcalTPGFineGrainTowerEERcd" to be consumed on Run: 382216 - Lumiblock:0 - Timestamp: 7382394804334179328; from CondDBESSource::setIntervalFor
%MSG
%MSG-i CondDBESSource:  PostBeginProcessBlock 09-Feb-2026 14:36:47 CET  PostBeginProcessBlock
Processing record "EcalTPGFineGrainTowerEERcd" and label "" for run: 382216 lumi: 0 event: 0, timestamp: 7382394804334179328; from CondDBESSource::setIntervalFor
%MSG
%MSG-i CondDBESSource:  PostBeginProcessBlock 09-Feb-2026 14:36:47 CET  PostBeginProcessBlock
Validity coming from IOV sequence for record "EcalTPGFineGrainTowerEERcd" and label "": (382215, 382234) for time (type: runnumber) 382216; from CondDBESSource::setIntervalFor
%MSG
%MSG-i CondDBESSource:  PostBeginProcessBlock 09-Feb-2026 14:36:47 CET  PostBeginProcessBlock
Setting validity for record "EcalTPGFineGrainTowerEERcd" and corresponding label(s): starting at run: 382215 lumi: 0 event: 0, timestamp: 0, ending at run: 382234 lumi: 4294967295 event: 18446744073709551615, timestamp: 0, for run: 382216 lumi: 0 event: 0, timestamp: 7382394804334179328; from CondDBESSource::setIntervalFor
%MSG
%MSG-i CondDBESSource:  PostBeginProcessBlock 09-Feb-2026 14:36:47 CET  PostBeginProcessBlock
Getting data for record "EcalTimeBiasCorrectionsRcd" to be consumed on Run: 382216 - Lumiblock:0 - Timestamp: 7382394804334179328; from CondDBESSource::setIntervalFor
%MSG
%MSG-i CondDBESSource:  PostBeginProcessBlock 09-Feb-2026 14:36:47 CET  PostBeginProcessBlock
Processing record "EcalTimeBiasCorrectionsRcd" and label "" for run: 382216 lumi: 0 event: 0, timestamp: 7382394804334179328; from CondDBESSource::setIntervalFor
%MSG
%MSG-i CondDBESSource:  PostBeginProcessBlock 09-Feb-2026 14:36:47 CET  PostBeginProcessBlock
Validity coming from IOV sequence for record "EcalTimeBiasCorrectionsRcd" and label "": (1, 18446744073709551615) for time (type: runnumber) 382216; from CondDBESSource::setIntervalFor
%MSG
%MSG-i CondDBESSource:  PostBeginProcessBlock 09-Feb-2026 14:36:47 CET  PostBeginProcessBlock
Setting validity for record "EcalTimeBiasCorrectionsRcd" and corresponding label(s): starting at run: 1 lumi: 0 event: 0, timestamp: 0, ending at run: 4294967295 lumi: 4294967295 event: 18446744073709551615, timestamp: 0, for run: 382216 lumi: 0 event: 0, timestamp: 7382394804334179328; from CondDBESSource::setIntervalFor
%MSG
%MSG-i CondDBESSource:  PostBeginProcessBlock 09-Feb-2026 14:36:47 CET  PostBeginProcessBlock
Getting data for record "L1GtTriggerMaskAlgoTrigRcd" to be consumed on Run: 382216 - Lumiblock:0 - Timestamp: 7382394804334179328; from CondDBESSource::setIntervalFor
%MSG
%MSG-i CondDBESSource:  PostBeginProcessBlock 09-Feb-2026 14:36:47 CET  PostBeginProcessBlock
Processing record "L1GtTriggerMaskAlgoTrigRcd" and label "" for run: 382216 lumi: 0 event: 0, timestamp: 7382394804334179328; from CondDBESSource::setIntervalFor
%MSG
%MSG-i CondDBESSource:  PostBeginProcessBlock 09-Feb-2026 14:36:47 CET  PostBeginProcessBlock
Validity coming from IOV sequence for record "L1GtTriggerMaskAlgoTrigRcd" and label "": (264236, 18446744073709551615) for time (type: runnumber) 382216; from CondDBESSource::setIntervalFor
%MSG
%MSG-i CondDBESSource:  PostBeginProcessBlock 09-Feb-2026 14:36:47 CET  PostBeginProcessBlock
Setting validity for record "L1GtTriggerMaskAlgoTrigRcd" and corresponding label(s): starting at run: 264236 lumi: 0 event: 0, timestamp: 0, ending at run: 4294967295 lumi: 4294967295 event: 18446744073709551615, timestamp: 0, for run: 382216 lumi: 0 event: 0, timestamp: 7382394804334179328; from CondDBESSource::setIntervalFor
%MSG
%MSG-i CondDBESSource:  PostBeginProcessBlock 09-Feb-2026 14:36:47 CET  PostBeginProcessBlock
Getting data for record "L1GtTriggerMaskTechTrigRcd" to be consumed on Run: 382216 - Lumiblock:0 - Timestamp: 7382394804334179328; from CondDBESSource::setIntervalFor
%MSG
%MSG-i CondDBESSource:  PostBeginProcessBlock 09-Feb-2026 14:36:47 CET  PostBeginProcessBlock
Processing record "L1GtTriggerMaskTechTrigRcd" and label "" for run: 382216 lumi: 0 event: 0, timestamp: 7382394804334179328; from CondDBESSource::setIntervalFor
%MSG
%MSG-i CondDBESSource:  PostBeginProcessBlock 09-Feb-2026 14:36:47 CET  PostBeginProcessBlock
Validity coming from IOV sequence for record "L1GtTriggerMaskTechTrigRcd" and label "": (263773, 18446744073709551615) for time (type: runnumber) 382216; from CondDBESSource::setIntervalFor
%MSG
%MSG-i CondDBESSource:  PostBeginProcessBlock 09-Feb-2026 14:36:47 CET  PostBeginProcessBlock
Setting validity for record "L1GtTriggerMaskTechTrigRcd" and corresponding label(s): starting at run: 263773 lumi: 0 event: 0, timestamp: 0, ending at run: 4294967295 lumi: 4294967295 event: 18446744073709551615, timestamp: 0, for run: 382216 lumi: 0 event: 0, timestamp: 7382394804334179328; from CondDBESSource::setIntervalFor
%MSG
%MSG-i CondDBESSource:  PostBeginProcessBlock 09-Feb-2026 14:36:47 CET  PostBeginProcessBlock
Getting data for record "L1TGlobalPrescalesVetosRcd" to be consumed on Run: 382216 - Lumiblock:0 - Timestamp: 7382394804334179328; from CondDBESSource::setIntervalFor
%MSG
%MSG-i CondDBESSource:  PostBeginProcessBlock 09-Feb-2026 14:36:47 CET  PostBeginProcessBlock
Processing record "L1TGlobalPrescalesVetosRcd" and label "" for run: 382216 lumi: 0 event: 0, timestamp: 7382394804334179328; from CondDBESSource::setIntervalFor
%MSG
%MSG-i CondDBESSource:  PostBeginProcessBlock 09-Feb-2026 14:36:47 CET  PostBeginProcessBlock
Validity coming from IOV sequence for record "L1TGlobalPrescalesVetosRcd" and label "": (337246, 18446744073709551615) for time (type: runnumber) 382216; from CondDBESSource::setIntervalFor
%MSG
%MSG-i CondDBESSource:  PostBeginProcessBlock 09-Feb-2026 14:36:47 CET  PostBeginProcessBlock
Setting validity for record "L1TGlobalPrescalesVetosRcd" and corresponding label(s): starting at run: 337246 lumi: 0 event: 0, timestamp: 0, ending at run: 4294967295 lumi: 4294967295 event: 18446744073709551615, timestamp: 0, for run: 382216 lumi: 0 event: 0, timestamp: 7382394804334179328; from CondDBESSource::setIntervalFor
%MSG
%MSG-i CondDBESSource:  PostBeginProcessBlock 09-Feb-2026 14:36:47 CET  PostBeginProcessBlock
Getting data for record "PPSTimingCalibrationLUTRcd" to be consumed on Run: 382216 - Lumiblock:0 - Timestamp: 7382394804334179328; from CondDBESSource::setIntervalFor
%MSG
%MSG-i CondDBESSource:  PostBeginProcessBlock 09-Feb-2026 14:36:47 CET  PostBeginProcessBlock
Processing record "PPSTimingCalibrationLUTRcd" and label "" for run: 382216 lumi: 0 event: 0, timestamp: 7382394804334179328; from CondDBESSource::setIntervalFor
%MSG
%MSG-i CondDBESSource:  PostBeginProcessBlock 09-Feb-2026 14:36:47 CET  PostBeginProcessBlock
Validity coming from IOV sequence for record "PPSTimingCalibrationLUTRcd" and label "": (365978, 18446744073709551615) for time (type: runnumber) 382216; from CondDBESSource::setIntervalFor
%MSG
%MSG-i CondDBESSource:  PostBeginProcessBlock 09-Feb-2026 14:36:47 CET  PostBeginProcessBlock
Setting validity for record "PPSTimingCalibrationLUTRcd" and corresponding label(s): starting at run: 365978 lumi: 0 event: 0, timestamp: 0, ending at run: 4294967295 lumi: 4294967295 event: 18446744073709551615, timestamp: 0, for run: 382216 lumi: 0 event: 0, timestamp: 7382394804334179328; from CondDBESSource::setIntervalFor
%MSG
%MSG-i CondDBESSource:  PostBeginProcessBlock 09-Feb-2026 14:36:47 CET  PostBeginProcessBlock
Getting data for record "SiPixelTemplateDBObjectRcd" to be consumed on Run: 382216 - Lumiblock:0 - Timestamp: 7382394804334179328; from CondDBESSource::setIntervalFor
%MSG
%MSG-i CondDBESSource:  PostBeginProcessBlock 09-Feb-2026 14:36:47 CET  PostBeginProcessBlock
Processing record "SiPixelTemplateDBObjectRcd" and label "" for run: 382216 lumi: 0 event: 0, timestamp: 7382394804334179328; from CondDBESSource::setIntervalFor
%MSG
%MSG-i CondDBESSource:  PostBeginProcessBlock 09-Feb-2026 14:36:47 CET  PostBeginProcessBlock
Validity coming from IOV sequence for record "SiPixelTemplateDBObjectRcd" and label "": (381090, 383859) for time (type: runnumber) 382216; from CondDBESSource::setIntervalFor
%MSG
%MSG-i CondDBESSource:  PostBeginProcessBlock 09-Feb-2026 14:36:47 CET  PostBeginProcessBlock
Processing record "SiPixelTemplateDBObjectRcd" and label "0T" for run: 382216 lumi: 0 event: 0, timestamp: 7382394804334179328; from CondDBESSource::setIntervalFor
%MSG
%MSG-i CondDBESSource:  PostBeginProcessBlock 09-Feb-2026 14:36:47 CET  PostBeginProcessBlock
Validity coming from IOV sequence for record "SiPixelTemplateDBObjectRcd" and label "0T": (342474, 18446744073709551615) for time (type: runnumber) 382216; from CondDBESSource::setIntervalFor
%MSG
%MSG-i CondDBESSource:  PostBeginProcessBlock 09-Feb-2026 14:36:47 CET  PostBeginProcessBlock
Setting validity for record "SiPixelTemplateDBObjectRcd" and corresponding label(s): starting at run: 381090 lumi: 0 event: 0, timestamp: 0, ending at run: 383859 lumi: 4294967295 event: 18446744073709551615, timestamp: 0, for run: 382216 lumi: 0 event: 0, timestamp: 7382394804334179328; from CondDBESSource::setIntervalFor
%MSG
%MSG-i CondDBESSource:  PostBeginProcessBlock 09-Feb-2026 14:36:47 CET  PostBeginProcessBlock
Getting data for record "SiStripClusterThresholdRcd" to be consumed on Run: 382216 - Lumiblock:0 - Timestamp: 7382394804334179328; from CondDBESSource::setIntervalFor
%MSG
%MSG-i CondDBESSource:  PostBeginProcessBlock 09-Feb-2026 14:36:47 CET  PostBeginProcessBlock
Processing record "SiStripClusterThresholdRcd" and label "" for run: 382216 lumi: 0 event: 0, timestamp: 7382394804334179328; from CondDBESSource::setIntervalFor
%MSG
%MSG-i CondDBESSource:  PostBeginProcessBlock 09-Feb-2026 14:36:47 CET  PostBeginProcessBlock
Validity coming from IOV sequence for record "SiStripClusterThresholdRcd" and label "": (1, 18446744073709551615) for time (type: runnumber) 382216; from CondDBESSource::setIntervalFor
%MSG
%MSG-i CondDBESSource:  PostBeginProcessBlock 09-Feb-2026 14:36:47 CET  PostBeginProcessBlock
Setting validity for record "SiStripClusterThresholdRcd" and corresponding label(s): starting at run: 1 lumi: 0 event: 0, timestamp: 0, ending at run: 4294967295 lumi: 4294967295 event: 18446744073709551615, timestamp: 0, for run: 382216 lumi: 0 event: 0, timestamp: 7382394804334179328; from CondDBESSource::setIntervalFor
%MSG
%MSG-i CondDBESSource:  PostBeginProcessBlock 09-Feb-2026 14:36:47 CET  PostBeginProcessBlock
Getting data for record "SiStripDeDxElectron_3D_Rcd" to be consumed on Run: 382216 - Lumiblock:0 - Timestamp: 7382394804334179328; from CondDBESSource::setIntervalFor
%MSG
%MSG-i CondDBESSource:  PostBeginProcessBlock 09-Feb-2026 14:36:47 CET  PostBeginProcessBlock
Processing record "SiStripDeDxElectron_3D_Rcd" and label "" for run: 382216 lumi: 0 event: 0, timestamp: 7382394804334179328; from CondDBESSource::setIntervalFor
%MSG
%MSG-i CondDBESSource:  PostBeginProcessBlock 09-Feb-2026 14:36:47 CET  PostBeginProcessBlock
Validity coming from IOV sequence for record "SiStripDeDxElectron_3D_Rcd" and label "": (1, 18446744073709551615) for time (type: runnumber) 382216; from CondDBESSource::setIntervalFor
%MSG
%MSG-i CondDBESSource:  PostBeginProcessBlock 09-Feb-2026 14:36:47 CET  PostBeginProcessBlock
Setting validity for record "SiStripDeDxElectron_3D_Rcd" and corresponding label(s): starting at run: 1 lumi: 0 event: 0, timestamp: 0, ending at run: 4294967295 lumi: 4294967295 event: 18446744073709551615, timestamp: 0, for run: 382216 lumi: 0 event: 0, timestamp: 7382394804334179328; from CondDBESSource::setIntervalFor
%MSG
%MSG-i CondDBESSource:  PostBeginProcessBlock 09-Feb-2026 14:36:47 CET  PostBeginProcessBlock
Getting data for record "BeamSpotOnlineHLTObjectsRcd" to be consumed on Run: 382216 - Lumiblock:0 - Timestamp: 7382394804334179328; from CondDBESSource::setIntervalFor
%MSG
%MSG-i CondDBESSource:  PostBeginProcessBlock 09-Feb-2026 14:36:47 CET  PostBeginProcessBlock
Processing record "BeamSpotOnlineHLTObjectsRcd" and label "" for run: 382216 lumi: 0 event: 0, timestamp: 7382394804334179328; from CondDBESSource::setIntervalFor
%MSG
%MSG-i CondDBESSource:  PostBeginProcessBlock 09-Feb-2026 14:36:47 CET  PostBeginProcessBlock
Validity coming from IOV sequence for record "BeamSpotOnlineHLTObjectsRcd" and label "": (1641592335106769, 1641605220007984) for time (type: lumiid) 1641605220007936; from CondDBESSource::setIntervalFor
%MSG
%MSG-i CondDBESSource:  PostBeginProcessBlock 09-Feb-2026 14:36:47 CET  PostBeginProcessBlock
Setting validity for record "BeamSpotOnlineHLTObjectsRcd" and corresponding label(s): starting at run: 382213 lumi: 721 event: 0, timestamp: 0, ending at run: 382216 lumi: 48 event: 18446744073709551615, timestamp: 0, for run: 382216 lumi: 0 event: 0, timestamp: 7382394804334179328; from CondDBESSource::setIntervalFor
%MSG
%MSG-i CondDBESSource:  PostBeginProcessBlock 09-Feb-2026 14:36:47 CET  PostBeginProcessBlock
Getting data for record "CSCDBChipSpeedCorrectionRcd" to be consumed on Run: 382216 - Lumiblock:0 - Timestamp: 7382394804334179328; from CondDBESSource::setIntervalFor
%MSG
%MSG-i CondDBESSource:  PostBeginProcessBlock 09-Feb-2026 14:36:47 CET  PostBeginProcessBlock
Processing record "CSCDBChipSpeedCorrectionRcd" and label "" for run: 382216 lumi: 0 event: 0, timestamp: 7382394804334179328; from CondDBESSource::setIntervalFor
%MSG
%MSG-i CondDBESSource:  PostBeginProcessBlock 09-Feb-2026 14:36:47 CET  PostBeginProcessBlock
Validity coming from IOV sequence for record "CSCDBChipSpeedCorrectionRcd" and label "": (263591, 18446744073709551615) for time (type: runnumber) 382216; from CondDBESSource::setIntervalFor
%MSG
%MSG-i CondDBESSource:  PostBeginProcessBlock 09-Feb-2026 14:36:47 CET  PostBeginProcessBlock
Setting validity for record "CSCDBChipSpeedCorrectionRcd" and corresponding label(s): starting at run: 263591 lumi: 0 event: 0, timestamp: 0, ending at run: 4294967295 lumi: 4294967295 event: 18446744073709551615, timestamp: 0, for run: 382216 lumi: 0 event: 0, timestamp: 7382394804334179328; from CondDBESSource::setIntervalFor
%MSG
%MSG-i CondDBESSource:  PostBeginProcessBlock 09-Feb-2026 14:36:47 CET  PostBeginProcessBlock
Getting data for record "ESAngleCorrectionFactorsRcd" to be consumed on Run: 382216 - Lumiblock:0 - Timestamp: 7382394804334179328; from CondDBESSource::setIntervalFor
%MSG
%MSG-i CondDBESSource:  PostBeginProcessBlock 09-Feb-2026 14:36:47 CET  PostBeginProcessBlock
Processing record "ESAngleCorrectionFactorsRcd" and label "" for run: 382216 lumi: 0 event: 0, timestamp: 7382394804334179328; from CondDBESSource::setIntervalFor
%MSG
%MSG-i CondDBESSource:  PostBeginProcessBlock 09-Feb-2026 14:36:47 CET  PostBeginProcessBlock
Validity coming from IOV sequence for record "ESAngleCorrectionFactorsRcd" and label "": (1, 18446744073709551615) for time (type: runnumber) 382216; from CondDBESSource::setIntervalFor
%MSG
%MSG-i CondDBESSource:  PostBeginProcessBlock 09-Feb-2026 14:36:47 CET  PostBeginProcessBlock
Setting validity for record "ESAngleCorrectionFactorsRcd" and corresponding label(s): starting at run: 1 lumi: 0 event: 0, timestamp: 0, ending at run: 4294967295 lumi: 4294967295 event: 18446744073709551615, timestamp: 0, for run: 382216 lumi: 0 event: 0, timestamp: 7382394804334179328; from CondDBESSource::setIntervalFor
%MSG
%MSG-i CondDBESSource:  PostBeginProcessBlock 09-Feb-2026 14:36:47 CET  PostBeginProcessBlock
Getting data for record "EcalMustacheSCParametersRcd" to be consumed on Run: 382216 - Lumiblock:0 - Timestamp: 7382394804334179328; from CondDBESSource::setIntervalFor
%MSG
%MSG-i CondDBESSource:  PostBeginProcessBlock 09-Feb-2026 14:36:47 CET  PostBeginProcessBlock
Processing record "EcalMustacheSCParametersRcd" and label "" for run: 382216 lumi: 0 event: 0, timestamp: 7382394804334179328; from CondDBESSource::setIntervalFor
%MSG
%MSG-i CondDBESSource:  PostBeginProcessBlock 09-Feb-2026 14:36:47 CET  PostBeginProcessBlock
Validity coming from IOV sequence for record "EcalMustacheSCParametersRcd" and label "": (339000, 18446744073709551615) for time (type: runnumber) 382216; from CondDBESSource::setIntervalFor
%MSG
%MSG-i CondDBESSource:  PostBeginProcessBlock 09-Feb-2026 14:36:47 CET  PostBeginProcessBlock
Setting validity for record "EcalMustacheSCParametersRcd" and corresponding label(s): starting at run: 339000 lumi: 0 event: 0, timestamp: 0, ending at run: 4294967295 lumi: 4294967295 event: 18446744073709551615, timestamp: 0, for run: 382216 lumi: 0 event: 0, timestamp: 7382394804334179328; from CondDBESSource::setIntervalFor
%MSG
%MSG-i CondDBESSource:  PostBeginProcessBlock 09-Feb-2026 14:36:47 CET  PostBeginProcessBlock
Getting data for record "HcalFlagHFDigiTimeParamsRcd" to be consumed on Run: 382216 - Lumiblock:0 - Timestamp: 7382394804334179328; from CondDBESSource::setIntervalFor
%MSG
%MSG-i CondDBESSource:  PostBeginProcessBlock 09-Feb-2026 14:36:47 CET  PostBeginProcessBlock
Processing record "HcalFlagHFDigiTimeParamsRcd" and label "" for run: 382216 lumi: 0 event: 0, timestamp: 7382394804334179328; from CondDBESSource::setIntervalFor
%MSG
%MSG-i CondDBESSource:  PostBeginProcessBlock 09-Feb-2026 14:36:47 CET  PostBeginProcessBlock
Validity coming from IOV sequence for record "HcalFlagHFDigiTimeParamsRcd" and label "": (309055, 18446744073709551615) for time (type: runnumber) 382216; from CondDBESSource::setIntervalFor
%MSG
%MSG-i CondDBESSource:  PostBeginProcessBlock 09-Feb-2026 14:36:47 CET  PostBeginProcessBlock
Setting validity for record "HcalFlagHFDigiTimeParamsRcd" and corresponding label(s): starting at run: 309055 lumi: 0 event: 0, timestamp: 0, ending at run: 4294967295 lumi: 4294967295 event: 18446744073709551615, timestamp: 0, for run: 382216 lumi: 0 event: 0, timestamp: 7382394804334179328; from CondDBESSource::setIntervalFor
%MSG
%MSG-i CondDBESSource:  PostBeginProcessBlock 09-Feb-2026 14:36:47 CET  PostBeginProcessBlock
Getting data for record "JetResolutionScaleFactorRcd" to be consumed on Run: 382216 - Lumiblock:0 - Timestamp: 7382394804334179328; from CondDBESSource::setIntervalFor
%MSG
%MSG-i CondDBESSource:  PostBeginProcessBlock 09-Feb-2026 14:36:47 CET  PostBeginProcessBlock
Processing record "JetResolutionScaleFactorRcd" and label "AK4PF" for run: 382216 lumi: 0 event: 0, timestamp: 7382394804334179328; from CondDBESSource::setIntervalFor
%MSG
%MSG-i CondDBESSource:  PostBeginProcessBlock 09-Feb-2026 14:36:47 CET  PostBeginProcessBlock
Validity coming from IOV sequence for record "JetResolutionScaleFactorRcd" and label "AK4PF": (1, 18446744073709551615) for time (type: runnumber) 382216; from CondDBESSource::setIntervalFor
%MSG
%MSG-i CondDBESSource:  PostBeginProcessBlock 09-Feb-2026 14:36:47 CET  PostBeginProcessBlock
Processing record "JetResolutionScaleFactorRcd" and label "AK4PFPuppi" for run: 382216 lumi: 0 event: 0, timestamp: 7382394804334179328; from CondDBESSource::setIntervalFor
%MSG
%MSG-i CondDBESSource:  PostBeginProcessBlock 09-Feb-2026 14:36:47 CET  PostBeginProcessBlock
Validity coming from IOV sequence for record "JetResolutionScaleFactorRcd" and label "AK4PFPuppi": (1, 18446744073709551615) for time (type: runnumber) 382216; from CondDBESSource::setIntervalFor
%MSG
%MSG-i CondDBESSource:  PostBeginProcessBlock 09-Feb-2026 14:36:47 CET  PostBeginProcessBlock
Processing record "JetResolutionScaleFactorRcd" and label "AK4PFchs" for run: 382216 lumi: 0 event: 0, timestamp: 7382394804334179328; from CondDBESSource::setIntervalFor
%MSG
%MSG-i CondDBESSource:  PostBeginProcessBlock 09-Feb-2026 14:36:47 CET  PostBeginProcessBlock
Validity coming from IOV sequence for record "JetResolutionScaleFactorRcd" and label "AK4PFchs": (1, 18446744073709551615) for time (type: runnumber) 382216; from CondDBESSource::setIntervalFor
%MSG
%MSG-i CondDBESSource:  PostBeginProcessBlock 09-Feb-2026 14:36:47 CET  PostBeginProcessBlock
Processing record "JetResolutionScaleFactorRcd" and label "AK8PF" for run: 382216 lumi: 0 event: 0, timestamp: 7382394804334179328; from CondDBESSource::setIntervalFor
%MSG
%MSG-i CondDBESSource:  PostBeginProcessBlock 09-Feb-2026 14:36:47 CET  PostBeginProcessBlock
Validity coming from IOV sequence for record "JetResolutionScaleFactorRcd" and label "AK8PF": (1, 18446744073709551615) for time (type: runnumber) 382216; from CondDBESSource::setIntervalFor
%MSG
%MSG-i CondDBESSource:  PostBeginProcessBlock 09-Feb-2026 14:36:47 CET  PostBeginProcessBlock
Processing record "JetResolutionScaleFactorRcd" and label "AK8PFPuppi" for run: 382216 lumi: 0 event: 0, timestamp: 7382394804334179328; from CondDBESSource::setIntervalFor
%MSG
%MSG-i CondDBESSource:  PostBeginProcessBlock 09-Feb-2026 14:36:47 CET  PostBeginProcessBlock
Validity coming from IOV sequence for record "JetResolutionScaleFactorRcd" and label "AK8PFPuppi": (1, 18446744073709551615) for time (type: runnumber) 382216; from CondDBESSource::setIntervalFor
%MSG
%MSG-i CondDBESSource:  PostBeginProcessBlock 09-Feb-2026 14:36:47 CET  PostBeginProcessBlock
Processing record "JetResolutionScaleFactorRcd" and label "AK8PFchs" for run: 382216 lumi: 0 event: 0, timestamp: 7382394804334179328; from CondDBESSource::setIntervalFor
%MSG
%MSG-i CondDBESSource:  PostBeginProcessBlock 09-Feb-2026 14:36:47 CET  PostBeginProcessBlock
Validity coming from IOV sequence for record "JetResolutionScaleFactorRcd" and label "AK8PFchs": (1, 18446744073709551615) for time (type: runnumber) 382216; from CondDBESSource::setIntervalFor
%MSG
%MSG-i CondDBESSource:  PostBeginProcessBlock 09-Feb-2026 14:36:47 CET  PostBeginProcessBlock
Setting validity for record "JetResolutionScaleFactorRcd" and corresponding label(s): starting at run: 1 lumi: 0 event: 0, timestamp: 0, ending at run: 4294967295 lumi: 4294967295 event: 18446744073709551615, timestamp: 0, for run: 382216 lumi: 0 event: 0, timestamp: 7382394804334179328; from CondDBESSource::setIntervalFor
%MSG
%MSG-i CondDBESSource:  PostBeginProcessBlock 09-Feb-2026 14:36:47 CET  PostBeginProcessBlock
Getting data for record "CSCChamberTimeCorrectionsRcd" to be consumed on Run: 382216 - Lumiblock:0 - Timestamp: 7382394804334179328; from CondDBESSource::setIntervalFor
%MSG
%MSG-i CondDBESSource:  PostBeginProcessBlock 09-Feb-2026 14:36:47 CET  PostBeginProcessBlock
Processing record "CSCChamberTimeCorrectionsRcd" and label "" for run: 382216 lumi: 0 event: 0, timestamp: 7382394804334179328; from CondDBESSource::setIntervalFor
%MSG
%MSG-i CondDBESSource:  PostBeginProcessBlock 09-Feb-2026 14:36:47 CET  PostBeginProcessBlock
Validity coming from IOV sequence for record "CSCChamberTimeCorrectionsRcd" and label "": (380039, 392841) for time (type: runnumber) 382216; from CondDBESSource::setIntervalFor
%MSG
%MSG-i CondDBESSource:  PostBeginProcessBlock 09-Feb-2026 14:36:47 CET  PostBeginProcessBlock
Setting validity for record "CSCChamberTimeCorrectionsRcd" and corresponding label(s): starting at run: 380039 lumi: 0 event: 0, timestamp: 0, ending at run: 392841 lumi: 4294967295 event: 18446744073709551615, timestamp: 0, for run: 382216 lumi: 0 event: 0, timestamp: 7382394804334179328; from CondDBESSource::setIntervalFor
%MSG
%MSG-i CondDBESSource:  PostBeginProcessBlock 09-Feb-2026 14:36:47 CET  PostBeginProcessBlock
Getting data for record "EcalTPGLinearizationConstRcd" to be consumed on Run: 382216 - Lumiblock:0 - Timestamp: 7382394804334179328; from CondDBESSource::setIntervalFor
%MSG
%MSG-i CondDBESSource:  PostBeginProcessBlock 09-Feb-2026 14:36:47 CET  PostBeginProcessBlock
Processing record "EcalTPGLinearizationConstRcd" and label "" for run: 382216 lumi: 0 event: 0, timestamp: 7382394804334179328; from CondDBESSource::setIntervalFor
%MSG
%MSG-i CondDBESSource:  PostBeginProcessBlock 09-Feb-2026 14:36:47 CET  PostBeginProcessBlock
Validity coming from IOV sequence for record "EcalTPGLinearizationConstRcd" and label "": (382215, 382234) for time (type: runnumber) 382216; from CondDBESSource::setIntervalFor
%MSG
%MSG-i CondDBESSource:  PostBeginProcessBlock 09-Feb-2026 14:36:47 CET  PostBeginProcessBlock
Setting validity for record "EcalTPGLinearizationConstRcd" and corresponding label(s): starting at run: 382215 lumi: 0 event: 0, timestamp: 0, ending at run: 382234 lumi: 4294967295 event: 18446744073709551615, timestamp: 0, for run: 382216 lumi: 0 event: 0, timestamp: 7382394804334179328; from CondDBESSource::setIntervalFor
%MSG
%MSG-i CondDBESSource:  PostBeginProcessBlock 09-Feb-2026 14:36:47 CET  PostBeginProcessBlock
Getting data for record "PPSAlignmentConfigurationRcd" to be consumed on Run: 382216 - Lumiblock:0 - Timestamp: 7382394804334179328; from CondDBESSource::setIntervalFor
%MSG
%MSG-i CondDBESSource:  PostBeginProcessBlock 09-Feb-2026 14:36:47 CET  PostBeginProcessBlock
Processing record "PPSAlignmentConfigurationRcd" and label "" for run: 382216 lumi: 0 event: 0, timestamp: 7382394804334179328; from CondDBESSource::setIntervalFor
%MSG
%MSG-i CondDBESSource:  PostBeginProcessBlock 09-Feb-2026 14:36:47 CET  PostBeginProcessBlock
Validity coming from IOV sequence for record "PPSAlignmentConfigurationRcd" and label "": (378820, 384255) for time (type: runnumber) 382216; from CondDBESSource::setIntervalFor
%MSG
%MSG-i CondDBESSource:  PostBeginProcessBlock 09-Feb-2026 14:36:47 CET  PostBeginProcessBlock
Processing record "PPSAlignmentConfigurationRcd" and label "reference" for run: 382216 lumi: 0 event: 0, timestamp: 7382394804334179328; from CondDBESSource::setIntervalFor
%MSG
%MSG-i CondDBESSource:  PostBeginProcessBlock 09-Feb-2026 14:36:47 CET  PostBeginProcessBlock
Validity coming from IOV sequence for record "PPSAlignmentConfigurationRcd" and label "reference": (367524, 384255) for time (type: runnumber) 382216; from CondDBESSource::setIntervalFor
%MSG
%MSG-i CondDBESSource:  PostBeginProcessBlock 09-Feb-2026 14:36:47 CET  PostBeginProcessBlock
Setting validity for record "PPSAlignmentConfigurationRcd" and corresponding label(s): starting at run: 378820 lumi: 0 event: 0, timestamp: 0, ending at run: 384255 lumi: 4294967295 event: 18446744073709551615, timestamp: 0, for run: 382216 lumi: 0 event: 0, timestamp: 7382394804334179328; from CondDBESSource::setIntervalFor
%MSG
%MSG-i CondDBESSource:  PostBeginProcessBlock 09-Feb-2026 14:36:47 CET  PostBeginProcessBlock
Getting data for record "SiPixel2DTemplateDBObjectRcd" to be consumed on Run: 382216 - Lumiblock:0 - Timestamp: 7382394804334179328; from CondDBESSource::setIntervalFor
%MSG
%MSG-i CondDBESSource:  PostBeginProcessBlock 09-Feb-2026 14:36:47 CET  PostBeginProcessBlock
Processing record "SiPixel2DTemplateDBObjectRcd" and label "numerator" for run: 382216 lumi: 0 event: 0, timestamp: 7382394804334179328; from CondDBESSource::setIntervalFor
%MSG
%MSG-i CondDBESSource:  PostBeginProcessBlock 09-Feb-2026 14:36:47 CET  PostBeginProcessBlock
Validity coming from IOV sequence for record "SiPixel2DTemplateDBObjectRcd" and label "numerator": (381090, 383859) for time (type: runnumber) 382216; from CondDBESSource::setIntervalFor
%MSG
%MSG-i CondDBESSource:  PostBeginProcessBlock 09-Feb-2026 14:36:47 CET  PostBeginProcessBlock
Setting validity for record "SiPixel2DTemplateDBObjectRcd" and corresponding label(s): starting at run: 381090 lumi: 0 event: 0, timestamp: 0, ending at run: 383859 lumi: 4294967295 event: 18446744073709551615, timestamp: 0, for run: 382216 lumi: 0 event: 0, timestamp: 7382394804334179328; from CondDBESSource::setIntervalFor
%MSG
%MSG-i CondDBESSource:  PostBeginProcessBlock 09-Feb-2026 14:36:47 CET  PostBeginProcessBlock
Getting data for record "CTPPSPixelGainCalibrationsRcd" to be consumed on Run: 382216 - Lumiblock:0 - Timestamp: 7382394804334179328; from CondDBESSource::setIntervalFor
%MSG
%MSG-i CondDBESSource:  PostBeginProcessBlock 09-Feb-2026 14:36:47 CET  PostBeginProcessBlock
Processing record "CTPPSPixelGainCalibrationsRcd" and label "" for run: 382216 lumi: 0 event: 0, timestamp: 7382394804334179328; from CondDBESSource::setIntervalFor
%MSG
%MSG-i CondDBESSource:  PostBeginProcessBlock 09-Feb-2026 14:36:47 CET  PostBeginProcessBlock
Validity coming from IOV sequence for record "CTPPSPixelGainCalibrationsRcd" and label "": (378765, 390755) for time (type: runnumber) 382216; from CondDBESSource::setIntervalFor
%MSG
%MSG-i CondDBESSource:  PostBeginProcessBlock 09-Feb-2026 14:36:47 CET  PostBeginProcessBlock
Setting validity for record "CTPPSPixelGainCalibrationsRcd" and corresponding label(s): starting at run: 378765 lumi: 0 event: 0, timestamp: 0, ending at run: 390755 lumi: 4294967295 event: 18446744073709551615, timestamp: 0, for run: 382216 lumi: 0 event: 0, timestamp: 7382394804334179328; from CondDBESSource::setIntervalFor
%MSG
%MSG-i CondDBESSource:  PostBeginProcessBlock 09-Feb-2026 14:36:47 CET  PostBeginProcessBlock
Getting data for record "ESMissingEnergyCalibrationRcd" to be consumed on Run: 382216 - Lumiblock:0 - Timestamp: 7382394804334179328; from CondDBESSource::setIntervalFor
%MSG
%MSG-i CondDBESSource:  PostBeginProcessBlock 09-Feb-2026 14:36:47 CET  PostBeginProcessBlock
Processing record "ESMissingEnergyCalibrationRcd" and label "" for run: 382216 lumi: 0 event: 0, timestamp: 7382394804334179328; from CondDBESSource::setIntervalFor
%MSG
%MSG-i CondDBESSource:  PostBeginProcessBlock 09-Feb-2026 14:36:47 CET  PostBeginProcessBlock
Validity coming from IOV sequence for record "ESMissingEnergyCalibrationRcd" and label "": (1, 18446744073709551615) for time (type: runnumber) 382216; from CondDBESSource::setIntervalFor
%MSG
%MSG-i CondDBESSource:  PostBeginProcessBlock 09-Feb-2026 14:36:47 CET  PostBeginProcessBlock
Setting validity for record "ESMissingEnergyCalibrationRcd" and corresponding label(s): starting at run: 1 lumi: 0 event: 0, timestamp: 0, ending at run: 4294967295 lumi: 4294967295 event: 18446744073709551615, timestamp: 0, for run: 382216 lumi: 0 event: 0, timestamp: 7382394804334179328; from CondDBESSource::setIntervalFor
%MSG
%MSG-i CondDBESSource:  PostBeginProcessBlock 09-Feb-2026 14:36:47 CET  PostBeginProcessBlock
Getting data for record "HcalOOTPileupCompatibilityRcd" to be consumed on Run: 382216 - Lumiblock:0 - Timestamp: 7382394804334179328; from CondDBESSource::setIntervalFor
%MSG
%MSG-i CondDBESSource:  PostBeginProcessBlock 09-Feb-2026 14:36:47 CET  PostBeginProcessBlock
Processing record "HcalOOTPileupCompatibilityRcd" and label "" for run: 382216 lumi: 0 event: 0, timestamp: 7382394804334179328; from CondDBESSource::setIntervalFor
%MSG
%MSG-i CondDBESSource:  PostBeginProcessBlock 09-Feb-2026 14:36:47 CET  PostBeginProcessBlock
Validity coming from IOV sequence for record "HcalOOTPileupCompatibilityRcd" and label "": (1, 18446744073709551615) for time (type: runnumber) 382216; from CondDBESSource::setIntervalFor
%MSG
%MSG-i CondDBESSource:  PostBeginProcessBlock 09-Feb-2026 14:36:47 CET  PostBeginProcessBlock
Setting validity for record "HcalOOTPileupCompatibilityRcd" and corresponding label(s): starting at run: 1 lumi: 0 event: 0, timestamp: 0, ending at run: 4294967295 lumi: 4294967295 event: 18446744073709551615, timestamp: 0, for run: 382216 lumi: 0 event: 0, timestamp: 7382394804334179328; from CondDBESSource::setIntervalFor
%MSG
%MSG-i CondDBESSource:  PostBeginProcessBlock 09-Feb-2026 14:36:47 CET  PostBeginProcessBlock
Getting data for record "BeamSpotOnlineLegacyObjectsRcd" to be consumed on Run: 382216 - Lumiblock:0 - Timestamp: 7382394804334179328; from CondDBESSource::setIntervalFor
%MSG
%MSG-i CondDBESSource:  PostBeginProcessBlock 09-Feb-2026 14:36:47 CET  PostBeginProcessBlock
Processing record "BeamSpotOnlineLegacyObjectsRcd" and label "" for run: 382216 lumi: 0 event: 0, timestamp: 7382394804334179328; from CondDBESSource::setIntervalFor
%MSG
%MSG-i CondDBESSource:  PostBeginProcessBlock 09-Feb-2026 14:36:47 CET  PostBeginProcessBlock
Validity coming from IOV sequence for record "BeamSpotOnlineLegacyObjectsRcd" and label "": (1641592335106771, 1641605220007988) for time (type: lumiid) 1641605220007936; from CondDBESSource::setIntervalFor
%MSG
%MSG-i CondDBESSource:  PostBeginProcessBlock 09-Feb-2026 14:36:47 CET  PostBeginProcessBlock
Setting validity for record "BeamSpotOnlineLegacyObjectsRcd" and corresponding label(s): starting at run: 382213 lumi: 723 event: 0, timestamp: 0, ending at run: 382216 lumi: 52 event: 18446744073709551615, timestamp: 0, for run: 382216 lumi: 0 event: 0, timestamp: 7382394804334179328; from CondDBESSource::setIntervalFor
%MSG
%MSG-i CondDBESSource:  PostBeginProcessBlock 09-Feb-2026 14:36:47 CET  PostBeginProcessBlock
Getting data for record "EcalSCDynamicDPhiParametersRcd" to be consumed on Run: 382216 - Lumiblock:0 - Timestamp: 7382394804334179328; from CondDBESSource::setIntervalFor
%MSG
%MSG-i CondDBESSource:  PostBeginProcessBlock 09-Feb-2026 14:36:47 CET  PostBeginProcessBlock
Processing record "EcalSCDynamicDPhiParametersRcd" and label "" for run: 382216 lumi: 0 event: 0, timestamp: 7382394804334179328; from CondDBESSource::setIntervalFor
%MSG
%MSG-i CondDBESSource:  PostBeginProcessBlock 09-Feb-2026 14:36:47 CET  PostBeginProcessBlock
Validity coming from IOV sequence for record "EcalSCDynamicDPhiParametersRcd" and label "": (339000, 18446744073709551615) for time (type: runnumber) 382216; from CondDBESSource::setIntervalFor
%MSG
%MSG-i CondDBESSource:  PostBeginProcessBlock 09-Feb-2026 14:36:47 CET  PostBeginProcessBlock
Setting validity for record "EcalSCDynamicDPhiParametersRcd" and corresponding label(s): starting at run: 339000 lumi: 0 event: 0, timestamp: 0, ending at run: 4294967295 lumi: 4294967295 event: 18446744073709551615, timestamp: 0, for run: 382216 lumi: 0 event: 0, timestamp: 7382394804334179328; from CondDBESSource::setIntervalFor
%MSG
%MSG-i CondDBESSource:  PostBeginProcessBlock 09-Feb-2026 14:36:47 CET  PostBeginProcessBlock
Getting data for record "L1GtPrescaleFactorsAlgoTrigRcd" to be consumed on Run: 382216 - Lumiblock:0 - Timestamp: 7382394804334179328; from CondDBESSource::setIntervalFor
%MSG
%MSG-i CondDBESSource:  PostBeginProcessBlock 09-Feb-2026 14:36:47 CET  PostBeginProcessBlock
Processing record "L1GtPrescaleFactorsAlgoTrigRcd" and label "" for run: 382216 lumi: 0 event: 0, timestamp: 7382394804334179328; from CondDBESSource::setIntervalFor
%MSG
%MSG-i CondDBESSource:  PostBeginProcessBlock 09-Feb-2026 14:36:47 CET  PostBeginProcessBlock
Validity coming from IOV sequence for record "L1GtPrescaleFactorsAlgoTrigRcd" and label "": (264236, 18446744073709551615) for time (type: runnumber) 382216; from CondDBESSource::setIntervalFor
%MSG
%MSG-i CondDBESSource:  PostBeginProcessBlock 09-Feb-2026 14:36:47 CET  PostBeginProcessBlock
Setting validity for record "L1GtPrescaleFactorsAlgoTrigRcd" and corresponding label(s): starting at run: 264236 lumi: 0 event: 0, timestamp: 0, ending at run: 4294967295 lumi: 4294967295 event: 18446744073709551615, timestamp: 0, for run: 382216 lumi: 0 event: 0, timestamp: 7382394804334179328; from CondDBESSource::setIntervalFor
%MSG
%MSG-i CondDBESSource:  PostBeginProcessBlock 09-Feb-2026 14:36:47 CET  PostBeginProcessBlock
Getting data for record "L1GtPrescaleFactorsTechTrigRcd" to be consumed on Run: 382216 - Lumiblock:0 - Timestamp: 7382394804334179328; from CondDBESSource::setIntervalFor
%MSG
%MSG-i CondDBESSource:  PostBeginProcessBlock 09-Feb-2026 14:36:47 CET  PostBeginProcessBlock
Processing record "L1GtPrescaleFactorsTechTrigRcd" and label "" for run: 382216 lumi: 0 event: 0, timestamp: 7382394804334179328; from CondDBESSource::setIntervalFor
%MSG
%MSG-i CondDBESSource:  PostBeginProcessBlock 09-Feb-2026 14:36:47 CET  PostBeginProcessBlock
Validity coming from IOV sequence for record "L1GtPrescaleFactorsTechTrigRcd" and label "": (263773, 18446744073709551615) for time (type: runnumber) 382216; from CondDBESSource::setIntervalFor
%MSG
%MSG-i CondDBESSource:  PostBeginProcessBlock 09-Feb-2026 14:36:47 CET  PostBeginProcessBlock
Setting validity for record "L1GtPrescaleFactorsTechTrigRcd" and corresponding label(s): starting at run: 263773 lumi: 0 event: 0, timestamp: 0, ending at run: 4294967295 lumi: 4294967295 event: 18446744073709551615, timestamp: 0, for run: 382216 lumi: 0 event: 0, timestamp: 7382394804334179328; from CondDBESSource::setIntervalFor
%MSG
%MSG-i CondDBESSource:  PostBeginProcessBlock 09-Feb-2026 14:36:47 CET  PostBeginProcessBlock
Getting data for record "L1GtTriggerMaskVetoAlgoTrigRcd" to be consumed on Run: 382216 - Lumiblock:0 - Timestamp: 7382394804334179328; from CondDBESSource::setIntervalFor
%MSG
%MSG-i CondDBESSource:  PostBeginProcessBlock 09-Feb-2026 14:36:47 CET  PostBeginProcessBlock
Processing record "L1GtTriggerMaskVetoAlgoTrigRcd" and label "" for run: 382216 lumi: 0 event: 0, timestamp: 7382394804334179328; from CondDBESSource::setIntervalFor
%MSG
%MSG-i CondDBESSource:  PostBeginProcessBlock 09-Feb-2026 14:36:47 CET  PostBeginProcessBlock
Validity coming from IOV sequence for record "L1GtTriggerMaskVetoAlgoTrigRcd" and label "": (65674, 18446744073709551615) for time (type: runnumber) 382216; from CondDBESSource::setIntervalFor
%MSG
%MSG-i CondDBESSource:  PostBeginProcessBlock 09-Feb-2026 14:36:47 CET  PostBeginProcessBlock
Setting validity for record "L1GtTriggerMaskVetoAlgoTrigRcd" and corresponding label(s): starting at run: 65674 lumi: 0 event: 0, timestamp: 0, ending at run: 4294967295 lumi: 4294967295 event: 18446744073709551615, timestamp: 0, for run: 382216 lumi: 0 event: 0, timestamp: 7382394804334179328; from CondDBESSource::setIntervalFor
%MSG
%MSG-i CondDBESSource:  PostBeginProcessBlock 09-Feb-2026 14:36:47 CET  PostBeginProcessBlock
Getting data for record "L1GtTriggerMaskVetoTechTrigRcd" to be consumed on Run: 382216 - Lumiblock:0 - Timestamp: 7382394804334179328; from CondDBESSource::setIntervalFor
%MSG
%MSG-i CondDBESSource:  PostBeginProcessBlock 09-Feb-2026 14:36:47 CET  PostBeginProcessBlock
Processing record "L1GtTriggerMaskVetoTechTrigRcd" and label "" for run: 382216 lumi: 0 event: 0, timestamp: 7382394804334179328; from CondDBESSource::setIntervalFor
%MSG
%MSG-i CondDBESSource:  PostBeginProcessBlock 09-Feb-2026 14:36:47 CET  PostBeginProcessBlock
Validity coming from IOV sequence for record "L1GtTriggerMaskVetoTechTrigRcd" and label "": (263773, 18446744073709551615) for time (type: runnumber) 382216; from CondDBESSource::setIntervalFor
%MSG
%MSG-i CondDBESSource:  PostBeginProcessBlock 09-Feb-2026 14:36:47 CET  PostBeginProcessBlock
Setting validity for record "L1GtTriggerMaskVetoTechTrigRcd" and corresponding label(s): starting at run: 263773 lumi: 0 event: 0, timestamp: 0, ending at run: 4294967295 lumi: 4294967295 event: 18446744073709551615, timestamp: 0, for run: 382216 lumi: 0 event: 0, timestamp: 7382394804334179328; from CondDBESSource::setIntervalFor
%MSG
%MSG-i CondDBESSource:  PostBeginProcessBlock 09-Feb-2026 14:36:47 CET  PostBeginProcessBlock
Getting data for record "PhotonConversionMVAComputerRcd" to be consumed on Run: 382216 - Lumiblock:0 - Timestamp: 7382394804334179328; from CondDBESSource::setIntervalFor
%MSG
%MSG-i CondDBESSource:  PostBeginProcessBlock 09-Feb-2026 14:36:47 CET  PostBeginProcessBlock
Processing record "PhotonConversionMVAComputerRcd" and label "" for run: 382216 lumi: 0 event: 0, timestamp: 7382394804334179328; from CondDBESSource::setIntervalFor
%MSG
%MSG-i CondDBESSource:  PostBeginProcessBlock 09-Feb-2026 14:36:47 CET  PostBeginProcessBlock
Validity coming from IOV sequence for record "PhotonConversionMVAComputerRcd" and label "": (1, 18446744073709551615) for time (type: runnumber) 382216; from CondDBESSource::setIntervalFor
%MSG
%MSG-i CondDBESSource:  PostBeginProcessBlock 09-Feb-2026 14:36:47 CET  PostBeginProcessBlock
Setting validity for record "PhotonConversionMVAComputerRcd" and corresponding label(s): starting at run: 1 lumi: 0 event: 0, timestamp: 0, ending at run: 4294967295 lumi: 4294967295 event: 18446744073709551615, timestamp: 0, for run: 382216 lumi: 0 event: 0, timestamp: 7382394804334179328; from CondDBESSource::setIntervalFor
%MSG
%MSG-i CondDBESSource:  PostBeginProcessBlock 09-Feb-2026 14:36:47 CET  PostBeginProcessBlock
Getting data for record "VeryForwardIdealGeometryRecord" to be consumed on Run: 382216 - Lumiblock:0 - Timestamp: 7382394804334179328; from CondDBESSource::setIntervalFor
%MSG
%MSG-i CondDBESSource:  PostBeginProcessBlock 09-Feb-2026 14:36:47 CET  PostBeginProcessBlock
Processing record "VeryForwardIdealGeometryRecord" and label "" for run: 382216 lumi: 0 event: 0, timestamp: 7382394804334179328; from CondDBESSource::setIntervalFor
%MSG
%MSG-i CondDBESSource:  PostBeginProcessBlock 09-Feb-2026 14:36:47 CET  PostBeginProcessBlock
Validity coming from IOV sequence for record "VeryForwardIdealGeometryRecord" and label "": (381913, 383463) for time (type: runnumber) 382216; from CondDBESSource::setIntervalFor
%MSG
%MSG-i CondDBESSource:  PostBeginProcessBlock 09-Feb-2026 14:36:47 CET  PostBeginProcessBlock
Setting validity for record "VeryForwardIdealGeometryRecord" and corresponding label(s): starting at run: 381913 lumi: 0 event: 0, timestamp: 0, ending at run: 383463 lumi: 4294967295 event: 18446744073709551615, timestamp: 0, for run: 382216 lumi: 0 event: 0, timestamp: 7382394804334179328; from CondDBESSource::setIntervalFor
%MSG
%MSG-i CondDBESSource:  PostBeginProcessBlock 09-Feb-2026 14:36:47 CET  PostBeginProcessBlock
Getting data for record "L1TGlobalPrescalesVetosFractRcd" to be consumed on Run: 382216 - Lumiblock:0 - Timestamp: 7382394804334179328; from CondDBESSource::setIntervalFor
%MSG
%MSG-i CondDBESSource:  PostBeginProcessBlock 09-Feb-2026 14:36:47 CET  PostBeginProcessBlock
Processing record "L1TGlobalPrescalesVetosFractRcd" and label "" for run: 382216 lumi: 0 event: 0, timestamp: 7382394804334179328; from CondDBESSource::setIntervalFor
%MSG
%MSG-i CondDBESSource:  PostBeginProcessBlock 09-Feb-2026 14:36:47 CET  PostBeginProcessBlock
Validity coming from IOV sequence for record "L1TGlobalPrescalesVetosFractRcd" and label "": (382216, 382217) for time (type: runnumber) 382216; from CondDBESSource::setIntervalFor
%MSG
%MSG-i CondDBESSource:  PostBeginProcessBlock 09-Feb-2026 14:36:47 CET  PostBeginProcessBlock
Setting validity for record "L1TGlobalPrescalesVetosFractRcd" and corresponding label(s): starting at run: 382216 lumi: 0 event: 0, timestamp: 0, ending at run: 382217 lumi: 4294967295 event: 18446744073709551615, timestamp: 0, for run: 382216 lumi: 0 event: 0, timestamp: 7382394804334179328; from CondDBESSource::setIntervalFor
%MSG
%MSG-i CondDBESSource:  PostBeginProcessBlock 09-Feb-2026 14:36:47 CET  PostBeginProcessBlock
Getting data for record "SiPixelGainCalibrationForHLTRcd" to be consumed on Run: 382216 - Lumiblock:0 - Timestamp: 7382394804334179328; from CondDBESSource::setIntervalFor
%MSG
%MSG-i CondDBESSource:  PostBeginProcessBlock 09-Feb-2026 14:36:47 CET  PostBeginProcessBlock
Processing record "SiPixelGainCalibrationForHLTRcd" and label "" for run: 382216 lumi: 0 event: 0, timestamp: 7382394804334179328; from CondDBESSource::setIntervalFor
%MSG
%MSG-i CondDBESSource:  PostBeginProcessBlock 09-Feb-2026 14:36:48 CET  PostBeginProcessBlock
Validity coming from IOV sequence for record "SiPixelGainCalibrationForHLTRcd" and label "": (378434, 382492) for time (type: runnumber) 382216; from CondDBESSource::setIntervalFor
%MSG
%MSG-i CondDBESSource:  PostBeginProcessBlock 09-Feb-2026 14:36:48 CET  PostBeginProcessBlock
Setting validity for record "SiPixelGainCalibrationForHLTRcd" and corresponding label(s): starting at run: 378434 lumi: 0 event: 0, timestamp: 0, ending at run: 382492 lumi: 4294967295 event: 18446744073709551615, timestamp: 0, for run: 382216 lumi: 0 event: 0, timestamp: 7382394804334179328; from CondDBESSource::setIntervalFor
%MSG
%MSG-i CondDBESSource:  PostBeginProcessBlock 09-Feb-2026 14:36:48 CET  PostBeginProcessBlock
Getting data for record "SiPixelGainCalibrationOfflineRcd" to be consumed on Run: 382216 - Lumiblock:0 - Timestamp: 7382394804334179328; from CondDBESSource::setIntervalFor
%MSG
%MSG-i CondDBESSource:  PostBeginProcessBlock 09-Feb-2026 14:36:48 CET  PostBeginProcessBlock
Processing record "SiPixelGainCalibrationOfflineRcd" and label "" for run: 382216 lumi: 0 event: 0, timestamp: 7382394804334179328; from CondDBESSource::setIntervalFor
%MSG
%MSG-i CondDBESSource:  PostBeginProcessBlock 09-Feb-2026 14:36:48 CET  PostBeginProcessBlock
Validity coming from IOV sequence for record "SiPixelGainCalibrationOfflineRcd" and label "": (378434, 382492) for time (type: runnumber) 382216; from CondDBESSource::setIntervalFor
%MSG
%MSG-i CondDBESSource:  PostBeginProcessBlock 09-Feb-2026 14:36:48 CET  PostBeginProcessBlock
Setting validity for record "SiPixelGainCalibrationOfflineRcd" and corresponding label(s): starting at run: 378434 lumi: 0 event: 0, timestamp: 0, ending at run: 382492 lumi: 4294967295 event: 18446744073709551615, timestamp: 0, for run: 382216 lumi: 0 event: 0, timestamp: 7382394804334179328; from CondDBESSource::setIntervalFor
%MSG
%MSG-i CondDBESSource:  PostBeginProcessBlock 09-Feb-2026 14:36:48 CET  PostBeginProcessBlock
Getting data for record "EcalClusterCrackCorrParametersRcd" to be consumed on Run: 382216 - Lumiblock:0 - Timestamp: 7382394804334179328; from CondDBESSource::setIntervalFor
%MSG
%MSG-i CondDBESSource:  PostBeginProcessBlock 09-Feb-2026 14:36:48 CET  PostBeginProcessBlock
Processing record "EcalClusterCrackCorrParametersRcd" and label "" for run: 382216 lumi: 0 event: 0, timestamp: 7382394804334179328; from CondDBESSource::setIntervalFor
%MSG
%MSG-i CondDBESSource:  PostBeginProcessBlock 09-Feb-2026 14:36:48 CET  PostBeginProcessBlock
Validity coming from IOV sequence for record "EcalClusterCrackCorrParametersRcd" and label "": (1, 18446744073709551615) for time (type: runnumber) 382216; from CondDBESSource::setIntervalFor
%MSG
%MSG-i CondDBESSource:  PostBeginProcessBlock 09-Feb-2026 14:36:48 CET  PostBeginProcessBlock
Setting validity for record "EcalClusterCrackCorrParametersRcd" and corresponding label(s): starting at run: 1 lumi: 0 event: 0, timestamp: 0, ending at run: 4294967295 lumi: 4294967295 event: 18446744073709551615, timestamp: 0, for run: 382216 lumi: 0 event: 0, timestamp: 7382394804334179328; from CondDBESSource::setIntervalFor
%MSG
%MSG-i CondDBESSource:  PostBeginProcessBlock 09-Feb-2026 14:36:48 CET  PostBeginProcessBlock
Getting data for record "HcalOOTPileupCorrectionMapCollRcd" to be consumed on Run: 382216 - Lumiblock:0 - Timestamp: 7382394804334179328; from CondDBESSource::setIntervalFor
%MSG
%MSG-i CondDBESSource:  PostBeginProcessBlock 09-Feb-2026 14:36:48 CET  PostBeginProcessBlock
Processing record "HcalOOTPileupCorrectionMapCollRcd" and label "" for run: 382216 lumi: 0 event: 0, timestamp: 7382394804334179328; from CondDBESSource::setIntervalFor
%MSG
%MSG-i CondDBESSource:  PostBeginProcessBlock 09-Feb-2026 14:36:48 CET  PostBeginProcessBlock
Validity coming from IOV sequence for record "HcalOOTPileupCorrectionMapCollRcd" and label "": (1, 18446744073709551615) for time (type: runnumber) 382216; from CondDBESSource::setIntervalFor
%MSG
%MSG-i CondDBESSource:  PostBeginProcessBlock 09-Feb-2026 14:36:48 CET  PostBeginProcessBlock
Setting validity for record "HcalOOTPileupCorrectionMapCollRcd" and corresponding label(s): starting at run: 1 lumi: 0 event: 0, timestamp: 0, ending at run: 4294967295 lumi: 4294967295 event: 18446744073709551615, timestamp: 0, for run: 382216 lumi: 0 event: 0, timestamp: 7382394804334179328; from CondDBESSource::setIntervalFor
%MSG
%MSG-i CondDBESSource:  PostBeginProcessBlock 09-Feb-2026 14:36:48 CET  PostBeginProcessBlock
Getting data for record "EcalClusterLocalContCorrParametersRcd" to be consumed on Run: 382216 - Lumiblock:0 - Timestamp: 7382394804334179328; from CondDBESSource::setIntervalFor
%MSG
%MSG-i CondDBESSource:  PostBeginProcessBlock 09-Feb-2026 14:36:48 CET  PostBeginProcessBlock
Processing record "EcalClusterLocalContCorrParametersRcd" and label "" for run: 382216 lumi: 0 event: 0, timestamp: 7382394804334179328; from CondDBESSource::setIntervalFor
%MSG
%MSG-i CondDBESSource:  PostBeginProcessBlock 09-Feb-2026 14:36:48 CET  PostBeginProcessBlock
Validity coming from IOV sequence for record "EcalClusterLocalContCorrParametersRcd" and label "": (251117, 18446744073709551615) for time (type: runnumber) 382216; from CondDBESSource::setIntervalFor
%MSG
%MSG-i CondDBESSource:  PostBeginProcessBlock 09-Feb-2026 14:36:48 CET  PostBeginProcessBlock
Setting validity for record "EcalClusterLocalContCorrParametersRcd" and corresponding label(s): starting at run: 251117 lumi: 0 event: 0, timestamp: 0, ending at run: 4294967295 lumi: 4294967295 event: 18446744073709551615, timestamp: 0, for run: 382216 lumi: 0 event: 0, timestamp: 7382394804334179328; from CondDBESSource::setIntervalFor
%MSG
%MSG-i CondDBESSource:  PostBeginProcessBlock 09-Feb-2026 14:36:48 CET  PostBeginProcessBlock
Getting data for record "EcalClusterEnergyCorrectionParametersRcd" to be consumed on Run: 382216 - Lumiblock:0 - Timestamp: 7382394804334179328; from CondDBESSource::setIntervalFor
%MSG
%MSG-i CondDBESSource:  PostBeginProcessBlock 09-Feb-2026 14:36:48 CET  PostBeginProcessBlock
Processing record "EcalClusterEnergyCorrectionParametersRcd" and label "" for run: 382216 lumi: 0 event: 0, timestamp: 7382394804334179328; from CondDBESSource::setIntervalFor
%MSG
%MSG-i CondDBESSource:  PostBeginProcessBlock 09-Feb-2026 14:36:48 CET  PostBeginProcessBlock
Validity coming from IOV sequence for record "EcalClusterEnergyCorrectionParametersRcd" and label "": (164492, 18446744073709551615) for time (type: runnumber) 382216; from CondDBESSource::setIntervalFor
%MSG
%MSG-i CondDBESSource:  PostBeginProcessBlock 09-Feb-2026 14:36:48 CET  PostBeginProcessBlock
Setting validity for record "EcalClusterEnergyCorrectionParametersRcd" and corresponding label(s): starting at run: 164492 lumi: 0 event: 0, timestamp: 0, ending at run: 4294967295 lumi: 4294967295 event: 18446744073709551615, timestamp: 0, for run: 382216 lumi: 0 event: 0, timestamp: 7382394804334179328; from CondDBESSource::setIntervalFor
%MSG
%MSG-i CondDBESSource:  PostBeginProcessBlock 09-Feb-2026 14:36:48 CET  PostBeginProcessBlock
Getting data for record "EcalClusterEnergyUncertaintyParametersRcd" to be consumed on Run: 382216 - Lumiblock:0 - Timestamp: 7382394804334179328; from CondDBESSource::setIntervalFor
%MSG
%MSG-i CondDBESSource:  PostBeginProcessBlock 09-Feb-2026 14:36:48 CET  PostBeginProcessBlock
Processing record "EcalClusterEnergyUncertaintyParametersRcd" and label "" for run: 382216 lumi: 0 event: 0, timestamp: 7382394804334179328; from CondDBESSource::setIntervalFor
%MSG
%MSG-i CondDBESSource:  PostBeginProcessBlock 09-Feb-2026 14:36:48 CET  PostBeginProcessBlock
Validity coming from IOV sequence for record "EcalClusterEnergyUncertaintyParametersRcd" and label "": (1, 18446744073709551615) for time (type: runnumber) 382216; from CondDBESSource::setIntervalFor
%MSG
%MSG-i CondDBESSource:  PostBeginProcessBlock 09-Feb-2026 14:36:48 CET  PostBeginProcessBlock
Setting validity for record "EcalClusterEnergyUncertaintyParametersRcd" and corresponding label(s): starting at run: 1 lumi: 0 event: 0, timestamp: 0, ending at run: 4294967295 lumi: 4294967295 event: 18446744073709551615, timestamp: 0, for run: 382216 lumi: 0 event: 0, timestamp: 7382394804334179328; from CondDBESSource::setIntervalFor
%MSG
%MSG-i CondDBESSource:  PostBeginProcessBlock 09-Feb-2026 14:36:48 CET  PostBeginProcessBlock
Getting data for record "EcalClusterEnergyCorrectionObjectSpecificParametersRcd" to be consumed on Run: 382216 - Lumiblock:0 - Timestamp: 7382394804334179328; from CondDBESSource::setIntervalFor
%MSG
%MSG-i CondDBESSource:  PostBeginProcessBlock 09-Feb-2026 14:36:48 CET  PostBeginProcessBlock
Processing record "EcalClusterEnergyCorrectionObjectSpecificParametersRcd" and label "" for run: 382216 lumi: 0 event: 0, timestamp: 7382394804334179328; from CondDBESSource::setIntervalFor
%MSG
%MSG-i CondDBESSource:  PostBeginProcessBlock 09-Feb-2026 14:36:48 CET  PostBeginProcessBlock
Validity coming from IOV sequence for record "EcalClusterEnergyCorrectionObjectSpecificParametersRcd" and label "": (1, 18446744073709551615) for time (type: runnumber) 382216; from CondDBESSource::setIntervalFor
%MSG
%MSG-i CondDBESSource:  PostBeginProcessBlock 09-Feb-2026 14:36:48 CET  PostBeginProcessBlock
Setting validity for record "EcalClusterEnergyCorrectionObjectSpecificParametersRcd" and corresponding label(s): starting at run: 1 lumi: 0 event: 0, timestamp: 0, ending at run: 4294967295 lumi: 4294967295 event: 18446744073709551615, timestamp: 0, for run: 382216 lumi: 0 event: 0, timestamp: 7382394804334179328; from CondDBESSource::setIntervalFor
%MSG
%MSG-i CondDBESSource:  PostBeginProcessBlock 09-Feb-2026 14:36:48 CET  PostBeginProcessBlock
Getting data for record "DTT0Rcd" to be consumed on Run: 382216 - Lumiblock:0 - Timestamp: 7382394804334179328; from CondDBESSource::setIntervalFor
%MSG
%MSG-i CondDBESSource:  PostBeginProcessBlock 09-Feb-2026 14:36:48 CET  PostBeginProcessBlock
Processing record "DTT0Rcd" and label "" for run: 382216 lumi: 0 event: 0, timestamp: 7382394804334179328; from CondDBESSource::setIntervalFor
%MSG
%MSG-i CondDBESSource:  PostBeginProcessBlock 09-Feb-2026 14:36:49 CET  PostBeginProcessBlock
Validity coming from IOV sequence for record "DTT0Rcd" and label "": (125645, 18446744073709551615) for time (type: runnumber) 382216; from CondDBESSource::setIntervalFor
%MSG
%MSG-i CondDBESSource:  PostBeginProcessBlock 09-Feb-2026 14:36:49 CET  PostBeginProcessBlock
Setting validity for record "DTT0Rcd" and corresponding label(s): starting at run: 125645 lumi: 0 event: 0, timestamp: 0, ending at run: 4294967295 lumi: 4294967295 event: 18446744073709551615, timestamp: 0, for run: 382216 lumi: 0 event: 0, timestamp: 7382394804334179328; from CondDBESSource::setIntervalFor
%MSG
%MSG-i CondDBESSource:  PostBeginProcessBlock 09-Feb-2026 14:36:49 CET  PostBeginProcessBlock
Getting data for record "ESGainRcd" to be consumed on Run: 382216 - Lumiblock:0 - Timestamp: 7382394804334179328; from CondDBESSource::setIntervalFor
%MSG
%MSG-i CondDBESSource:  PostBeginProcessBlock 09-Feb-2026 14:36:49 CET  PostBeginProcessBlock
Processing record "ESGainRcd" and label "" for run: 382216 lumi: 0 event: 0, timestamp: 7382394804334179328; from CondDBESSource::setIntervalFor
%MSG
%MSG-i CondDBESSource:  PostBeginProcessBlock 09-Feb-2026 14:36:49 CET  PostBeginProcessBlock
Validity coming from IOV sequence for record "ESGainRcd" and label "": (382105, 382643) for time (type: runnumber) 382216; from CondDBESSource::setIntervalFor
%MSG
%MSG-i CondDBESSource:  PostBeginProcessBlock 09-Feb-2026 14:36:49 CET  PostBeginProcessBlock
Setting validity for record "ESGainRcd" and corresponding label(s): starting at run: 382105 lumi: 0 event: 0, timestamp: 0, ending at run: 382643 lumi: 4294967295 event: 18446744073709551615, timestamp: 0, for run: 382216 lumi: 0 event: 0, timestamp: 7382394804334179328; from CondDBESSource::setIntervalFor
%MSG
%MSG-i CondDBESSource:  PostStreamBeginRun 09-Feb-2026 14:36:49 CET  PostStreamBeginRun
Getting data for record "LHCInfoPerLSRcd" to be consumed on Run: 382216 - Lumiblock:99 - Timestamp: 7382404536729712384; from CondDBESSource::setIntervalFor
%MSG
%MSG-i CondDBESSource:  PostStreamBeginRun 09-Feb-2026 14:36:49 CET  PostStreamBeginRun
Processing record "LHCInfoPerLSRcd" and label "" for run: 382216 lumi: 99 event: 0, timestamp: 7382404536729712384; from CondDBESSource::setIntervalFor
%MSG
%MSG-i CondDBESSource:  PostStreamBeginRun 09-Feb-2026 14:36:49 CET  PostStreamBeginRun
Validity coming from IOV sequence for record "LHCInfoPerLSRcd" and label "": (7382404532434632704, 7382404632218880511) for time (type: timestamp) 7382404536729712384; from CondDBESSource::setIntervalFor
%MSG
%MSG-i CondDBESSource:  PostStreamBeginRun 09-Feb-2026 14:36:49 CET  PostStreamBeginRun
Setting validity for record "LHCInfoPerLSRcd" and corresponding label(s): starting at run: 0 lumi: 0 event: 0, timestamp: 7382404532434632704, ending at run: 0 lumi: 0 event: 0, timestamp: 7382404632218880511, for run: 382216 lumi: 99 event: 0, timestamp: 7382404536729712384; from CondDBESSource::setIntervalFor
%MSG
%MSG-i CondDBESSource:  PostStreamBeginRun 09-Feb-2026 14:36:49 CET  PostStreamBeginRun
Getting data for record "LHCInfoPerFillRcd" to be consumed on Run: 382216 - Lumiblock:99 - Timestamp: 7382404536729712384; from CondDBESSource::setIntervalFor
%MSG
%MSG-i CondDBESSource:  PostStreamBeginRun 09-Feb-2026 14:36:49 CET  PostStreamBeginRun
Processing record "LHCInfoPerFillRcd" and label "" for run: 382216 lumi: 99 event: 0, timestamp: 7382404536729712384; from CondDBESSource::setIntervalFor
%MSG
%MSG-i CondDBESSource:  PostStreamBeginRun 09-Feb-2026 14:36:49 CET  PostStreamBeginRun
Validity coming from IOV sequence for record "LHCInfoPerFillRcd" and label "": (7382398927502311424, 7382433064902380031) for time (type: timestamp) 7382404536729712384; from CondDBESSource::setIntervalFor
%MSG
%MSG-i CondDBESSource:  PostStreamBeginRun 09-Feb-2026 14:36:49 CET  PostStreamBeginRun
Setting validity for record "LHCInfoPerFillRcd" and corresponding label(s): starting at run: 0 lumi: 0 event: 0, timestamp: 7382398927502311424, ending at run: 0 lumi: 0 event: 0, timestamp: 7382433064902380031, for run: 382216 lumi: 99 event: 0, timestamp: 7382404536729712384; from CondDBESSource::setIntervalFor
%MSG
%MSG-i CondDBESSource:  PostStreamBeginRun 09-Feb-2026 14:36:49 CET  PostStreamBeginRun
Getting data for record "SiPixelQualityFromDbRcd" to be consumed on Run: 382216 - Lumiblock:99 - Timestamp: 7382404536729712384; from CondDBESSource::setIntervalFor
%MSG
%MSG-i CondDBESSource:  PostStreamBeginRun 09-Feb-2026 14:36:49 CET  PostStreamBeginRun
Processing record "SiPixelQualityFromDbRcd" and label "" for run: 382216 lumi: 99 event: 0, timestamp: 7382404536729712384; from CondDBESSource::setIntervalFor
%MSG
%MSG-i CondDBESSource:  PostStreamBeginRun 09-Feb-2026 14:36:49 CET  PostStreamBeginRun
Validity coming from IOV sequence for record "SiPixelQualityFromDbRcd" and label "": (1641605220008019, 1641605220008038) for time (type: lumiid) 1641605220008035; from CondDBESSource::setIntervalFor
%MSG
%MSG-i CondDBESSource:  PostStreamBeginRun 09-Feb-2026 14:36:49 CET  PostStreamBeginRun
Processing record "SiPixelQualityFromDbRcd" and label "forRawToDigi" for run: 382216 lumi: 99 event: 0, timestamp: 7382404536729712384; from CondDBESSource::setIntervalFor
%MSG
%MSG-i CondDBESSource:  PostStreamBeginRun 09-Feb-2026 14:36:49 CET  PostStreamBeginRun
Validity coming from IOV sequence for record "SiPixelQualityFromDbRcd" and label "forRawToDigi": (346513, 18446744073709551615) for time (type: runnumber) 382216; from CondDBESSource::setIntervalFor
%MSG
%MSG-i CondDBESSource:  PostStreamBeginRun 09-Feb-2026 14:36:49 CET  PostStreamBeginRun
Setting validity for record "SiPixelQualityFromDbRcd" and corresponding label(s): starting at run: 83 lumi: 0 event: 0, timestamp: 0, ending at run: 102 lumi: 4294967295 event: 18446744073709551615, timestamp: 0, for run: 382216 lumi: 99 event: 0, timestamp: 7382404536729712384; from CondDBESSource::setIntervalFor
%MSG
%MSG-i CondDBESSource:  PostStreamBeginRun 09-Feb-2026 14:36:49 CET  PostStreamBeginRun
Getting data for record "SiStripDetVOffRcd" to be consumed on Run: 382216 - Lumiblock:99 - Timestamp: 7382404536729712384; from CondDBESSource::setIntervalFor
%MSG
%MSG-i CondDBESSource:  PostStreamBeginRun 09-Feb-2026 14:36:49 CET  PostStreamBeginRun
Processing record "SiStripDetVOffRcd" and label "" for run: 382216 lumi: 99 event: 0, timestamp: 7382404536729712384; from CondDBESSource::setIntervalFor
%MSG
%MSG-i CondDBESSource:  PostStreamBeginRun 09-Feb-2026 14:36:49 CET  PostStreamBeginRun
Validity coming from IOV sequence for record "SiStripDetVOffRcd" and label "": (7382399198425251072, 7382432596017944767) for time (type: timestamp) 7382404536729712384; from CondDBESSource::setIntervalFor
%MSG
%MSG-i CondDBESSource:  PostStreamBeginRun 09-Feb-2026 14:36:49 CET  PostStreamBeginRun
Setting validity for record "SiStripDetVOffRcd" and corresponding label(s): starting at run: 0 lumi: 0 event: 0, timestamp: 7382399198425251072, ending at run: 0 lumi: 0 event: 0, timestamp: 7382432596017944767, for run: 382216 lumi: 99 event: 0, timestamp: 7382404536729712384; from CondDBESSource::setIntervalFor
%MSG
%MSG-i CondDBESSource:  PostStreamBeginRun 09-Feb-2026 14:36:49 CET  PostStreamBeginRun
Getting data for record "BeamSpotObjectsRcd" to be consumed on Run: 382216 - Lumiblock:99 - Timestamp: 7382404536729712384; from CondDBESSource::setIntervalFor
%MSG
%MSG-i CondDBESSource:  PostStreamBeginRun 09-Feb-2026 14:36:49 CET  PostStreamBeginRun
Processing record "BeamSpotObjectsRcd" and label "" for run: 382216 lumi: 99 event: 0, timestamp: 7382404536729712384; from CondDBESSource::setIntervalFor
%MSG
%MSG-i CondDBESSource:  PostStreamBeginRun 09-Feb-2026 14:36:49 CET  PostStreamBeginRun
Validity coming from IOV sequence for record "BeamSpotObjectsRcd" and label "": (1641605220008029, 1641605220008048) for time (type: lumiid) 1641605220008035; from CondDBESSource::setIntervalFor
%MSG
%MSG-i CondDBESSource:  PostStreamBeginRun 09-Feb-2026 14:36:49 CET  PostStreamBeginRun
Setting validity for record "BeamSpotObjectsRcd" and corresponding label(s): starting at run: 382216 lumi: 93 event: 0, timestamp: 0, ending at run: 382216 lumi: 112 event: 18446744073709551615, timestamp: 0, for run: 382216 lumi: 99 event: 0, timestamp: 7382404536729712384; from CondDBESSource::setIntervalFor
%MSG
%MSG-i CondDBESSource:  PostStreamBeginRun 09-Feb-2026 14:36:49 CET  PostStreamBeginRun
Getting data for record "LumiCorrectionsRcd" to be consumed on Run: 382216 - Lumiblock:99 - Timestamp: 7382404536729712384; from CondDBESSource::setIntervalFor
%MSG
%MSG-i CondDBESSource:  PostStreamBeginRun 09-Feb-2026 14:36:49 CET  PostStreamBeginRun
Processing record "LumiCorrectionsRcd" and label "" for run: 382216 lumi: 99 event: 0, timestamp: 7382404536729712384; from CondDBESSource::setIntervalFor
%MSG
%MSG-i CondDBESSource:  PostStreamBeginRun 09-Feb-2026 14:36:49 CET  PostStreamBeginRun
Validity coming from IOV sequence for record "LumiCorrectionsRcd" and label "": (1641605220008029, 1641605220008076) for time (type: lumiid) 1641605220008035; from CondDBESSource::setIntervalFor
%MSG
%MSG-i CondDBESSource:  PostStreamBeginRun 09-Feb-2026 14:36:49 CET  PostStreamBeginRun
Setting validity for record "LumiCorrectionsRcd" and corresponding label(s): starting at run: 382216 lumi: 93 event: 0, timestamp: 0, ending at run: 382216 lumi: 140 event: 18446744073709551615, timestamp: 0, for run: 382216 lumi: 99 event: 0, timestamp: 7382404536729712384; from CondDBESSource::setIntervalFor
%MSG
%MSG-i CondDBESSource:  PostStreamBeginRun 09-Feb-2026 14:36:49 CET  PostStreamBeginRun
Getting data for record "DTKeyedConfigContainerRcd" to be consumed on Run: 382216 - Lumiblock:99 - Timestamp: 7382404536729712384; from CondDBESSource::setIntervalFor
%MSG
%MSG-i CondDBESSource:  PostStreamBeginRun 09-Feb-2026 14:36:49 CET  PostStreamBeginRun
Processing record "DTKeyedConfigContainerRcd" and label "" for run: 382216 lumi: 99 event: 0, timestamp: 7382404536729712384; from CondDBESSource::setIntervalFor
%MSG
%MSG-i CondDBESSource:  PostStreamBeginRun 09-Feb-2026 14:36:49 CET  PostStreamBeginRun
Getting data for record "BeamSpotOnlineHLTObjectsRcd" to be consumed on Run: 382216 - Lumiblock:99 - Timestamp: 7382404536729712384; from CondDBESSource::setIntervalFor
%MSG
%MSG-i CondDBESSource:  PostStreamBeginRun 09-Feb-2026 14:36:49 CET  PostStreamBeginRun
Processing record "BeamSpotOnlineHLTObjectsRcd" and label "" for run: 382216 lumi: 99 event: 0, timestamp: 7382404536729712384; from CondDBESSource::setIntervalFor
%MSG
%MSG-i CondDBESSource:  PostStreamBeginRun 09-Feb-2026 14:36:49 CET  PostStreamBeginRun
Validity coming from IOV sequence for record "BeamSpotOnlineHLTObjectsRcd" and label "": (1641605220008032, 1641605220008036) for time (type: lumiid) 1641605220008035; from CondDBESSource::setIntervalFor
%MSG
%MSG-i CondDBESSource:  PostStreamBeginRun 09-Feb-2026 14:36:49 CET  PostStreamBeginRun
Setting validity for record "BeamSpotOnlineHLTObjectsRcd" and corresponding label(s): starting at run: 382216 lumi: 96 event: 0, timestamp: 0, ending at run: 382216 lumi: 100 event: 18446744073709551615, timestamp: 0, for run: 382216 lumi: 99 event: 0, timestamp: 7382404536729712384; from CondDBESSource::setIntervalFor
%MSG
%MSG-i CondDBESSource:  PostStreamBeginRun 09-Feb-2026 14:36:49 CET  PostStreamBeginRun
Getting data for record "BeamSpotOnlineLegacyObjectsRcd" to be consumed on Run: 382216 - Lumiblock:99 - Timestamp: 7382404536729712384; from CondDBESSource::setIntervalFor
%MSG
%MSG-i CondDBESSource:  PostStreamBeginRun 09-Feb-2026 14:36:49 CET  PostStreamBeginRun
Processing record "BeamSpotOnlineLegacyObjectsRcd" and label "" for run: 382216 lumi: 99 event: 0, timestamp: 7382404536729712384; from CondDBESSource::setIntervalFor
%MSG
%MSG-i CondDBESSource:  PostStreamBeginRun 09-Feb-2026 14:36:49 CET  PostStreamBeginRun
Validity coming from IOV sequence for record "BeamSpotOnlineLegacyObjectsRcd" and label "": (1641605220008034, 1641605220008043) for time (type: lumiid) 1641605220008035; from CondDBESSource::setIntervalFor
%MSG
%MSG-i CondDBESSource:  PostStreamBeginRun 09-Feb-2026 14:36:49 CET  PostStreamBeginRun
Setting validity for record "BeamSpotOnlineLegacyObjectsRcd" and corresponding label(s): starting at run: 382216 lumi: 98 event: 0, timestamp: 0, ending at run: 382216 lumi: 107 event: 18446744073709551615, timestamp: 0, for run: 382216 lumi: 99 event: 0, timestamp: 7382404536729712384; from CondDBESSource::setIntervalFor
%MSG
Begin processing the 1st record. Run 382216, Event 8095730, LumiSection 99 on stream 0 at 09-Feb-2026 14:36:49.225 CET
%MSG-i SiStripLorentzAngleDepESProducer:   SiStripLorentzAngleDepESProducer:siStripLorentzAngleDepESProducer@callESModule  09-Feb-2026 14:36:49 CET Run: 382216 Event: 8095730
Producer called
%MSG
%MSG-i SiStripBackPlaneCorrectionDepESProducer:   SiStripBackPlaneCorrectionDepESProducer:siStripBackPlaneCorrectionDepESProducer@callESModule  09-Feb-2026 14:36:49 CET Run: 382216 Event: 8095730
Producer called
%MSG
(0) RPCGeometryESModule  - DB 
(0) CSCGeometryESModule  - DB recreateGeometry=false 
(0) CSCGeometryESModule  - DB recreateGeometry=true 
%MSG-i Alignment:  CSCGeometryESModule:CSCGeometryESModule@callESModule  GeometryAligner::applyAlignments() 09-Feb-2026 14:36:49 CET  Run: 382216 Event: 8095730
Starting to apply alignments.
%MSG
%MSG-i Alignment:  CSCGeometryESModule:CSCGeometryESModule@callESModule  GeometryAligner::applyAlignments() 09-Feb-2026 14:36:49 CET  Run: 382216 Event: 8095730
Finished to apply 4284 alignments with 4284 non-zero APE.
%MSG
%MSG-i Alignment:  DTGeometryESModule:DTGeometryESModule@callESModule  GeometryAligner::applyAlignments() 09-Feb-2026 14:36:49 CET  Run: 382216 Event: 8095730
Starting to apply alignments.
%MSG
%MSG-i Alignment:  DTGeometryESModule:DTGeometryESModule@callESModule  GeometryAligner::applyAlignments() 09-Feb-2026 14:36:49 CET  Run: 382216 Event: 8095730
Finished to apply 3650 alignments with 3650 non-zero APE.
%MSG
%MSG-i TrackerTopologyEP:  TrackerTopologyEP:trackerTopology@callESModule  09-Feb-2026 14:36:49 CET Run: 382216 Event: 8095730
TrackerTopologyEP::produce(const TrackerTopologyRcd& iRecord)
%MSG
%MSG-i TrackerAdditionalParametersPerDet:   TrackerAdditionalParametersPerDetESModule:TrackerAdditionalParametersPerDet@callESModule  09-Feb-2026 14:36:49 CET Run: 382216 Event: 8095730
TrackerAdditionalParametersPerDetESModule::produce(const PTrackerAdditionalParametersPerDetRcd& iRecord)
%MSG
%MSG-i Alignment:  TrackerDigiGeometryESModule:trackerGeometryDB@callESModule  GeometryAligner::applyAlignments() 09-Feb-2026 14:36:49 CET  Run: 382216 Event: 8095730
Starting to apply alignments.
%MSG
%MSG-i Alignment:  TrackerDigiGeometryESModule:trackerGeometryDB@callESModule  GeometryAligner::applyAlignments() 09-Feb-2026 14:36:49 CET  Run: 382216 Event: 8095730
Finished to apply 20292 alignments with 6900 non-zero APE.
%MSG
%MSG-i Alignment:  TrackerDigiGeometryESModule:trackerGeometryDB@callESModule  GeometryAligner::attachSurfaceDeformations() 09-Feb-2026 14:36:49 CET  Run: 382216 Event: 8095730
Starting to attach surface deformations.
%MSG
%MSG-i Alignment:  TrackerDigiGeometryESModule:trackerGeometryDB@callESModule  GeometryAligner::attachSurfaceDeformations() 09-Feb-2026 14:36:49 CET  Run: 382216 Event: 8095730
Finished to attach 17004 surface deformations.
%MSG
%MSG-i GeometryGlobalTrackingGeometryBuilder:   GlobalTrackingGeometryESProducer:GlobalTrackingGeometryESProducer@callESModule  09-Feb-2026 14:36:49 CET Run: 382216 Event: 8095730
No MTDDigiGeometryRecord is available.
%MSG
%MSG-i GeometryGlobalTrackingGeometryBuilder:   GlobalTrackingGeometryESProducer:GlobalTrackingGeometryESProducer@callESModule  09-Feb-2026 14:36:49 CET Run: 382216 Event: 8095730
No GEM geometry is available.
%MSG
%MSG-i GeometryGlobalTrackingGeometryBuilder:   GlobalTrackingGeometryESProducer:GlobalTrackingGeometryESProducer@callESModule  09-Feb-2026 14:36:49 CET Run: 382216 Event: 8095730
No ME0 geometry is available.
%MSG
%MSG-i MagneticField:   AutoParametrizedMagneticFieldProducer:ParabolicParametrizedMagneticFieldProducer@callESModule  09-Feb-2026 14:36:49 CET Run: 382216 Event: 8095730
Current: 18161.6 (from RunInfo DB); using map for: 18268
%MSG
%MSG-i MagneticField:  @finishedCallESModule 09-Feb-2026 14:36:49 CET  Run: 382216 Event: 8095730
Current :18161.6 (from RunInfo DB); using map configuration with label: 3.8T
%MSG
%MSG-i MagneticField:   VolumeBasedMagneticFieldESProducerFromDB:VolumeBasedMagneticFieldESProducer@callESModule  09-Feb-2026 14:36:49 CET Run: 382216 Event: 8095730
Version: grid_160812_3_8t geometryVersion: 160812 slaveFieldVersion: OAE_1103l_071212
%MSG
%MSG-i DDCompactViewImpl:   VolumeBasedMagneticFieldESProducerFromDB:VolumeBasedMagneticFieldESProducer@callESModule  09-Feb-2026 14:36:53 CET Run: 382216 Event: 8095730
DDD transient representation has been destructed.
%MSG
%MSG-i SiPixelGenError:   PixelCPEGenericESProducer:PixelCPEGenericESProducer@callESModule  09-Feb-2026 14:36:53 CET Run: 382216 Event: 8095730
Loading Pixel GenError File - Dot1_150x100_dj0192g@-475V,3.8T@90d,263K,rh=1.02/0.7,2.5/2.5,100Vdep 
 
%MSG
%MSG-i SiPixelGenError:   PixelCPEGenericESProducer:PixelCPEGenericESProducer@callESModule  09-Feb-2026 14:36:53 CET Run: 382216 Event: 8095730
GenError ID = 1109, GenError Version 1, Bfield = 3.8, NTy = 60, NTyx = 5, NTxx = 29, Dtype = 0, Bias voltage 263, temperature 263, fluence 2.5, Q-scaling factor 1.32, 1/2 multi dcol threshold 1500, 1/2 single dcol threshold 1500, y Lorentz Width 0, y Lorentz Bias 0, x Lorentz width 54.82, x Lorentz Bias 27.41, Q/Q_avg fractions for Qbin defs 1.5, 1, 0.85, pixel x-size 100, y-size 150, zsize 285 
%MSG
%MSG-i SiPixelGenError:   PixelCPEGenericESProducer:PixelCPEGenericESProducer@callESModule  09-Feb-2026 14:36:53 CET Run: 382216 Event: 8095730
Loading Pixel GenError - Dot1_150x100_dj0192g@-475V,3.8T@90d,263K,rh=1.02/0.7,2.5/2.5,100Vdep 
 version 1 code v.1 
%MSG
%MSG-i SiPixelGenError:   PixelCPEGenericESProducer:PixelCPEGenericESProducer@callESModule  09-Feb-2026 14:36:53 CET Run: 382216 Event: 8095730
Loading Pixel GenError File - Dot1_150x100_dj0192i@-363V,3.8T@90d,263K,rh=0.98/0.7,1.5/1.5 1
0Vdep 
 
%MSG
%MSG-i SiPixelGenError:   PixelCPEGenericESProducer:PixelCPEGenericESProducer@callESModule  09-Feb-2026 14:36:53 CET Run: 382216 Event: 8095730
GenError ID = 1110, GenError Version 1, Bfield = 3.8, NTy = 60, NTyx = 5, NTxx = 29, Dtype = 0, Bias voltage 263, temperature 263, fluence 1.5, Q-scaling factor 1.231, 1/2 multi dcol threshold 1300, 1/2 single dcol threshold 950, y Lorentz Width -0, y Lorentz Bias -0, x Lorentz width 65.08, x Lorentz Bias 32.54, Q/Q_avg fractions for Qbin defs 1.5, 1, 0.85, pixel x-size 100, y-size 150, zsize 285 
%MSG
%MSG-i SiPixelGenError:   PixelCPEGenericESProducer:PixelCPEGenericESProducer@callESModule  09-Feb-2026 14:36:53 CET Run: 382216 Event: 8095730
Loading Pixel GenError - Dot1_150x100_dj0192i@-363V,3.8T@90d,263K,rh=0.98/0.7,1.5/1.5 1
0Vdep 
 version 1 code v.1 
%MSG
%MSG-i SiPixelGenError:   PixelCPEGenericESProducer:PixelCPEGenericESProducer@callESModule  09-Feb-2026 14:36:53 CET Run: 382216 Event: 8095730
Loading Pixel GenError File - Dot1_150x100_prd2012lk:dj0091a@-275V,3.8T@90d,263K,rhe=1.10,rhh=0.7,0.7/0.7 
 
%MSG
%MSG-i SiPixelGenError:   PixelCPEGenericESProducer:PixelCPEGenericESProducer@callESModule  09-Feb-2026 14:36:53 CET Run: 382216 Event: 8095730
GenError ID = 1102, GenError Version 1, Bfield = 3.8, NTy = 60, NTyx = 5, NTxx = 29, Dtype = 0, Bias voltage 275, temperature 263, fluence 0.7, Q-scaling factor 1.287, 1/2 multi dcol threshold 900, 1/2 single dcol threshold 900, y Lorentz Width 0, y Lorentz Bias 0, x Lorentz width 83.21, x Lorentz Bias 41.61, Q/Q_avg fractions for Qbin defs 1.5, 1, 0.85, pixel x-size 100, y-size 150, zsize 285 
%MSG
%MSG-i SiPixelGenError:   PixelCPEGenericESProducer:PixelCPEGenericESProducer@callESModule  09-Feb-2026 14:36:53 CET Run: 382216 Event: 8095730
Loading Pixel GenError - Dot1_150x100_prd2012lk:dj0091a@-275V,3.8T@90d,263K,rhe=1.10,rhh=0.7,0.7/0.7 
 version 1 code v.1 
%MSG
%MSG-i SiPixelGenError:   PixelCPEGenericESProducer:PixelCPEGenericESProducer@callESModule  09-Feb-2026 14:36:53 CET Run: 382216 Event: 8095730
Loading Pixel GenError File - Dot1_150x100_prd2012lk:dj0091a@-250V,3.8T@90d,263K,rhe=1.10,rhh=0.7,0.7/0.7 
 
%MSG
%MSG-i SiPixelGenError:   PixelCPEGenericESProducer:PixelCPEGenericESProducer@callESModule  09-Feb-2026 14:36:53 CET Run: 382216 Event: 8095730
GenError ID = 1103, GenError Version 1, Bfield = 3.8, NTy = 60, NTyx = 5, NTxx = 29, Dtype = 0, Bias voltage 250, temperature 263, fluence 0.7, Q-scaling factor 1.276, 1/2 multi dcol threshold 1100, 1/2 single dcol threshold 1100, y Lorentz Width -1.07, y Lorentz Bias -0.53, x Lorentz width 91.81, x Lorentz Bias 45.9, Q/Q_avg fractions for Qbin defs 1.5, 1, 0.85, pixel x-size 100, y-size 150, zsize 285 
%MSG
%MSG-i SiPixelGenError:   PixelCPEGenericESProducer:PixelCPEGenericESProducer@callESModule  09-Feb-2026 14:36:53 CET Run: 382216 Event: 8095730
Loading Pixel GenError - Dot1_150x100_prd2012lk:dj0091a@-250V,3.8T@90d,263K,rhe=1.10,rhh=0.7,0.7/0.7 
 version 1 code v.1 
%MSG
%MSG-i SiPixelGenError:   PixelCPEGenericESProducer:PixelCPEGenericESProducer@callESModule  09-Feb-2026 14:36:53 CET Run: 382216 Event: 8095730
Loading Pixel GenError File - Dot1_150x100_prd2012lk:dj0070a@-275V,3.8T@90d,263K,rhe=1.10,rhh=0.7,0.5/0.5 
 
%MSG
%MSG-i SiPixelGenError:   PixelCPEGenericESProducer:PixelCPEGenericESProducer@callESModule  09-Feb-2026 14:36:53 CET Run: 382216 Event: 8095730
GenError ID = 1104, GenError Version 1, Bfield = 3.8, NTy = 60, NTyx = 5, NTxx = 29, Dtype = 0, Bias voltage 275, temperature 263, fluence 0.5, Q-scaling factor 1.23, 1/2 multi dcol threshold 1000, 1/2 single dcol threshold 900, y Lorentz Width -1.22, y Lorentz Bias -0.61, x Lorentz width 86.88, x Lorentz Bias 43.44, Q/Q_avg fractions for Qbin defs 1.5, 1, 0.85, pixel x-size 100, y-size 150, zsize 285 
%MSG
%MSG-i SiPixelGenError:   PixelCPEGenericESProducer:PixelCPEGenericESProducer@callESModule  09-Feb-2026 14:36:53 CET Run: 382216 Event: 8095730
Loading Pixel GenError - Dot1_150x100_prd2012lk:dj0070a@-275V,3.8T@90d,263K,rhe=1.10,rhh=0.7,0.5/0.5 
 version 1 code v.1 
%MSG
%MSG-i SiPixelGenError:   PixelCPEGenericESProducer:PixelCPEGenericESProducer@callESModule  09-Feb-2026 14:36:53 CET Run: 382216 Event: 8095730
Loading Pixel GenError File - Dot1_150x100_prd2012lk:dj0070a@-263V,3.8T@90d,263K,rhe=1.10,rhh=0.7,0.25/0.25  
%MSG
%MSG-i SiPixelGenError:   PixelCPEGenericESProducer:PixelCPEGenericESProducer@callESModule  09-Feb-2026 14:36:53 CET Run: 382216 Event: 8095730
GenError ID = 1105, GenError Version 1, Bfield = 3.8, NTy = 60, NTyx = 5, NTxx = 29, Dtype = 0, Bias voltage 263, temperature 263, fluence 0.25, Q-scaling factor 1.25, 1/2 multi dcol threshold 1000, 1/2 single dcol threshold 900, y Lorentz Width 0.84, y Lorentz Bias 0.42, x Lorentz width 89.6, x Lorentz Bias 44.8, Q/Q_avg fractions for Qbin defs 1.5, 1, 0.85, pixel x-size 100, y-size 150, zsize 285 
%MSG
%MSG-i SiPixelGenError:   PixelCPEGenericESProducer:PixelCPEGenericESProducer@callESModule  09-Feb-2026 14:36:53 CET Run: 382216 Event: 8095730
Loading Pixel GenError - Dot1_150x100_prd2012lk:dj0070a@-263V,3.8T@90d,263K,rhe=1.10,rhh=0.7,0.25/0.25  version 1 code v.1 
%MSG
%MSG-i SiPixelGenError:   PixelCPEGenericESProducer:PixelCPEGenericESProducer@callESModule  09-Feb-2026 14:36:53 CET Run: 382216 Event: 8095730
Loading Pixel GenError File - OCR_prd2017clk:dj0091a,R21@-300V,3.8T@20d,263K,rhe=1.10,rhh=0.7,0.7/0.7 /
.25  
%MSG
%MSG-i SiPixelGenError:   PixelCPEGenericESProducer:PixelCPEGenericESProducer@callESModule  09-Feb-2026 14:36:53 CET Run: 382216 Event: 8095730
GenError ID = 1084, GenError Version 1, Bfield = 3.8, NTy = 28, NTyx = 3, NTxx = 29, Dtype = 2, Bias voltage 300, temperature 263, fluence 0.7, Q-scaling factor 1.152, 1/2 multi dcol threshold 900, 1/2 single dcol threshold 650, y Lorentz Width 22.36, y Lorentz Bias 11.18, x Lorentz width -14.42, x Lorentz Bias -7.21, Q/Q_avg fractions for Qbin defs 1.5, 1, 0.85, pixel x-size 100, y-size 150, zsize 290 
%MSG
%MSG-i SiPixelGenError:   PixelCPEGenericESProducer:PixelCPEGenericESProducer@callESModule  09-Feb-2026 14:36:53 CET Run: 382216 Event: 8095730
Loading Pixel GenError - OCR_prd2017clk:dj0091a,R21@-300V,3.8T@20d,263K,rhe=1.10,rhh=0.7,0.7/0.7 /
.25  version 1 code v.1 
%MSG
%MSG-i SiPixelGenError:   PixelCPEGenericESProducer:PixelCPEGenericESProducer@callESModule  09-Feb-2026 14:36:53 CET Run: 382216 Event: 8095730
Loading Pixel GenError File - OCR_prd2017clk:dj0192i,R11@-400V,3.8T@20d,263K,rhe=0.98,rhh=0.7,1.5/1.5 /
.25  
%MSG
%MSG-i SiPixelGenError:   PixelCPEGenericESProducer:PixelCPEGenericESProducer@callESModule  09-Feb-2026 14:36:53 CET Run: 382216 Event: 8095730
GenError ID = 1111, GenError Version 1, Bfield = 3.8, NTy = 28, NTyx = 3, NTxx = 29, Dtype = 3, Bias voltage 350, temperature 263, fluence 1.5, Q-scaling factor 1.148, 1/2 multi dcol threshold 900, 1/2 single dcol threshold 650, y Lorentz Width 9.41, y Lorentz Bias 4.71, x Lorentz width -27.3, x Lorentz Bias -13.65, Q/Q_avg fractions for Qbin defs 1.5, 1, 0.85, pixel x-size 100, y-size 150, zsize 290 
%MSG
%MSG-i SiPixelGenError:   PixelCPEGenericESProducer:PixelCPEGenericESProducer@callESModule  09-Feb-2026 14:36:53 CET Run: 382216 Event: 8095730
Loading Pixel GenError - OCR_prd2017clk:dj0192i,R11@-400V,3.8T@20d,263K,rhe=0.98,rhh=0.7,1.5/1.5 /
.25  version 1 code v.1 
%MSG
%MSG-i SiPixelGenError:   PixelCPEGenericESProducer:PixelCPEGenericESProducer@callESModule  09-Feb-2026 14:36:53 CET Run: 382216 Event: 8095730
Loading Pixel GenError File - OCR_prd2017clk:dj0192i,R12@-400V,3.8T@20d,263K,rhe=0.98,rhh=0.7,1.5/1.5 /
.25  
%MSG
%MSG-i SiPixelGenError:   PixelCPEGenericESProducer:PixelCPEGenericESProducer@callESModule  09-Feb-2026 14:36:53 CET Run: 382216 Event: 8095730
GenError ID = 1112, GenError Version 1, Bfield = 3.8, NTy = 28, NTyx = 3, NTxx = 29, Dtype = 4, Bias voltage 350, temperature 263, fluence 1.5, Q-scaling factor 1.148, 1/2 multi dcol threshold 900, 1/2 single dcol threshold 650, y Lorentz Width 13.25, y Lorentz Bias 6.63, x Lorentz width -23.98, x Lorentz Bias -11.99, Q/Q_avg fractions for Qbin defs 1.5, 1, 0.85, pixel x-size 100, y-size 150, zsize 290 
%MSG
%MSG-i SiPixelGenError:   PixelCPEGenericESProducer:PixelCPEGenericESProducer@callESModule  09-Feb-2026 14:36:53 CET Run: 382216 Event: 8095730
Loading Pixel GenError - OCR_prd2017clk:dj0192i,R12@-400V,3.8T@20d,263K,rhe=0.98,rhh=0.7,1.5/1.5 /
.25  version 1 code v.1 
%MSG
%MSG-i SiPixelGenError:   PixelCPEGenericESProducer:PixelCPEGenericESProducer@callESModule  09-Feb-2026 14:36:53 CET Run: 382216 Event: 8095730
Loading Pixel GenError File - OCR_prd2017clk:dj0091a,R22@-300V,3.8T@20d,263K,rhe=1.10,rhh=0.7,0.7/0.7 /
.25  
%MSG
%MSG-i SiPixelGenError:   PixelCPEGenericESProducer:PixelCPEGenericESProducer@callESModule  09-Feb-2026 14:36:53 CET Run: 382216 Event: 8095730
GenError ID = 1087, GenError Version 1, Bfield = 3.8, NTy = 28, NTyx = 3, NTxx = 29, Dtype = 5, Bias voltage 300, temperature 263, fluence 0.7, Q-scaling factor 1.146, 1/2 multi dcol threshold 900, 1/2 single dcol threshold 650, y Lorentz Width 23.48, y Lorentz Bias 11.74, x Lorentz width -9.94, x Lorentz Bias -4.97, Q/Q_avg fractions for Qbin defs 1.5, 1, 0.85, pixel x-size 100, y-size 150, zsize 290 
%MSG
%MSG-i SiPixelGenError:   PixelCPEGenericESProducer:PixelCPEGenericESProducer@callESModule  09-Feb-2026 14:36:53 CET Run: 382216 Event: 8095730
Loading Pixel GenError - OCR_prd2017clk:dj0091a,R22@-300V,3.8T@20d,263K,rhe=1.10,rhh=0.7,0.7/0.7 /
.25  version 1 code v.1 
%MSG
%MSG-i SiPixelGenError:   PixelCPEGenericESProducer:PixelCPEGenericESProducer@callESModule  09-Feb-2026 14:36:53 CET Run: 382216 Event: 8095730
Loading Pixel GenError File - Dot1_150x100_dj0180d@-375V,3.8T@90d,263K,rh=1.02/0.7,1.0/1.0,100Vdep .
 /
.25  
%MSG
%MSG-i SiPixelGenError:   PixelCPEGenericESProducer:PixelCPEGenericESProducer@callESModule  09-Feb-2026 14:36:53 CET Run: 382216 Event: 8095730
GenError ID = 1098, GenError Version 1, Bfield = 3.8, NTy = 60, NTyx = 5, NTxx = 29, Dtype = 0, Bias voltage 375, temperature 263, fluence 1, Q-scaling factor 1.166, 1/2 multi dcol threshold 1050, 1/2 single dcol threshold 1050, y Lorentz Width 0.23, y Lorentz Bias 0.11, x Lorentz width 64.74, x Lorentz Bias 32.37, Q/Q_avg fractions for Qbin defs 1.5, 1, 0.85, pixel x-size 100, y-size 150, zsize 285 
%MSG
%MSG-i SiPixelGenError:   PixelCPEGenericESProducer:PixelCPEGenericESProducer@callESModule  09-Feb-2026 14:36:53 CET Run: 382216 Event: 8095730
Loading Pixel GenError - Dot1_150x100_dj0180d@-375V,3.8T@90d,263K,rh=1.02/0.7,1.0/1.0,100Vdep .
 /
.25  version 1 code v.1 
%MSG
DEBUG Processing event 8095730
DEBUG Found 622 tracks
DEBUG Processing track 1 pT=0.763026
DEBUG Processing track 2 pT=0.914286
DEBUG Processing track 3 pT=0.496992
DEBUG Processing track 4 pT=1.90219
Begin processing the 2nd record. Run 382216, Event 8143656, LumiSection 99 on stream 0 at 09-Feb-2026 14:36:53.078 CET
DEBUG Processing event 8143656
DEBUG Found 1115 tracks
DEBUG Processing track 1 pT=1.30147
DEBUG Processing hit for track 1
DEBUG Hit det=1 subdet=1 raw=303054860
DEBUG Processing hit for track 1
DEBUG Hit det=1 subdet=1 raw=303058952
DEBUG Processing hit for track 1
DEBUG Hit det=1 subdet=2 raw=344229892
DEBUG Processing hit for track 1
DEBUG Hit det=1 subdet=2 raw=344232964
DEBUG Processing hit for track 1
DEBUG Hit det=1 subdet=2 raw=344492036
DEBUG Processing hit for track 1
DEBUG Hit det=1 subdet=2 raw=344495108
DEBUG Processing hit for track 1
DEBUG Hit det=1 subdet=2 raw=344863748
DEBUG Processing hit for track 1
DEBUG Hit det=1 subdet=2 raw=344757252
DEBUG Processing hit for track 1
DEBUG Hit det=1 subdet=6 raw=470049833
DEBUG Processing hit for track 1
DEBUG Hit det=1 subdet=6 raw=470049834
DEBUG Processing hit for track 1
DEBUG Hit det=1 subdet=6 raw=470066217
DEBUG Processing hit for track 1
DEBUG Hit det=1 subdet=6 raw=470066218
DEBUG Processing hit for track 1
DEBUG Hit det=1 subdet=6 raw=470082601
DEBUG Processing hit for track 1
DEBUG Hit det=1 subdet=6 raw=470082602
DEBUG Processing hit for track 1
DEBUG Hit det=1 subdet=6 raw=470099018
DEBUG Processing hit for track 1
DEBUG Hit det=1 subdet=6 raw=470099017
DEBUG Processing hit for track 1
DEBUG Hit det=1 subdet=6 raw=470115402
DEBUG Processing hit for track 1
DEBUG Hit det=1 subdet=6 raw=470115401
DEBUG Processing hit for track 1
DEBUG Hit det=1 subdet=6 raw=470131816
DEBUG Processing hit for track 1
DEBUG Hit det=1 subdet=6 raw=470131785
DEBUG Processing hit for track 1
DEBUG Hit det=1 subdet=6 raw=470148200
DEBUG Processing hit for track 1
DEBUG Hit det=1 subdet=6 raw=470164584
DEBUG Processing hit for track 1
DEBUG Hit det=1 subdet=6 raw=470181004
DEBUG Processing track 2 pT=0.592923
DEBUG Processing track 3 pT=1.47384
DEBUG Processing hit for track 3
DEBUG Hit det=1 subdet=1 raw=303075340
DEBUG Processing hit for track 3
DEBUG Hit det=1 subdet=1 raw=304173060
DEBUG Processing hit for track 3
DEBUG Hit det=1 subdet=2 raw=344392708
DEBUG Processing hit for track 3
DEBUG Hit det=1 subdet=2 raw=344393732
DEBUG Processing hit for track 3
DEBUG Hit det=1 subdet=2 raw=344654852
DEBUG Processing hit for track 3
DEBUG Hit det=1 subdet=4 raw=402664234
DEBUG Processing hit for track 3
DEBUG Hit det=1 subdet=4 raw=402664233
DEBUG Processing hit for track 3
DEBUG Hit det=1 subdet=4 raw=402666282
DEBUG Processing hit for track 3
DEBUG Hit det=1 subdet=4 raw=402666281
DEBUG Processing hit for track 3
DEBUG Hit det=1 subdet=4 raw=402668842
DEBUG Processing hit for track 3
DEBUG Hit det=1 subdet=4 raw=402668841
DEBUG Processing hit for track 3
DEBUG Hit det=1 subdet=6 raw=470050664
DEBUG Processing hit for track 3
DEBUG Hit det=1 subdet=6 raw=470067080
DEBUG Processing hit for track 3
DEBUG Hit det=1 subdet=6 raw=470083464
DEBUG Processing hit for track 3
DEBUG Hit det=1 subdet=6 raw=470099877
DEBUG Processing hit for track 3
DEBUG Hit det=1 subdet=6 raw=470099878
DEBUG Processing hit for track 3
DEBUG Hit det=1 subdet=6 raw=470116261
DEBUG Processing hit for track 3
DEBUG Hit det=1 subdet=6 raw=470116262
DEBUG Processing hit for track 3
DEBUG Hit det=1 subdet=6 raw=470132645
DEBUG Processing hit for track 3
DEBUG Hit det=1 subdet=6 raw=470132646
DEBUG Processing hit for track 3
DEBUG Hit det=1 subdet=6 raw=470149060
DEBUG Processing hit for track 3
DEBUG Hit det=1 subdet=6 raw=470165444
DEBUG Processing hit for track 3
DEBUG Hit det=1 subdet=6 raw=470177780
DEBUG Processing track 4 pT=0.616638
%MSG-i CondDBESSource:  PostModuleEvent 09-Feb-2026 14:36:53 CET  PostProcessEvent
Getting data for record "LHCInfoPerLSRcd" to be consumed on Run: 382216 - Lumiblock:4294967295 - Timestamp: 7382419350072138345; from CondDBESSource::setIntervalFor
%MSG
%MSG-i CondDBESSource:  PostModuleEvent 09-Feb-2026 14:36:53 CET  PostProcessEvent
Processing record "LHCInfoPerLSRcd" and label "" for run: 382216 lumi: 4294967295 event: 18446744073709551615, timestamp: 7382419350072138345; from CondDBESSource::setIntervalFor
%MSG
%MSG-i CondDBESSource:  PostModuleEvent 09-Feb-2026 14:36:53 CET  PostProcessEvent
Validity coming from IOV sequence for record "LHCInfoPerLSRcd" and label "": (7382414844651110400, 7382424655356414463) for time (type: timestamp) 7382419350072138345; from CondDBESSource::setIntervalFor
%MSG
%MSG-i CondDBESSource:  PostModuleEvent 09-Feb-2026 14:36:53 CET  PostProcessEvent
Setting validity for record "LHCInfoPerLSRcd" and corresponding label(s): starting at run: 0 lumi: 0 event: 0, timestamp: 7382414844651110400, ending at run: 0 lumi: 0 event: 0, timestamp: 7382424655356414463, for run: 382216 lumi: 4294967295 event: 18446744073709551615, timestamp: 7382419350072138345; from CondDBESSource::setIntervalFor
%MSG
%MSG-i CondDBESSource:  PostModuleEvent 09-Feb-2026 14:36:53 CET  PostProcessEvent
Getting data for record "EcalLaserAPDPNRatiosRcd" to be consumed on Run: 382216 - Lumiblock:4294967295 - Timestamp: 7382419350072138345; from CondDBESSource::setIntervalFor
%MSG
%MSG-i CondDBESSource:  PostModuleEvent 09-Feb-2026 14:36:53 CET  PostProcessEvent
Processing record "EcalLaserAPDPNRatiosRcd" and label "" for run: 382216 lumi: 4294967295 event: 18446744073709551615, timestamp: 7382419350072138345; from CondDBESSource::setIntervalFor
%MSG
%MSG-i CondDBESSource:  PostModuleEvent 09-Feb-2026 14:36:53 CET  PostProcessEvent
Validity coming from IOV sequence for record "EcalLaserAPDPNRatiosRcd" and label "": (7382417829653381120, 7382429332575799807) for time (type: timestamp) 7382419350072138345; from CondDBESSource::setIntervalFor
%MSG
%MSG-i CondDBESSource:  PostModuleEvent 09-Feb-2026 14:36:53 CET  PostProcessEvent
Setting validity for record "EcalLaserAPDPNRatiosRcd" and corresponding label(s): starting at run: 0 lumi: 0 event: 0, timestamp: 7382417829653381120, ending at run: 0 lumi: 0 event: 0, timestamp: 7382429332575799807, for run: 382216 lumi: 4294967295 event: 18446744073709551615, timestamp: 7382419350072138345; from CondDBESSource::setIntervalFor
%MSG
%MSG-i CondDBESSource:  PostModuleEvent 09-Feb-2026 14:36:53 CET  PostProcessEvent
Getting data for record "SiPixelQualityFromDbRcd" to be consumed on Run: 382216 - Lumiblock:4294967295 - Timestamp: 7382419350072138345; from CondDBESSource::setIntervalFor
%MSG
%MSG-i CondDBESSource:  PostModuleEvent 09-Feb-2026 14:36:53 CET  PostProcessEvent
Processing record "SiPixelQualityFromDbRcd" and label "" for run: 382216 lumi: 4294967295 event: 18446744073709551615, timestamp: 7382419350072138345; from CondDBESSource::setIntervalFor
%MSG
%MSG-i CondDBESSource:  PostModuleEvent 09-Feb-2026 14:36:53 CET  PostProcessEvent
Validity coming from IOV sequence for record "SiPixelQualityFromDbRcd" and label "": (1641605220008325, 1641639579746338) for time (type: lumiid) 1641609514975231; from CondDBESSource::setIntervalFor
%MSG
%MSG-i CondDBESSource:  PostModuleEvent 09-Feb-2026 14:36:53 CET  PostProcessEvent
Processing record "SiPixelQualityFromDbRcd" and label "forRawToDigi" for run: 382216 lumi: 4294967295 event: 18446744073709551615, timestamp: 7382419350072138345; from CondDBESSource::setIntervalFor
%MSG
%MSG-i CondDBESSource:  PostModuleEvent 09-Feb-2026 14:36:53 CET  PostProcessEvent
Validity coming from IOV sequence for record "SiPixelQualityFromDbRcd" and label "forRawToDigi": (346513, 18446744073709551615) for time (type: runnumber) 382216; from CondDBESSource::setIntervalFor
%MSG
%MSG-i CondDBESSource:  PostModuleEvent 09-Feb-2026 14:36:53 CET  PostProcessEvent
Setting validity for record "SiPixelQualityFromDbRcd" and corresponding label(s): starting at run: 389 lumi: 0 event: 0, timestamp: 0, ending at run: 34 lumi: 4294967295 event: 18446744073709551615, timestamp: 0, for run: 382216 lumi: 4294967295 event: 18446744073709551615, timestamp: 7382419350072138345; from CondDBESSource::setIntervalFor
%MSG
%MSG-i CondDBESSource:  PostModuleEvent 09-Feb-2026 14:36:53 CET  PostProcessEvent
Getting data for record "BeamSpotObjectsRcd" to be consumed on Run: 382216 - Lumiblock:4294967295 - Timestamp: 7382419350072138345; from CondDBESSource::setIntervalFor
%MSG
%MSG-i CondDBESSource:  PostModuleEvent 09-Feb-2026 14:36:53 CET  PostProcessEvent
Processing record "BeamSpotObjectsRcd" and label "" for run: 382216 lumi: 4294967295 event: 18446744073709551615, timestamp: 7382419350072138345; from CondDBESSource::setIntervalFor
%MSG
%MSG-i CondDBESSource:  PostModuleEvent 09-Feb-2026 14:36:53 CET  PostProcessEvent
Validity coming from IOV sequence for record "BeamSpotObjectsRcd" and label "": (1641605220008313, 1641639579746339) for time (type: lumiid) 1641609514975231; from CondDBESSource::setIntervalFor
%MSG
%MSG-i CondDBESSource:  PostModuleEvent 09-Feb-2026 14:36:53 CET  PostProcessEvent
Setting validity for record "BeamSpotObjectsRcd" and corresponding label(s): starting at run: 382216 lumi: 377 event: 0, timestamp: 0, ending at run: 382224 lumi: 35 event: 18446744073709551615, timestamp: 0, for run: 382216 lumi: 4294967295 event: 18446744073709551615, timestamp: 7382419350072138345; from CondDBESSource::setIntervalFor
%MSG
%MSG-i CondDBESSource:  PostModuleEvent 09-Feb-2026 14:36:53 CET  PostProcessEvent
Getting data for record "LumiCorrectionsRcd" to be consumed on Run: 382216 - Lumiblock:4294967295 - Timestamp: 7382419350072138345; from CondDBESSource::setIntervalFor
%MSG
%MSG-i CondDBESSource:  PostModuleEvent 09-Feb-2026 14:36:53 CET  PostProcessEvent
Processing record "LumiCorrectionsRcd" and label "" for run: 382216 lumi: 4294967295 event: 18446744073709551615, timestamp: 7382419350072138345; from CondDBESSource::setIntervalFor
%MSG
%MSG-i CondDBESSource:  PostModuleEvent 09-Feb-2026 14:36:53 CET  PostProcessEvent
Validity coming from IOV sequence for record "LumiCorrectionsRcd" and label "": (1641605220008269, 1641639579746304) for time (type: lumiid) 1641609514975231; from CondDBESSource::setIntervalFor
%MSG
%MSG-i CondDBESSource:  PostModuleEvent 09-Feb-2026 14:36:53 CET  PostProcessEvent
Setting validity for record "LumiCorrectionsRcd" and corresponding label(s): starting at run: 382216 lumi: 333 event: 0, timestamp: 0, ending at run: 382224 lumi: 0 event: 18446744073709551615, timestamp: 0, for run: 382216 lumi: 4294967295 event: 18446744073709551615, timestamp: 7382419350072138345; from CondDBESSource::setIntervalFor
%MSG
%MSG-i CondDBESSource:  PostModuleEvent 09-Feb-2026 14:36:53 CET  PostProcessEvent
Getting data for record "DTKeyedConfigContainerRcd" to be consumed on Run: 382216 - Lumiblock:4294967295 - Timestamp: 7382419350072138345; from CondDBESSource::setIntervalFor
%MSG
%MSG-i CondDBESSource:  PostModuleEvent 09-Feb-2026 14:36:53 CET  PostProcessEvent
Processing record "DTKeyedConfigContainerRcd" and label "" for run: 382216 lumi: 4294967295 event: 18446744073709551615, timestamp: 7382419350072138345; from CondDBESSource::setIntervalFor
%MSG
%MSG-i CondDBESSource:  PostModuleEvent 09-Feb-2026 14:36:53 CET  PostProcessEvent
Getting data for record "BeamSpotOnlineHLTObjectsRcd" to be consumed on Run: 382216 - Lumiblock:4294967295 - Timestamp: 7382419350072138345; from CondDBESSource::setIntervalFor
%MSG
%MSG-i CondDBESSource:  PostModuleEvent 09-Feb-2026 14:36:53 CET  PostProcessEvent
Processing record "BeamSpotOnlineHLTObjectsRcd" and label "" for run: 382216 lumi: 4294967295 event: 18446744073709551615, timestamp: 7382419350072138345; from CondDBESSource::setIntervalFor
%MSG
%MSG-i CondDBESSource:  PostModuleEvent 09-Feb-2026 14:36:53 CET  PostProcessEvent
Validity coming from IOV sequence for record "BeamSpotOnlineHLTObjectsRcd" and label "": (1641605220008317, 1641639579746342) for time (type: lumiid) 1641609514975231; from CondDBESSource::setIntervalFor
%MSG
%MSG-i CondDBESSource:  PostModuleEvent 09-Feb-2026 14:36:53 CET  PostProcessEvent
Setting validity for record "BeamSpotOnlineHLTObjectsRcd" and corresponding label(s): starting at run: 382216 lumi: 381 event: 0, timestamp: 0, ending at run: 382224 lumi: 38 event: 18446744073709551615, timestamp: 0, for run: 382216 lumi: 4294967295 event: 18446744073709551615, timestamp: 7382419350072138345; from CondDBESSource::setIntervalFor
%MSG
%MSG-i CondDBESSource:  PostModuleEvent 09-Feb-2026 14:36:53 CET  PostProcessEvent
Getting data for record "BeamSpotOnlineLegacyObjectsRcd" to be consumed on Run: 382216 - Lumiblock:4294967295 - Timestamp: 7382419350072138345; from CondDBESSource::setIntervalFor
%MSG
%MSG-i CondDBESSource:  PostModuleEvent 09-Feb-2026 14:36:53 CET  PostProcessEvent
Processing record "BeamSpotOnlineLegacyObjectsRcd" and label "" for run: 382216 lumi: 4294967295 event: 18446744073709551615, timestamp: 7382419350072138345; from CondDBESSource::setIntervalFor
%MSG
%MSG-i CondDBESSource:  PostModuleEvent 09-Feb-2026 14:36:53 CET  PostProcessEvent
Validity coming from IOV sequence for record "BeamSpotOnlineLegacyObjectsRcd" and label "": (1641605220008319, 1641639579746347) for time (type: lumiid) 1641609514975231; from CondDBESSource::setIntervalFor
%MSG
%MSG-i CondDBESSource:  PostModuleEvent 09-Feb-2026 14:36:53 CET  PostProcessEvent
Setting validity for record "BeamSpotOnlineLegacyObjectsRcd" and corresponding label(s): starting at run: 382216 lumi: 383 event: 0, timestamp: 0, ending at run: 382224 lumi: 43 event: 18446744073709551615, timestamp: 0, for run: 382216 lumi: 4294967295 event: 18446744073709551615, timestamp: 7382419350072138345; from CondDBESSource::setIntervalFor
%MSG
09-Feb-2026 14:36:53 CET  Closed file file:/scratch/nandan/step5_RAW2DIGI_L1Reco_RECO.root

--- Track Propagation Summary (per hit) ---
Total Valid Hits checked: 0 (Strip: 0, Pixel: 0)
1) Innermost:      0 (0)
Mean h_dr_inner:   0 cm
Mean h_dr_inner_reco: 0 cm (raw RECO distance)
Mean Pixel dx/dy:  0 / 0 cm
2) Impact Point:   0 (0)
3) Outermost:      0 (0)
4) Outermost Pixel:0 (0)
5) Closest Hit:    0 (0)
1 OR 2:            0 (0)
1 OR 3:            0 (0)
2 OR 3:            0 (0)
1 OR 2 OR 3:       0 (0)
-------------------------------------------

%MSG-i Root_Information:  TrackPropAnalyzer:trackPropAnalyzer@endJob  TCanvas::Print() 09-Feb-2026 14:36:53 CET EndJob
png file dr_comparison.png has been created
%MSG
%MSG-i Root_Information:  TrackPropAnalyzer:trackPropAnalyzer@endJob  TCanvas::Print() 09-Feb-2026 14:36:53 CET EndJob
png file dr_outermost.png has been created
%MSG
